{
  "type": "FeatureCollection",
  "features": [
    {
      "type": "Feature",
      "properties": {
        "name": "Swormville Fire Protection District"
      },
      "geometry": {
        "type": "Polygon",
        "coordinates": [
          [
            [
              -78.69035731889761,
              43.088285874804164
            ],
            [
              -78.69053428337851,
              43.08833148928685
            ],
            [
              -78.69067474058714,
              43.08837285733671
            ],
            [
              -78.69078452487389,
              43.08840670861651
            ],
            [
              -78.69090109956794,
              43.088438153498196
            ],
            [
              -78.69101533196337,
              43.088467376992796
            ],
            [
              -78.69112954817939,
              43.08848801256434
            ],
            [
              -78.69124468411508,
              43.08849938598737
            ],
            [
              -78.6913544168212,
              43.08850357726858
            ],
            [
              -78.69148027980067,
              43.088494541095265
            ],
            [
              -78.69162041203951,
              43.08847845268656
            ],
            [
              -78.69175326063791,
              43.08844969541486
            ],
            [
              -78.69187765087288,
              43.08840173953238
            ],
            [
              -78.69216030348136,
              43.08827241066095
            ],
            [
              -78.69219354321918,
              43.08827898464827
            ],
            [
              -78.69236023060147,
              43.088206458683736
            ],
            [
              -78.69253368461543,
              43.08811917818513
            ],
            [
              -78.6927377762065,
              43.08801969844952
            ],
            [
              -78.69290093711187,
              43.08793329141545
            ],
            [
              -78.6930416487103,
              43.08785461581052
            ],
            [
              -78.69319498494718,
              43.087770605080756
            ],
            [
              -78.69333336312107,
              43.087695868792
            ],
            [
              -78.69342593439114,
              43.087649478428915
            ],
            [
              -78.69345634430583,
              43.08764585470463
            ],
            [
              -78.69350941168662,
              43.08762625416879
            ],
            [
              -78.69357648319068,
              43.087587597470225
            ],
            [
              -78.69365873659461,
              43.08752921280584
            ],
            [
              -78.69374332647503,
              43.08746911096297
            ],
            [
              -78.69382186807995,
              43.087428564352805
            ],
            [
              -78.69389479738685,
              43.08738975147843
            ],
            [
              -78.69398267665764,
              43.08733754815902
            ],
            [
              -78.69406074381757,
              43.087293572113616
            ],
            [
              -78.6943169155245,
              43.08714927532479
            ],
            [
              -78.69457542136573,
              43.08700188893361
            ],
            [
              -78.69487323213889,
              43.08685480662366
            ],
            [
              -78.69517011245476,
              43.08671081030082
            ],
            [
              -78.6953417115065,
              43.086637246255435
            ],
            [
              -78.69584393533455,
              43.08645051925671
            ],
            [
              -78.696180170101,
              43.08633494836118
            ],
            [
              -78.69689893510457,
              43.08618608108396
            ],
            [
              -78.69691103711342,
              43.0861838708054
            ],
            [
              -78.69691158626277,
              43.0863228922421
            ],
            [
              -78.69719421947514,
              43.08632261137392
            ],
            [
              -78.69738985650405,
              43.08634436682016
            ],
            [
              -78.69759909112385,
              43.086380170246905
            ],
            [
              -78.69762296405591,
              43.08638460505526
            ],
            [
              -78.6978256683542,
              43.08643207567027
            ],
            [
              -78.698058864263,
              43.086519987070474
            ],
            [
              -78.69826960114138,
              43.086607919653645
            ],
            [
              -78.69872103253142,
              43.08678924101513
            ],
            [
              -78.69889566720231,
              43.08683845289592
            ],
            [
              -78.69891626742098,
              43.08684426263075
            ],
            [
              -78.69911942537196,
              43.08688281319525
            ],
            [
              -78.69925468014256,
              43.08689365139662
            ],
            [
              -78.69942782881465,
              43.08689896343363
            ],
            [
              -78.69966086198487,
              43.08689872678197
            ],
            [
              -78.69982601293368,
              43.08688209607821
            ],
            [
              -78.6999770775012,
              43.08684009949767
            ],
            [
              -78.70000607466348,
              43.08683218155929
            ],
            [
              -78.70026148565432,
              43.08678767735712
            ],
            [
              -78.70049444518722,
              43.0867490261134
            ],
            [
              -78.70055994131593,
              43.08674107066
            ],
            [
              -78.70081771742538,
              43.08671028171085
            ],
            [
              -78.70114850590016,
              43.0866876483855
            ],
            [
              -78.70129495281212,
              43.08667789427545
            ],
            [
              -78.7014788280803,
              43.08666535755828
            ],
            [
              -78.70180216147415,
              43.08665953571462
            ],
            [
              -78.70186017630931,
              43.08665467401832
            ],
            [
              -78.7021254536173,
              43.08663176273131
            ],
            [
              -78.70239589937682,
              43.08662050653227
            ],
            [
              -78.70263640902006,
              43.086614768475116
            ],
            [
              -78.70279412473762,
              43.08662557907482
            ],
            [
              -78.70292191395372,
              43.08664739586993
            ],
            [
              -78.7029804299994,
              43.08665968172944
            ],
            [
              -78.70310261336206,
              43.0866856198591
            ],
            [
              -78.7032309015183,
              43.08672321254223
            ],
            [
              -78.70329036360981,
              43.086740641846035
            ],
            [
              -78.70350854084114,
              43.08680111914199
            ],
            [
              -78.70360685396997,
              43.08682468098721
            ],
            [
              -78.70366677883266,
              43.08683936582519
            ],
            [
              -78.70389192260082,
              43.08687205425539
            ],
            [
              -78.7040454708559,
              43.0869048177881
            ],
            [
              -78.70407262271493,
              43.08691061968334
            ],
            [
              -78.70411381339738,
              43.086916749728516
            ],
            [
              -78.70440355344898,
              43.0869596590428
            ],
            [
              -78.70457625047825,
              43.086973538090824
            ],
            [
              -78.70467406588769,
              43.08698166576395
            ],
            [
              -78.70495954225278,
              43.08699782540237
            ],
            [
              -78.70523611717807,
              43.087009192190294
            ],
            [
              -78.705673716293,
              43.08704645221604
            ],
            [
              -78.7057752631787,
              43.0870484014458
            ],
            [
              -78.70595168375307,
              43.08705198524596
            ],
            [
              -78.70624509379724,
              43.08705715804219
            ],
            [
              -78.70646316444666,
              43.087062411175225
            ],
            [
              -78.70649966164429,
              43.08706134298005
            ],
            [
              -78.70684358027317,
              43.08705205500509
            ],
            [
              -78.70687633394473,
              43.08705099073017
            ],
            [
              -78.70699048349516,
              43.08703714852057
            ],
            [
              -78.7070639326632,
              43.08702849480499
            ],
            [
              -78.70719303060424,
              43.08700194623132
            ],
            [
              -78.70725196668884,
              43.08698987837332
            ],
            [
              -78.70729078346682,
              43.08697886119911
            ],
            [
              -78.70738712275114,
              43.086950975994725
            ],
            [
              -78.70755219533183,
              43.086895920357726
            ],
            [
              -78.70758772118063,
              43.08687736125039
            ],
            [
              -78.70768027643325,
              43.08682958747723
            ],
            [
              -78.70772605518566,
              43.08679043880904
            ],
            [
              -78.70776996421515,
              43.08675232107422
            ],
            [
              -78.70786009747628,
              43.0866640789809
            ],
            [
              -78.70789598331885,
              43.086592358578464
            ],
            [
              -78.7079122943428,
              43.08655941541938
            ],
            [
              -78.70796541786012,
              43.086450291274275
            ],
            [
              -78.70799622281848,
              43.0861806809686
            ],
            [
              -78.7080017343764,
              43.086129571990874
            ],
            [
              -78.70801784054919,
              43.0859951081343
            ],
            [
              -78.70802381652535,
              43.08594228378288
            ],
            [
              -78.70802330245544,
              43.08568882729884
            ],
            [
              -78.70803021077612,
              43.085634287063314
            ],
            [
              -78.70803849851863,
              43.085567741268264
            ],
            [
              -78.70804570567205,
              43.085429857361724
            ],
            [
              -78.70804537032521,
              43.08526454472945
            ],
            [
              -78.7080599751562,
              43.08508275220341
            ],
            [
              -78.70806713837037,
              43.084923261929795
            ],
            [
              -78.70806944249587,
              43.084905767792684
            ],
            [
              -78.70811369829762,
              43.08457817937129
            ],
            [
              -78.708148519371,
              43.084443695951684
            ],
            [
              -78.70817871055888,
              43.08433356865859
            ],
            [
              -78.70822475649139,
              43.08419667125163
            ],
            [
              -78.70825313011196,
              43.084113297819556
            ],
            [
              -78.70828106640869,
              43.08404501567326
            ],
            [
              -78.70832064196776,
              43.083947911066375
            ],
            [
              -78.70834161099471,
              43.08390501652312
            ],
            [
              -78.7083802882085,
              43.08382643342285
            ],
            [
              -78.70847037163446,
              43.08371623967891
            ],
            [
              -78.70850345525382,
              43.08364829481794
            ],
            [
              -78.70854539142293,
              43.08356181971168
            ],
            [
              -78.70865402548102,
              43.08336997881182
            ],
            [
              -78.70881508170874,
              43.083186996733765
            ],
            [
              -78.70882862308727,
              43.08317326295824
            ],
            [
              -78.70891267238045,
              43.083087770438674
            ],
            [
              -78.70905513703732,
              43.08296654448505
            ],
            [
              -78.70918257124052,
              43.08281755315487
            ],
            [
              -78.70927265298315,
              43.08270735966238
            ],
            [
              -78.70937780738812,
              43.082646537635114
            ],
            [
              -78.70949795777256,
              43.082597017093796
            ],
            [
              -78.70964801934451,
              43.08253065772722
            ],
            [
              -78.7097457444309,
              43.082497967362386
            ],
            [
              -78.70981307610249,
              43.08247525673293
            ],
            [
              -78.70989351238431,
              43.082453560491075
            ],
            [
              -78.70995570901705,
              43.08243668600092
            ],
            [
              -78.7099837754828,
              43.082432882236844
            ],
            [
              -78.71035705581369,
              43.08238067864972
            ],
            [
              -78.71052874925121,
              43.08236676901251
            ],
            [
              -78.7105582214885,
              43.082363992464586
            ],
            [
              -78.71072986243898,
              43.082325388513354
            ],
            [
              -78.71086501813777,
              43.08229231254225
            ],
            [
              -78.71090992400039,
              43.082286088970754
            ],
            [
              -78.71098523498718,
              43.08227571579049
            ],
            [
              -78.71117283097081,
              43.0822590436608
            ],
            [
              -78.711331004889,
              43.08226984199293
            ],
            [
              -78.711350666798,
              43.082274621623995
            ],
            [
              -78.71148876814932,
              43.08230807842268
            ],
            [
              -78.71172191180514,
              43.08236852334594
            ],
            [
              -78.71173970359474,
              43.08237399095463
            ],
            [
              -78.7119850464682,
              43.08245088526538
            ],
            [
              -78.71202624212265,
              43.082460442194005
            ],
            [
              -78.71219570678717,
              43.082500036380615
            ],
            [
              -78.7124064039501,
              43.082565992752265
            ],
            [
              -78.712459794808,
              43.08258959766948
            ],
            [
              -78.7125188056142,
              43.08261559702978
            ],
            [
              -78.71263923110017,
              43.082698117555566
            ],
            [
              -78.71273480156076,
              43.08275391415402
            ],
            [
              -78.71275213503041,
              43.082763840774426
            ],
            [
              -78.71297034334346,
              43.08284076275107
            ],
            [
              -78.71313612215909,
              43.08290676955162
            ],
            [
              -78.71322321308716,
              43.08293513750486
            ],
            [
              -78.71333886605792,
              43.08297273322236
            ],
            [
              -78.71353461623389,
              43.08304967963161
            ],
            [
              -78.7136376149919,
              43.08307734322177
            ],
            [
              -78.71379773221396,
              43.08312071837925
            ],
            [
              -78.71391242238549,
              43.08314528163368
            ],
            [
              -78.7139779595633,
              43.08315926873131
            ],
            [
              -78.7141361596302,
              43.083181038294924
            ],
            [
              -78.71429015131044,
              43.08320349840207
            ],
            [
              -78.71432385103927,
              43.08320826145606
            ],
            [
              -78.71438796563994,
              43.08321333264526
            ],
            [
              -78.71446658764998,
              43.08321941609462
            ],
            [
              -78.71456952195453,
              43.083216554308976
            ],
            [
              -78.71469210772713,
              43.08321332690164
            ],
            [
              -78.71480769587053,
              43.0832193676777
            ],
            [
              -78.71490269257247,
              43.08322440309394
            ],
            [
              -78.71506037819282,
              43.083224221689754
            ],
            [
              -78.71513989860354,
              43.083212812011915
            ],
            [
              -78.71521848390095,
              43.083201746329635
            ],
            [
              -78.71537611176294,
              43.08317412670519
            ],
            [
              -78.71539575217336,
              43.08316861647074
            ],
            [
              -78.71551874156268,
              43.08313554904809
            ],
            [
              -78.7157291581469,
              43.08306911198175
            ],
            [
              -78.71586562260896,
              43.08299247100401
            ],
            [
              -78.7158866533318,
              43.08298078555809
            ],
            [
              -78.7162693113171,
              43.082721396034636
            ],
            [
              -78.71646454995509,
              43.082561343563945
            ],
            [
              -78.71663684963117,
              43.08239582900796
            ],
            [
              -78.71676426500815,
              43.0822471731186
            ],
            [
              -78.7168137479962,
              43.082194297537704
            ],
            [
              -78.71692951940815,
              43.08207069208506
            ],
            [
              -78.71706537648835,
              43.0819316283468
            ],
            [
              -78.71722926480027,
              43.08177264010216
            ],
            [
              -78.71737918439547,
              43.081645907466324
            ],
            [
              -78.71749603162199,
              43.081587465085185
            ],
            [
              -78.71754463979316,
              43.081563056987136
            ],
            [
              -78.71762548038107,
              43.08151460292046
            ],
            [
              -78.71766473275702,
              43.08149123376948
            ],
            [
              -78.71784798138397,
              43.08141419250678
            ],
            [
              -78.71792745088354,
              43.08138083066043
            ],
            [
              -78.71819017887317,
              43.08127591450679
            ],
            [
              -78.71826779449295,
              43.0812507859663
            ],
            [
              -78.71855067218283,
              43.08115956415267
            ],
            [
              -78.71871853967482,
              43.08111100644654
            ],
            [
              -78.71879849887097,
              43.08108793261245
            ],
            [
              -78.71895376160211,
              43.08105242246548
            ],
            [
              -78.71901642750854,
              43.081037942403924
            ],
            [
              -78.71911420628408,
              43.08103233885645
            ],
            [
              -78.71918164351139,
              43.08105969758266
            ],
            [
              -78.71933242728679,
              43.08111473718233
            ],
            [
              -78.71949016822622,
              43.0811419874707
            ],
            [
              -78.7195622482058,
              43.081152876831034
            ],
            [
              -78.71967037021143,
              43.081169553757235
            ],
            [
              -78.71984352758672,
              43.08118581004585
            ],
            [
              -78.71990579408755,
              43.081202198468
            ],
            [
              -78.72000879183821,
              43.08122951336071
            ],
            [
              -78.72020453133344,
              43.081300960824414
            ],
            [
              -78.72033992619876,
              43.081377967787006
            ],
            [
              -78.72040880320667,
              43.08142109993378
            ],
            [
              -78.72049782816319,
              43.08147689790092
            ],
            [
              -78.72059579079426,
              43.08155395031927
            ],
            [
              -78.7206145441977,
              43.0815707335123
            ],
            [
              -78.72070127681042,
              43.081647455436986
            ],
            [
              -78.7207842794871,
              43.08173001231993
            ],
            [
              -78.72083691804032,
              43.08183455591675
            ],
            [
              -78.72085758845257,
              43.081871572185726
            ],
            [
              -78.7209275814694,
              43.081994273361516
            ],
            [
              -78.72096798212745,
              43.08206624915218
            ],
            [
              -78.72103327843995,
              43.082181409597176
            ],
            [
              -78.72108878054664,
              43.08231064369405
            ],
            [
              -78.72113118235254,
              43.08244023740993
            ],
            [
              -78.72117924455999,
              43.082590058806204
            ],
            [
              -78.72118442611735,
              43.0826054863575
            ],
            [
              -78.72120935121659,
              43.08266170393025
            ],
            [
              -78.72125214987568,
              43.082759399710426
            ],
            [
              -78.72133542731201,
              43.08296336924439
            ],
            [
              -78.72134767067172,
              43.08299799476756
            ],
            [
              -78.72139617094872,
              43.083134096603814
            ],
            [
              -78.7214628251584,
              43.083227990808936
            ],
            [
              -78.72150882753547,
              43.08329344314156
            ],
            [
              -78.72154084788635,
              43.083382921361675
            ],
            [
              -78.72155450134782,
              43.08342028894211
            ],
            [
              -78.72161601447901,
              43.08351659007463
            ],
            [
              -78.72165264201156,
              43.08357450826555
            ],
            [
              -78.72175031448268,
              43.083728385093785
            ],
            [
              -78.72187095313573,
              43.083899040615414
            ],
            [
              -78.72199330787187,
              43.0840004124609
            ],
            [
              -78.7220369060431,
              43.084036714772736
            ],
            [
              -78.72217994461016,
              43.08417956108691
            ],
            [
              -78.72236832180499,
              43.08430074573917
            ],
            [
              -78.7224123526393,
              43.08432127061898
            ],
            [
              -78.72251118661191,
              43.0843667658765
            ],
            [
              -78.72260392069447,
              43.08440472306469
            ],
            [
              -78.72269899604119,
              43.0844433632723
            ],
            [
              -78.72282454585043,
              43.084507689237284
            ],
            [
              -78.72286249013798,
              43.08452650649687
            ],
            [
              -78.72300020731969,
              43.084591846351096
            ],
            [
              -78.72304664754157,
              43.08464289264683
            ],
            [
              -78.72309027330051,
              43.08469085650326
            ],
            [
              -78.72322437726817,
              43.08481313402371
            ],
            [
              -78.72327126702973,
              43.084855948323735
            ],
            [
              -78.72339181255393,
              43.084982357899946
            ],
            [
              -78.72350811631603,
              43.085095740467494
            ],
            [
              -78.72352734421273,
              43.08511458042937
            ],
            [
              -78.72358220243113,
              43.08516321537859
            ],
            [
              -78.72366285061833,
              43.08523548381637
            ],
            [
              -78.7238362854221,
              43.08536765858732
            ],
            [
              -78.72403964126855,
              43.085487449277885
            ],
            [
              -78.72417449535915,
              43.08552706825287
            ],
            [
              -78.72428501110466,
              43.08556397416551
            ],
            [
              -78.72435525372406,
              43.08558720978827
            ],
            [
              -78.72437772369372,
              43.085591297771465
            ],
            [
              -78.72451300913926,
              43.08561479608443
            ],
            [
              -78.72469370622824,
              43.085647498420435
            ],
            [
              -78.72472132976199,
              43.08565432375376
            ],
            [
              -78.72489643361106,
              43.085696978896515
            ],
            [
              -78.72507854240061,
              43.08573345158077
            ],
            [
              -78.72516749080047,
              43.085751518937876
            ],
            [
              -78.72536740146485,
              43.085796200447945
            ],
            [
              -78.72543809524537,
              43.08581188943949
            ],
            [
              -78.72557340300399,
              43.08584464674049
            ],
            [
              -78.72591190901836,
              43.08592688197029
            ],
            [
              -78.72608463897522,
              43.085954104466644
            ],
            [
              -78.72625786332992,
              43.085992645092794
            ],
            [
              -78.72629532809353,
              43.08600563126736
            ],
            [
              -78.72644565886054,
              43.08605860417156
            ],
            [
              -78.72651544531169,
              43.08608629768509
            ],
            [
              -78.72662644658118,
              43.08612971631098
            ],
            [
              -78.72677952187934,
              43.08615593344803
            ],
            [
              -78.72686939684124,
              43.08616953967084
            ],
            [
              -78.72731776370621,
              43.086206017482056
            ],
            [
              -78.7273870361712,
              43.08621381867868
            ],
            [
              -78.72751341169172,
              43.08622806438759
            ],
            [
              -78.72765195029677,
              43.0862409227263
            ],
            [
              -78.72764623527227,
              43.08619840128748
            ],
            [
              -78.72762722818162,
              43.08607495499079
            ],
            [
              -78.72762104847884,
              43.08603380602722
            ],
            [
              -78.72757722629669,
              43.08570460631778
            ],
            [
              -78.72757104666526,
              43.08566345734877
            ],
            [
              -78.72756486704219,
              43.08562230837909
            ],
            [
              -78.72755962328253,
              43.08558115822931
            ],
            [
              -78.72755437952787,
              43.085540007178764
            ],
            [
              -78.72755007163623,
              43.08549885584846
            ],
            [
              -78.72754332757565,
              43.085416550827745
            ],
            [
              -78.72754042347823,
              43.08537539772712
            ],
            [
              -78.7275384552361,
              43.085334243446816
            ],
            [
              -78.72753695492197,
              43.08529308857652
            ],
            [
              -78.72753535807425,
              43.08521077706606
            ],
            [
              -78.7275352615387,
              43.08516962042589
            ],
            [
              -78.72753940660368,
              43.08494188021504
            ],
            [
              -78.72753764645641,
              43.08478994537881
            ],
            [
              -78.7275374533853,
              43.08470763209217
            ],
            [
              -78.72753772823314,
              43.08462531731445
            ],
            [
              -78.72753847100235,
              43.08454300284611
            ],
            [
              -78.72753874585078,
              43.084460688966224
            ],
            [
              -78.72753902069881,
              43.08437837508517
            ],
            [
              -78.72753976346415,
              43.084296060613276
            ],
            [
              -78.72754050622783,
              43.08421374614016
            ],
            [
              -78.72754124898768,
              43.0841314307657
            ],
            [
              -78.72754199174793,
              43.08404911629022
            ],
            [
              -78.72754273450651,
              43.08396680181357
            ],
            [
              -78.7275434772634,
              43.08388448733572
            ],
            [
              -78.72754422001859,
              43.083802172856686
            ],
            [
              -78.72754496276998,
              43.08371985747625
            ],
            [
              -78.72754570552178,
              43.08363754299483
            ],
            [
              -78.72754691618402,
              43.08355522792255
            ],
            [
              -78.72754765893183,
              43.08347291343874
            ],
            [
              -78.72754840167794,
              43.08339059895374
            ],
            [
              -78.7275486765121,
              43.083308285057235
            ],
            [
              -78.72754801552448,
              43.08322597143869
            ],
            [
              -78.72754735454103,
              43.08314365871914
            ],
            [
              -78.72754716146802,
              43.08306134540873
            ],
            [
              -78.72754696839584,
              43.082979032097136
            ],
            [
              -78.72754724323157,
              43.08289671819472
            ],
            [
              -78.72754798597123,
              43.08281440280121
            ],
            [
              -78.72754872871131,
              43.08273208830671
            ],
            [
              -78.7275494714497,
              43.08264977381102
            ],
            [
              -78.72755021418641,
              43.08256745931416
            ],
            [
              -78.72755002111346,
              43.08248514599545
            ],
            [
              -78.7275498280413,
              43.08240283267555
            ],
            [
              -78.72754963496787,
              43.08232051845428
            ],
            [
              -78.72754990979948,
              43.08223820454233
            ],
            [
              -78.7275501846306,
              43.082155890629195
            ],
            [
              -78.72755045946133,
              43.08207357671486
            ],
            [
              -78.72755120219182,
              43.08199126220969
            ],
            [
              -78.7275519449185,
              43.08190894680311
            ],
            [
              -78.72755268764561,
              43.08182663229556
            ],
            [
              -78.72755343037103,
              43.081744317786814
            ],
            [
              -78.72755417309476,
              43.081662003276854
            ],
            [
              -78.7275549158168,
              43.081579688765736
            ],
            [
              -78.72755565853714,
              43.081497374253395
            ],
            [
              -78.72755593335783,
              43.08141505942936
            ],
            [
              -78.72755667607542,
              43.08133274491466
            ],
            [
              -78.7275578866859,
              43.081250429809074
            ],
            [
              -78.72755862939947,
              43.081168115291995
            ],
            [
              -78.72755937211136,
              43.081085800773714
            ],
            [
              -78.72756011481943,
              43.08100348535406
            ],
            [
              -78.72756085752792,
              43.0809211708334
            ],
            [
              -78.72756206812618,
              43.08083885572187
            ],
            [
              -78.72756234293985,
              43.08075654178852
            ],
            [
              -78.72756214986286,
              43.08067422844372
            ],
            [
              -78.72756289256586,
              43.08059191391829
            ],
            [
              -78.72756363526501,
              43.08050959849151
            ],
            [
              -78.7275639100763,
              43.08042728455343
            ],
            [
              -78.72756512066253,
              43.080344969434734
            ],
            [
              -78.72756633124582,
              43.08026265431485
            ],
            [
              -78.72756800971261,
              43.08018033860404
            ],
            [
              -78.72756875240144,
              43.080098023171274
            ],
            [
              -78.7275694950907,
              43.08001570863756
            ],
            [
              -78.72757023777828,
              43.0799333941026
            ],
            [
              -78.72757098046414,
              43.07985107956648
            ],
            [
              -78.72757199794603,
              43.07968645018017
            ],
            [
              -78.72757274062747,
              43.07960413564048
            ],
            [
              -78.7275734833072,
              43.07952182109958
            ],
            [
              -78.72757422598522,
              43.079439506557506
            ],
            [
              -78.72757450078142,
              43.07935719260397
            ],
            [
              -78.72757551824927,
              43.07919256320344
            ],
            [
              -78.72757579304348,
              43.079110249246355
            ],
            [
              -78.72757653571497,
              43.07902793469832
            ],
            [
              -78.72757774626179,
              43.07894561955936
            ],
            [
              -78.72757942468208,
              43.078863303829436
            ],
            [
              -78.72758063522026,
              43.078780987787916
            ],
            [
              -78.72758137788246,
              43.078698673235124
            ],
            [
              -78.72758212054296,
              43.07861635868113
            ],
            [
              -78.72758286320177,
              43.07853404412596
            ],
            [
              -78.72758267011231,
              43.078451730749116
            ],
            [
              -78.72758294489634,
              43.078369416781335
            ],
            [
              -78.72758275180578,
              43.078287102501925
            ],
            [
              -78.72758302658954,
              43.07820478853181
            ],
            [
              -78.72758376924364,
              43.07812247397068
            ],
            [
              -78.7275840440259,
              43.07804015999814
            ],
            [
              -78.72758572241632,
              43.07795784425513
            ],
            [
              -78.72758693293153,
              43.07787552820046
            ],
            [
              -78.72758767557761,
              43.077793213634585
            ],
            [
              -78.72758888608968,
              43.07771089847774
            ],
            [
              -78.72758962873176,
              43.07762858390949
            ],
            [
              -78.72758990350574,
              43.0775462699298
            ],
            [
              -78.72759017827931,
              43.077463955948964
            ],
            [
              -78.72759092091545,
              43.07738164047695
            ],
            [
              -78.7275924061869,
              43.07721701132972
            ],
            [
              -78.72759314882009,
              43.07713469675434
            ],
            [
              -78.72759389145159,
              43.07705238217776
            ],
            [
              -78.72759369835525,
              43.07697006787939
            ],
            [
              -78.7275939731232,
              43.07688775389021
            ],
            [
              -78.72759405479772,
              43.076723126498116
            ],
            [
              -78.727594329565,
              43.07664081250539
            ],
            [
              -78.72759413647296,
              43.07655849910124
            ],
            [
              -78.72759375028922,
              43.07639387138924
            ],
            [
              -78.72759355719961,
              43.07631155798153
            ],
            [
              -78.72759336411085,
              43.076229244572666
            ],
            [
              -78.7275937032414,
              43.07617436837627
            ],
            [
              -78.72759357451595,
              43.076119492769166
            ],
            [
              -78.72759467358082,
              43.07579023585611
            ],
            [
              -78.72759501270885,
              43.0757353596555
            ],
            [
              -78.72759535183638,
              43.075680483454384
            ],
            [
              -78.72759569096137,
              43.075625606352546
            ],
            [
              -78.72759603008797,
              43.07557073015038
            ],
            [
              -78.7275977257139,
              43.0752963491316
            ],
            [
              -78.72759806483768,
              43.07524147292623
            ],
            [
              -78.72759840395882,
              43.07518659582017
            ],
            [
              -78.72759874308164,
              43.075131719613786
            ],
            [
              -78.7275986143564,
              43.075076843996655
            ],
            [
              -78.72759895347868,
              43.07502196778917
            ],
            [
              -78.72759882475371,
              43.074967092170986
            ],
            [
              -78.72759890642652,
              43.074802464723454
            ],
            [
              -78.7275992455477,
              43.07474758851336
            ],
            [
              -78.72759911682161,
              43.07469271199234
            ],
            [
              -78.72759852025371,
              43.07463783696076
            ],
            [
              -78.727597923687,
              43.07458296192868
            ],
            [
              -78.72759732712149,
              43.07452808689602
            ],
            [
              -78.72759673055718,
              43.074473211862845
            ],
            [
              -78.72759566615144,
              43.07441833741892
            ],
            [
              -78.72759413390558,
              43.074363463564225
            ],
            [
              -78.7275921338208,
              43.07430859029871
            ],
            [
              -78.72758966670074,
              43.07425405969487
            ],
            [
              -78.72758626310095,
              43.0741991881974
            ],
            [
              -78.72758285950738,
              43.074144316699325
            ],
            [
              -78.72757805239972,
              43.07408944696969
            ],
            [
              -78.72757324530073,
              43.07403457723935
            ],
            [
              -78.72756797117553,
              43.07398005107059
            ],
            [
              -78.72756222841666,
              43.07392518251796
            ],
            [
              -78.72755555079557,
              43.07387065811644
            ],
            [
              -78.72754887318433,
              43.073816132813754
            ],
            [
              -78.72754125910778,
              43.07376126661677
            ],
            [
              -78.72753364584908,
              43.07370674339141
            ],
            [
              -78.72752509693044,
              43.073652221343956
            ],
            [
              -78.72751608019071,
              43.07359769988475
            ],
            [
              -78.72750659643515,
              43.073543521986394
            ],
            [
              -78.72749711189249,
              43.073489001114034
            ],
            [
              -78.72748669169651,
              43.07343448141894
            ],
            [
              -78.72747674015557,
              43.073380303205624
            ],
            [
              -78.72746631999634,
              43.07332578350759
            ],
            [
              -78.72745590065938,
              43.07327160678079
            ],
            [
              -78.7274454805373,
              43.073217087079776
            ],
            [
              -78.72743552907042,
              43.0731629097609
            ],
            [
              -78.72740707666443,
              43.07299969008338
            ],
            [
              -78.72739238268518,
              43.072918079928854
            ],
            [
              -78.7273781565779,
              43.07283647008256
            ],
            [
              -78.72736346267871,
              43.07275486082209
            ],
            [
              -78.72734876881877,
              43.072673251558506
            ],
            [
              -78.72733407499815,
              43.0725916422918
            ],
            [
              -78.7273189133887,
              43.072510033610605
            ],
            [
              -78.7273042196451,
              43.07242842343743
            ],
            [
              -78.72728905891881,
              43.07234715772261
            ],
            [
              -78.72727342960398,
              43.07226554962021
            ],
            [
              -78.7272582681565,
              43.07218394092608
            ],
            [
              -78.72724310674954,
              43.072102332228724
            ],
            [
              -78.72722841320541,
              43.07202072203971
            ],
            [
              -78.7272127840551,
              43.07193911392413
            ],
            [
              -78.72719762276972,
              43.071857505217054
            ],
            [
              -78.72718246232695,
              43.071776239479576
            ],
            [
              -78.72716683330061,
              43.07169463135402
            ],
            [
              -78.72715213995858,
              43.07161302204928
            ],
            [
              -78.7271365110124,
              43.07153141301695
            ],
            [
              -78.72712041509183,
              43.07145014844208
            ],
            [
              -78.72710525405122,
              43.071368539715436
            ],
            [
              -78.72708915741354,
              43.071286932160895
            ],
            [
              -78.72707352863702,
              43.071205324015246
            ],
            [
              -78.72705790070158,
              43.0711240579389
            ],
            [
              -78.72704273982545,
              43.07104244919906
            ],
            [
              -78.72702757898979,
              43.070960840456
            ],
            [
              -78.72701241819466,
              43.0708792317097
            ],
            [
              -78.7269977240273,
              43.07079762237442
            ],
            [
              -78.72698209629908,
              43.07071635718182
            ],
            [
              -78.72696693562331,
              43.070634747525624
            ],
            [
              -78.72695130717693,
              43.07055313935349
            ],
            [
              -78.72691958339811,
              43.07039026655896
            ],
            [
              -78.72690395507753,
              43.07030865837668
            ],
            [
              -78.72688739197557,
              43.07022739343745
            ],
            [
              -78.72687223154975,
              43.07014578466154
            ],
            [
              -78.72685613554546,
              43.07006417705581
            ],
            [
              -78.72684050739308,
              43.06998256885996
            ],
            [
              -78.72682488008246,
              43.06990130363368
            ],
            [
              -78.7268087842058,
              43.0698196960176
            ],
            [
              -78.72679315617708,
              43.06973808691141
            ],
            [
              -78.726777528992,
              43.069656821675004
            ],
            [
              -78.7267619010488,
              43.06957521346228
            ],
            [
              -78.72674580534219,
              43.06949360583245
            ],
            [
              -78.72672971047805,
              43.069412341172075
            ],
            [
              -78.72671361485523,
              43.069330732635066
            ],
            [
              -78.72669752007681,
              43.06924946796774
            ],
            [
              -78.72668142454197,
              43.06916786032394
            ],
            [
              -78.7266653290501,
              43.06908625267666
            ],
            [
              -78.72664876659886,
              43.06900498858469
            ],
            [
              -78.72663267119351,
              43.06892338093035
            ],
            [
              -78.72661610882771,
              43.06884211593103
            ],
            [
              -78.72660001350887,
              43.068760508269676
            ],
            [
              -78.72658391903171,
              43.0686792435778
            ],
            [
              -78.72656782379875,
              43.06859763590941
            ],
            [
              -78.72655219720502,
              43.068516370625126
            ],
            [
              -78.72653563425813,
              43.06843476263505
            ],
            [
              -78.7265209425435,
              43.06835315320027
            ],
            [
              -78.72650578307231,
              43.06827154434765
            ],
            [
              -78.72649109143684,
              43.06818993490659
            ],
            [
              -78.72647546504948,
              43.06810866960573
            ],
            [
              -78.72645890231765,
              43.06802706249857
            ],
            [
              -78.72644234042582,
              43.06794579746066
            ],
            [
              -78.7264271811607,
              43.0678641885915
            ],
            [
              -78.72641108635175,
              43.06778258088884
            ],
            [
              -78.72639545937731,
              43.067700972597855
            ],
            [
              -78.72638029980529,
              43.06761970669341
            ],
            [
              -78.72636514070395,
              43.06753809781113
            ],
            [
              -78.72634998164102,
              43.06745648802544
            ],
            [
              -78.72633482262069,
              43.067374879136686
            ],
            [
              -78.72631966364085,
              43.06729327024471
            ],
            [
              -78.72630356992298,
              43.0672120054914
            ],
            [
              -78.72628794323812,
              43.06713039717717
            ],
            [
              -78.72627231659287,
              43.0670487879594
            ],
            [
              -78.72625668999152,
              43.06696717963845
            ],
            [
              -78.72624106422856,
              43.06688591428729
            ],
            [
              -78.72622590549531,
              43.06680430537552
            ],
            [
              -78.72621027901843,
              43.06672269704456
            ],
            [
              -78.7261951203668,
              43.0666410881263
            ],
            [
              -78.72616433619697,
              43.0664782129368
            ],
            [
              -78.72614870988573,
              43.06639660459255
            ],
            [
              -78.72613308361622,
              43.06631499624492
            ],
            [
              -78.7261174581845,
              43.06623373086709
            ],
            [
              -78.72610136421655,
              43.06615212219612
            ],
            [
              -78.72608573807281,
              43.066070513838355
            ],
            [
              -78.72606964498803,
              43.06598924903384
            ],
            [
              -78.7260535511504,
              43.06590764125268
            ],
            [
              -78.72603792513301,
              43.0658260328847
            ],
            [
              -78.72602229995286,
              43.06574476748655
            ],
            [
              -78.72600667401677,
              43.065663158211656
            ],
            [
              -78.72597684070766,
              43.06550645619397
            ],
            [
              -78.72596168266958,
              43.06542484722651
            ],
            [
              -78.7259460576934,
              43.065343581811966
            ],
            [
              -78.72593136750775,
              43.06526197135488
            ],
            [
              -78.72591620959108,
              43.06518036237772
            ],
            [
              -78.72590151948664,
              43.065098752814556
            ],
            [
              -78.72588636165034,
              43.06501714383098
            ],
            [
              -78.72587167162504,
              43.064935534261544
            ],
            [
              -78.72585651386912,
              43.06485392527156
            ],
            [
              -78.72584135615158,
              43.06477231537816
            ],
            [
              -78.72582573150231,
              43.0646910499374
            ],
            [
              -78.72581010610035,
              43.06460944152005
            ],
            [
              -78.72579448074012,
              43.06452783309931
            ],
            [
              -78.72577885542162,
              43.064446224675216
            ],
            [
              -78.72576322970903,
              43.06436495832237
            ],
            [
              -78.72574713670838,
              43.06428335047369
            ],
            [
              -78.72573151151559,
              43.064201742039444
            ],
            [
              -78.72571541939398,
              43.06412047715714
            ],
            [
              -78.72569932652151,
              43.06403886929803
            ],
            [
              -78.72568323448554,
              43.06395760440873
            ],
            [
              -78.72566714169685,
              43.06387599564244
            ],
            [
              -78.72565104895321,
              43.06379438777289
            ],
            [
              -78.72563542480704,
              43.0637131222915
            ],
            [
              -78.7256193321486,
              43.06363151441501
            ],
            [
              -78.72560324032628,
              43.06355024950836
            ],
            [
              -78.72558714775163,
              43.06346864072469
            ],
            [
              -78.72557152298079,
              43.06338703225638
            ],
            [
              -78.72554027435704,
              43.063224158282985
            ],
            [
              -78.72552511746822,
              43.0631425492234
            ],
            [
              -78.7255094928636,
              43.06306094074169
            ],
            [
              -78.72549386829863,
              43.06297933135642
            ],
            [
              -78.72547871232489,
              43.06289806526036
            ],
            [
              -78.72546402335358,
              43.062816455606786
            ],
            [
              -78.72544886666773,
              43.06273484653097
            ],
            [
              -78.72543371002237,
              43.062653237451926
            ],
            [
              -78.72541855341544,
              43.06257162746946
            ],
            [
              -78.7254029290991,
              43.06249001896463
            ],
            [
              -78.72538824032715,
              43.06240840929519
            ],
            [
              -78.72537261688481,
              43.06232714375718
            ],
            [
              -78.72535699269231,
              43.062245535242404
            ],
            [
              -78.72534136854159,
              43.06216392672427
            ],
            [
              -78.72532574522201,
              43.062082660276005
            ],
            [
              -78.72531012115462,
              43.06200105175117
            ],
            [
              -78.72529496487658,
              43.06191944264268
            ],
            [
              -78.72527934089204,
              43.061837834111174
            ],
            [
              -78.72526371774036,
              43.06175656854979
            ],
            [
              -78.72524809383711,
              43.06167495911136
            ],
            [
              -78.72523293772278,
              43.061593349989785
            ],
            [
              -78.72521684615994,
              43.06151174202482
            ],
            [
              -78.72520122317471,
              43.06143047645
            ],
            [
              -78.72518513169707,
              43.06134886847809
            ],
            [
              -78.72516950800504,
              43.06126725992301
            ],
            [
              -78.72515388514319,
              43.061185993437874
            ],
            [
              -78.72513779256545,
              43.06110438545716
            ],
            [
              -78.72512216899912,
              43.061022776891946
            ],
            [
              -78.7251065462648,
              43.06094151129688
            ],
            [
              -78.7250909227818,
              43.06085990272492
            ],
            [
              -78.72507529933851,
              43.06077829324946
            ],
            [
              -78.72505967593901,
              43.060696684670795
            ],
            [
              -78.7250440533711,
              43.06061541906229
            ],
            [
              -78.72502796231785,
              43.06053381105605
            ],
            [
              -78.7250118720973,
              43.06045254601984
            ],
            [
              -78.72499624886574,
              43.06037093742763
            ],
            [
              -78.72498062567382,
              43.06028932793186
            ],
            [
              -78.72496500252568,
              43.060207719332915
            ],
            [
              -78.72494938020864,
              43.060126453704186
            ],
            [
              -78.72493422487723,
              43.06004484451979
            ],
            [
              -78.72491906958629,
              43.05996323533217
            ],
            [
              -78.72490391433378,
              43.05988162524113
            ],
            [
              -78.72488829139232,
              43.05980001662559
            ],
            [
              -78.7248726692815,
              43.0597187509803
            ],
            [
              -78.72485751415363,
              43.059637141779646
            ],
            [
              -78.72484189133661,
              43.059555533154104
            ],
            [
              -78.7248262685613,
              43.0594739245252
            ],
            [
              -78.72481111434263,
              43.0593926573881
            ],
            [
              -78.72479502392227,
              43.0593110493307
            ],
            [
              -78.72477893354485,
              43.05922944126984
            ],
            [
              -78.7247637794518,
              43.05914817502302
            ],
            [
              -78.7247481568849,
              43.05906656637733
            ],
            [
              -78.72473253435767,
              43.05898495682809
            ],
            [
              -78.72471737959891,
              43.058903347597855
            ],
            [
              -78.72470269260471,
              43.0588217377866
            ],
            [
              -78.72468800564971,
              43.058740127972236
            ],
            [
              -78.72467285101116,
              43.058658518732436
            ],
            [
              -78.72466290437387,
              43.058604341027326
            ],
            [
              -78.72465295696657,
              43.05854982034717
            ],
            [
              -78.72464301036254,
              43.05849564173903
            ],
            [
              -78.7246330629907,
              43.05844112105604
            ],
            [
              -78.72462311563659,
              43.05838660037167
            ],
            [
              -78.72461410452837,
              43.05833242150471
            ],
            [
              -78.72460322176903,
              43.0582779019723
            ],
            [
              -78.72459280753588,
              43.058223724834676
            ],
            [
              -78.7245828602531,
              43.058169204144626
            ],
            [
              -78.72457338070674,
              43.058114682875896
            ],
            [
              -78.7245634342441,
              43.05806050425652
            ],
            [
              -78.72455489016774,
              43.05800598183077
            ],
            [
              -78.72454681382406,
              43.057951458826714
            ],
            [
              -78.72453967214193,
              43.057896591693655
            ],
            [
              -78.72453346669283,
              43.05784206637916
            ],
            [
              -78.72452819590036,
              43.05778719693597
            ],
            [
              -78.72452339239253,
              43.05773266989019
            ],
            [
              -78.72451952476482,
              43.0576777987144
            ],
            [
              -78.724516124857,
              43.057622926060795
            ],
            [
              -78.72451553124473,
              43.05756805084474
            ],
            [
              -78.72451446991951,
              43.05751317620518
            ],
            [
              -78.72451387631003,
              43.05745830098806
            ],
            [
              -78.72451281498843,
              43.05740342634739
            ],
            [
              -78.72451222138173,
              43.05734855112923
            ],
            [
              -78.72451209548869,
              43.05729367533354
            ],
            [
              -78.72451243730804,
              43.05723879896033
            ],
            [
              -78.72451324683648,
              43.057183921109434
            ],
            [
              -78.72451405636565,
              43.05712904415818
            ],
            [
              -78.72451486589351,
              43.057074167206395
            ],
            [
              -78.72451520770969,
              43.05701929083108
            ],
            [
              -78.72451554952539,
              43.05696441445524
            ],
            [
              -78.72451589134059,
              43.056909538078855
            ],
            [
              -78.72451670086446,
              43.05685466112496
            ],
            [
              -78.72451657496957,
              43.056799785324536
            ],
            [
              -78.72451691678336,
              43.05674490894655
            ],
            [
              -78.72451772630244,
              43.05669003109089
            ],
            [
              -78.72451900352975,
              43.056635153557856
            ],
            [
              -78.72451981304788,
              43.05658027660131
            ],
            [
              -78.72452062256467,
              43.05652539964423
            ],
            [
              -78.72452143208015,
              43.0564705226866
            ],
            [
              -78.72452224159431,
              43.05641564572845
            ],
            [
              -78.72452305233475,
              43.05636076876828
            ],
            [
              -78.72452898142005,
              43.05629491030062
            ],
            [
              -78.72494432484092,
              43.055897231427295
            ],
            [
              -78.72498772479972,
              43.05585533479277
            ],
            [
              -78.72500078728264,
              43.05584091368268
            ],
            [
              -78.72503019087436,
              43.05581412434713
            ],
            [
              -78.72505678665698,
              43.05578665343166
            ],
            [
              -78.72507265689427,
              43.055772914785734
            ],
            [
              -78.7251127859347,
              43.05573239405308
            ],
            [
              -78.72515758999103,
              43.055690495613476
            ],
            [
              -78.72516878792217,
              43.0556788205928
            ],
            [
              -78.72519958814047,
              43.05564928658389
            ],
            [
              -78.72522478858464,
              43.05562524710628
            ],
            [
              -78.72524205393329,
              43.05560807695876
            ],
            [
              -78.72528451966929,
              43.05556686731762
            ],
            [
              -78.72532745304744,
              43.055525657080274
            ],
            [
              -78.72537038636814,
              43.05548444682656
            ],
            [
              -78.72539278761231,
              43.05546349755864
            ],
            [
              -78.72541331963136,
              43.055443236556535
            ],
            [
              -78.72544878709208,
              43.055409580987224
            ],
            [
              -78.72549918598334,
              43.05536081506732
            ],
            [
              -78.72554211907416,
              43.055319604748355
            ],
            [
              -78.72556078654793,
              43.05530208983472
            ],
            [
              -78.72558551980465,
              43.055278393831664
            ],
            [
              -78.7256167857338,
              43.055248173179976
            ],
            [
              -78.72562892047702,
              43.05523718289835
            ],
            [
              -78.72567185339481,
              43.05519597253004
            ],
            [
              -78.72571478625518,
              43.05515476214541
            ],
            [
              -78.72572878381135,
              43.055140339787194
            ],
            [
              -78.72575818798144,
              43.055113551160915
            ],
            [
              -78.72578478472444,
              43.05508676602146
            ],
            [
              -78.72580112072653,
              43.05507234074346
            ],
            [
              -78.72584078431252,
              43.055033192229494
            ],
            [
              -78.72589678380318,
              43.05497961840977
            ],
            [
              -78.7259303863116,
              43.05494870881046
            ],
            [
              -78.7259527839891,
              43.05492638663592
            ],
            [
              -78.72597331882443,
              43.054907497427344
            ],
            [
              -78.72600878328518,
              43.05487281276065
            ],
            [
              -78.72605918368185,
              43.05482507641256
            ],
            [
              -78.72610211602438,
              43.0547838658807
            ],
            [
              -78.726120781585,
              43.05476566492685
            ],
            [
              -78.72614504830943,
              43.05474265533252
            ],
            [
              -78.72618798053702,
              43.054701444768
            ],
            [
              -78.72627384481981,
              43.054619023590014
            ],
            [
              -78.72628877830392,
              43.05460494296787
            ],
            [
              -78.72631677687501,
              43.05457781297655
            ],
            [
              -78.72634477701536,
              43.05455136892603
            ],
            [
              -78.72636017779175,
              43.05453660176072
            ],
            [
              -78.72640077765416,
              43.054498137828716
            ],
            [
              -78.72645677616894,
              43.054444562831165
            ],
            [
              -78.7264885057466,
              43.054412969457715
            ],
            [
              -78.72651277458836,
              43.054390988706025
            ],
            [
              -78.72653143751448,
              43.054371758762656
            ],
            [
              -78.72656877211213,
              43.054337071579255
            ],
            [
              -78.72661683318827,
              43.054289337909104
            ],
            [
              -78.72665976478407,
              43.05424812716523
            ],
            [
              -78.72668076686547,
              43.054229237242396
            ],
            [
              -78.72670269632242,
              43.05420691640507
            ],
            [
              -78.72673676409507,
              43.0541753200323
            ],
            [
              -78.72692494337531,
              43.05404681147134
            ],
            [
              -78.72692962374688,
              43.053446940687586
            ],
            [
              -78.72693065710361,
              43.053288484973834
            ],
            [
              -78.7269499816489,
              43.050346071708674
            ],
            [
              -78.72913632545524,
              43.05055355179744
            ],
            [
              -78.72901634837363,
              43.04530788728121
            ],
            [
              -78.72901075925499,
              43.04294581774827
            ],
            [
              -78.72934370504444,
              43.04295053809205
            ],
            [
              -78.72978513936557,
              43.04295649059218
            ],
            [
              -78.73012182732086,
              43.04296120388347
            ],
            [
              -78.7303509612014,
              43.0429643395216
            ],
            [
              -78.73073160560965,
              43.04296968049489
            ],
            [
              -78.73126188815623,
              43.04297688473622
            ],
            [
              -78.73126128870749,
              43.042922009422945
            ],
            [
              -78.73125968192264,
              43.04264248551762
            ],
            [
              -78.73125846573434,
              43.042525532419326
            ],
            [
              -78.73125758695925,
              43.042354388740115
            ],
            [
              -78.73125693972842,
              43.042279619998155
            ],
            [
              -78.73125560325371,
              43.04211259261033
            ],
            [
              -78.73125475003862,
              43.04195208112962
            ],
            [
              -78.73125341192937,
              43.04178436688285
            ],
            [
              -78.73125335672444,
              43.041761387587584
            ],
            [
              -78.73125208536602,
              43.04162145517528
            ],
            [
              -78.73125122228323,
              43.04145682798576
            ],
            [
              -78.7312498973808,
              43.041294601317745
            ],
            [
              -78.731248560954,
              43.041127573900916
            ],
            [
              -78.73124712484214,
              43.04091904565161
            ],
            [
              -78.73124539417253,
              43.040782543568994
            ],
            [
              -78.7312444273179,
              43.04057470155216
            ],
            [
              -78.73124361782676,
              43.04043236678357
            ],
            [
              -78.73124356427581,
              43.04041007343209
            ],
            [
              -78.73124216857497,
              43.04021835181452
            ],
            [
              -78.73123953784744,
              43.03990178772061
            ],
            [
              -78.73123687667086,
              43.03957253354554
            ],
            [
              -78.73123682065255,
              43.039549211266646
            ],
            [
              -78.73123583243928,
              43.039332451862414
            ],
            [
              -78.73123447353588,
              43.038961352925156
            ],
            [
              -78.73123350676369,
              43.03875351084175
            ],
            [
              -78.73123211906588,
              43.03837040775014
            ],
            [
              -78.73129724655125,
              43.03823210340819
            ],
            [
              -78.73129966080414,
              43.03787471945644
            ],
            [
              -78.73121222413454,
              43.037874489492324
            ],
            [
              -78.73105325127726,
              43.0378743518175
            ],
            [
              -78.73083863738607,
              43.0378739426726
            ],
            [
              -78.73074044795493,
              43.03787372620628
            ],
            [
              -78.73055154890376,
              43.03787328339955
            ],
            [
              -78.730231732116,
              43.03787266541943
            ],
            [
              -78.73009333211368,
              43.03787250000313
            ],
            [
              -78.7300087020653,
              43.03787226552046
            ],
            [
              -78.72978286540021,
              43.037871868778325
            ],
            [
              -78.72971413255695,
              43.03787161373425
            ],
            [
              -78.72955749752883,
              43.03787147099157
            ],
            [
              -78.72934054459868,
              43.0378710620259
            ],
            [
              -78.72931997093359,
              43.037870745295294
            ],
            [
              -78.72907496534445,
              43.037870371606196
            ],
            [
              -78.72882808949757,
              43.037869999770265
            ],
            [
              -78.72858728995875,
              43.03786927671416
            ],
            [
              -78.72834368707012,
              43.03786889967929
            ],
            [
              -78.72802947986128,
              43.03786826843738
            ],
            [
              -78.72796776130436,
              43.03786834645192
            ],
            [
              -78.72749411288648,
              43.03786722917403
            ],
            [
              -78.72732953006636,
              43.037867436369005
            ],
            [
              -78.72690778135642,
              43.037866251353044
            ],
            [
              -78.72687502065239,
              43.036448769436696
            ],
            [
              -78.72464383304644,
              43.03644468655948
            ],
            [
              -78.7245320876197,
              43.03644482447928
            ],
            [
              -78.72453018719361,
              43.03622772304414
            ],
            [
              -78.72453341568499,
              43.036004440805286
            ],
            [
              -78.72453332132136,
              43.03596328380451
            ],
            [
              -78.7245322918577,
              43.03592212795714
            ],
            [
              -78.7245312623955,
              43.035880972109425
            ],
            [
              -78.72453023293474,
              43.03583981626143
            ],
            [
              -78.72452461810474,
              43.03563403759362
            ],
            [
              -78.72452358865297,
              43.03559288174375
            ],
            [
              -78.72452255920061,
              43.03555172499338
            ],
            [
              -78.72452152975173,
              43.03551056914291
            ],
            [
              -78.72451694442505,
              43.03534594631474
            ],
            [
              -78.72451591498375,
              43.03530479046269
            ],
            [
              -78.72451432365031,
              43.03522247818099
            ],
            [
              -78.72451376175752,
              43.0351813217513
            ],
            [
              -78.7245126379724,
              43.035099007990816
            ],
            [
              -78.72451207608206,
              43.03505785156024
            ],
            [
              -78.72450982852911,
              43.03489322583487
            ],
            [
              -78.7245087991009,
              43.0348520699795
            ],
            [
              -78.72450823721586,
              43.0348109135471
            ],
            [
              -78.72450430820187,
              43.03472860414168
            ],
            [
              -78.72454539876105,
              43.03450150239808
            ],
            [
              -78.72427844277506,
              43.03450629016058
            ],
            [
              -78.7241101238947,
              43.03450443946888
            ],
            [
              -78.72399791209642,
              43.034503548512
            ],
            [
              -78.72394180658989,
              43.03450327447985
            ],
            [
              -78.72388570264923,
              43.0345036863704
            ],
            [
              -78.72382959669821,
              43.03450375525984
            ],
            [
              -78.72377349197411,
              43.034503824120314
            ],
            [
              -78.72371738646804,
              43.034503549978126
            ],
            [
              -78.72366127939947,
              43.03450258985823
            ],
            [
              -78.72349295898432,
              43.03450005230862
            ],
            [
              -78.72343685114193,
              43.0344987491036
            ],
            [
              -78.72332463624365,
              43.03449648558612
            ],
            [
              -78.72326852918712,
              43.034495525273684
            ],
            [
              -78.72316473189555,
              43.03449462321117
            ],
            [
              -78.72316343550355,
              43.03433548389754
            ],
            [
              -78.72313880865835,
              43.03357890690678
            ],
            [
              -78.72312974615767,
              43.03329390391165
            ],
            [
              -78.71917013581687,
              43.03325820082514
            ],
            [
              -78.71916637557234,
              43.03430908680291
            ],
            [
              -78.71485138589082,
              43.034280172095585
            ],
            [
              -78.71483642467983,
              43.03428018928733
            ],
            [
              -78.71478966796714,
              43.0342788710979
            ],
            [
              -78.71477470602444,
              43.03427854530634
            ],
            [
              -78.71475974335,
              43.03427787653758
            ],
            [
              -78.71474524894553,
              43.03427755020522
            ],
            [
              -78.71473028700338,
              43.03427722440784
            ],
            [
              -78.7147157925992,
              43.034276898071774
            ],
            [
              -78.71470083065734,
              43.034276572270535
            ],
            [
              -78.71464425369777,
              43.03427492231726
            ],
            [
              -78.71458206970745,
              43.03427430769456
            ],
            [
              -78.71456757530468,
              43.034273981339716
            ],
            [
              -78.71455261409504,
              43.034273998494356
            ],
            [
              -78.7145376521547,
              43.03427367267179
            ],
            [
              -78.71452315848288,
              43.034273689286586
            ],
            [
              -78.71450819654277,
              43.03427336346019
            ],
            [
              -78.71449323533322,
              43.034273380607054
            ],
            [
              -78.71447874093116,
              43.03427305424096
            ],
            [
              -78.71446377972163,
              43.034273071383986
            ],
            [
              -78.71444881778197,
              43.0342727455498
            ],
            [
              -78.71443432411031,
              43.03427276215334
            ],
            [
              -78.71441936217087,
              43.034272436315305
            ],
            [
              -78.71440440023159,
              43.03427211047533
            ],
            [
              -78.71438990656006,
              43.034272127073244
            ],
            [
              -78.714374944621,
              43.03427180122939
            ],
            [
              -78.71435998341173,
              43.03427181835886
            ],
            [
              -78.71434548901068,
              43.03427149197588
            ],
            [
              -78.71433052780147,
              43.03427150910151
            ],
            [
              -78.71431556586286,
              43.03427118324988
            ],
            [
              -78.71430107219152,
              43.03427119983655
            ],
            [
              -78.7142861102531,
              43.03427087398111
            ],
            [
              -78.71427114904401,
              43.03427089109895
            ],
            [
              -78.71425665464362,
              43.03427056470475
            ],
            [
              -78.7142416934346,
              43.03427058181874
            ],
            [
              -78.71422673149662,
              43.03427025595551
            ],
            [
              -78.71421177028768,
              43.034270273065594
            ],
            [
              -78.7141972758877,
              43.03426994666387
            ],
            [
              -78.7141823146788,
              43.0342699637701
            ],
            [
              -78.71416735274128,
              43.0342696378991
            ],
            [
              -78.71415285834172,
              43.034269311491755
            ],
            [
              -78.71413789713293,
              43.03426932859218
            ],
            [
              -78.71412293519579,
              43.03426900271537
            ],
            [
              -78.71410844152483,
              43.03426901927765
            ],
            [
              -78.71409347958793,
              43.034268693397
            ],
            [
              -78.71407851837925,
              43.03426871048967
            ],
            [
              -78.71406402398031,
              43.03426838407105
            ],
            [
              -78.71404906277172,
              43.03426840115986
            ],
            [
              -78.71403409960811,
              43.03426807527287
            ],
            [
              -78.71401960593734,
              43.03426809182389
            ],
            [
              -78.71400464400107,
              43.03426776593165
            ],
            [
              -78.7139896827926,
              43.0342677830127
            ],
            [
              -78.71397518839433,
              43.034267456582825
            ],
            [
              -78.71396022718588,
              43.03426747366002
            ],
            [
              -78.71394526525008,
              43.034267147760005
            ],
            [
              -78.71393077157947,
              43.03426716429978
            ],
            [
              -78.7139158096439,
              43.03426683839591
            ],
            [
              -78.71390084843556,
              43.03426685546535
            ],
            [
              -78.71388635403797,
              43.034266529024244
            ],
            [
              -78.71387139210275,
              43.034266203114555
            ],
            [
              -78.71385643089454,
              43.03426622017818
            ],
            [
              -78.71384193649735,
              43.03426589373145
            ],
            [
              -78.7138269752892,
              43.03426591079123
            ],
            [
              -78.71381201335443,
              43.03426558487378
            ],
            [
              -78.7137975196841,
              43.03426560139666
            ],
            [
              -78.71378255774957,
              43.034265275475384
            ],
            [
              -78.71376759654154,
              43.03426529252742
            ],
            [
              -78.71375310214499,
              43.03426496606943
            ],
            [
              -78.71373814093702,
              43.034264983117595
            ],
            [
              -78.71372317900291,
              43.03426465718854
            ],
            [
              -78.71370868533276,
              43.034264673700164
            ],
            [
              -78.71369372339888,
              43.03426434776729
            ],
            [
              -78.71367876219104,
              43.034264364807676
            ],
            [
              -78.71366380025738,
              43.034264038870866
            ],
            [
              -78.71364930658734,
              43.034264055374976
            ],
            [
              -78.71363434465393,
              43.03426372943431
            ],
            [
              -78.71361938272065,
              43.03426340349167
            ],
            [
              -78.71360488905071,
              43.034263419990204
            ],
            [
              -78.71358992711767,
              43.03426309404373
            ],
            [
              -78.71357496591006,
              43.03426311107057
            ],
            [
              -78.71356047151497,
              43.034262784588165
            ],
            [
              -78.71354551030741,
              43.03426280161113
            ],
            [
              -78.7135305483748,
              43.03426247565691
            ],
            [
              -78.71351605470505,
              43.03426249214416
            ],
            [
              -78.71350109277269,
              43.03426216618607
            ],
            [
              -78.71348613156523,
              43.034262183201285
            ],
            [
              -78.7134716371708,
              43.03426185670765
            ],
            [
              -78.71345667596343,
              43.03426187371902
            ],
            [
              -78.71344171403148,
              43.03426154775318
            ],
            [
              -78.71342721913474,
              43.03426156423057
            ],
            [
              -78.71341225720306,
              43.03426123826087
            ],
            [
              -78.71339729599578,
              43.034261255264475
            ],
            [
              -78.71338280160202,
              43.034260928759586
            ],
            [
              -78.71336784039481,
              43.03426094575935
            ],
            [
              -78.71335287846354,
              43.03426061978186
            ],
            [
              -78.71333838407014,
              43.03426029327136
            ],
            [
              -78.71332342286307,
              43.03426031026531
            ],
            [
              -78.71330846093217,
              43.03425998428202
            ],
            [
              -78.71329396726287,
              43.03426000074115
            ],
            [
              -78.7132790053322,
              43.03425967475402
            ],
            [
              -78.71326404412522,
              43.034259691740225
            ],
            [
              -78.7132495497325,
              43.034259365218425
            ],
            [
              -78.7132345885256,
              43.03425938220077
            ],
            [
              -78.71321962659538,
              43.034259056205904
            ],
            [
              -78.71320513292625,
              43.03425907265377
            ],
            [
              -78.71319017099623,
              43.03425874665504
            ],
            [
              -78.71317520978944,
              43.034258763629616
            ],
            [
              -78.71316071539736,
              43.0342584370966
            ],
            [
              -78.71314575419062,
              43.034258454067306
            ],
            [
              -78.71313079226107,
              43.03425812806081
            ],
            [
              -78.71311629859213,
              43.03425814449745
            ],
            [
              -78.71310133666277,
              43.03425781848707
            ],
            [
              -78.71308637473359,
              43.03425749247478
            ],
            [
              -78.71307141352705,
              43.03425750943579
            ],
            [
              -78.71305691913578,
              43.034257182889604
            ],
            [
              -78.7130419579293,
              43.03425719984676
            ],
            [
              -78.71302699600055,
              43.034256873826706
            ],
            [
              -78.71301250233184,
              43.034256890250184
            ],
            [
              -78.71299754040331,
              43.03425656422623
            ],
            [
              -78.71298257919695,
              43.03425658117565
            ],
            [
              -78.71296808480635,
              43.034256254618256
            ],
            [
              -78.71295312360003,
              43.03425627156377
            ],
            [
              -78.71293816167196,
              43.034255945532095
            ],
            [
              -78.71292366800338,
              43.034255961944325
            ],
            [
              -78.71290870607554,
              43.03425563590879
            ],
            [
              -78.71289374486933,
              43.034255652846554
            ],
            [
              -78.71287925047942,
              43.0342553262779
            ],
            [
              -78.7128198717503,
              43.03425470752236
            ],
            [
              -78.71276236122513,
              43.03425374364717
            ],
            [
              -78.71274786683628,
              43.034253417061876
            ],
            [
              -78.71273290490994,
              43.03425309100335
            ],
            [
              -78.71271794370426,
              43.03425310791814
            ],
            [
              -78.7127034493158,
              43.034252781327204
            ],
            [
              -78.71268848738981,
              43.03425245526286
            ],
            [
              -78.712673525464,
              43.03425212919659
            ],
            [
              -78.71265903107597,
              43.03425180260003
            ],
            [
              -78.71264406987056,
              43.03425181950517
            ],
            [
              -78.71262910794512,
              43.034251493433054
            ],
            [
              -78.71261461355746,
              43.03425116683088
            ],
            [
              -78.71255523411507,
              43.03425020496275
            ],
            [
              -78.71249445493861,
              43.03425061654788
            ],
            [
              -78.71247996127104,
              43.03425063290392
            ],
            [
              -78.71246500078492,
              43.03425099276092
            ],
            [
              -78.71245003957958,
              43.034251009640684
            ],
            [
              -78.71238411748706,
              43.03425142696921
            ],
            [
              -78.71231678847086,
              43.03424978798882
            ],
            [
              -78.71230182654753,
              43.034249461873905
            ],
            [
              -78.71228733216202,
              43.03424913523028
            ],
            [
              -78.71227237023899,
              43.034248809111546
            ],
            [
              -78.71225740831612,
              43.03424848299086
            ],
            [
              -78.71224291393106,
              43.03424815634158
            ],
            [
              -78.71222795200849,
              43.034247830217055
            ],
            [
              -78.7122129900842,
              43.03424750319038
            ],
            [
              -78.71219849447246,
              43.034247176536866
            ],
            [
              -78.71218353255033,
              43.034246850406504
            ],
            [
              -78.7121685706284,
              43.03424652427422
            ],
            [
              -78.71215407624423,
              43.03424619761367
            ],
            [
              -78.7120946960962,
              43.0342448925313
            ],
            [
              -78.71202550411057,
              43.03424668523644
            ],
            [
              -78.71201101187684,
              43.034247387483646
            ],
            [
              -78.71199605138861,
              43.034247747279366
            ],
            [
              -78.71198109090209,
              43.034248107973326
            ],
            [
              -78.71196659795116,
              43.034248467239635
            ],
            [
              -78.71195163746239,
              43.034248827029536
            ],
            [
              -78.71193667768962,
              43.034249529792795
            ],
            [
              -78.7119221847381,
              43.03424988905348
            ],
            [
              -78.7119072242487,
              43.0342502488376
            ],
            [
              -78.71189226375914,
              43.034250608619736
            ],
            [
              -78.7118777708071,
              43.03425096787483
            ],
            [
              -78.71186281031717,
              43.03425132765312
            ],
            [
              -78.71184831808043,
              43.034252029879745
            ],
            [
              -78.71183335759008,
              43.03425238965419
            ],
            [
              -78.71181839709955,
              43.0342527494267
            ],
            [
              -78.71180390414652,
              43.034253108672395
            ],
            [
              -78.71178894365563,
              43.03425346844106
            ],
            [
              -78.71177398316458,
              43.03425382820774
            ],
            [
              -78.71175949092621,
              43.034254530423134
            ],
            [
              -78.71169170153267,
              43.03425632135254
            ],
            [
              -78.711625777285,
              43.03425570931838
            ],
            [
              -78.7116108153637,
              43.03425538311315
            ],
            [
              -78.7115958534425,
              43.03425505690596
            ],
            [
              -78.71158135854625,
              43.0342550731496
            ],
            [
              -78.7115663966253,
              43.034254746938565
            ],
            [
              -78.71155143541854,
              43.03425476370088
            ],
            [
              -78.71153694103553,
              43.03425443696222
            ],
            [
              -78.7115219798288,
              43.03425445372067
            ],
            [
              -78.7115070179083,
              43.03425412750187
            ],
            [
              -78.71149252423935,
              43.03425414373285
            ],
            [
              -78.71147756231908,
              43.03425381751022
            ],
            [
              -78.71146260039895,
              43.034253491285625
            ],
            [
              -78.71144810673012,
              43.034253507511
            ],
            [
              -78.71143314481021,
              43.034253181282544
            ],
            [
              -78.71141818360374,
              43.03425319802743
            ],
            [
              -78.71140368922177,
              43.03425287127187
            ],
            [
              -78.711344310508,
              43.03425225175076
            ],
            [
              -78.71127371017823,
              43.03425130176785
            ],
            [
              -78.71125874825977,
              43.03425097551662
            ],
            [
              -78.71124425459139,
              43.03425099171617
            ],
            [
              -78.71122929267311,
              43.034250665461045
            ],
            [
              -78.71121433075498,
              43.034250339204014
            ],
            [
              -78.71119983708677,
              43.03425035539794
            ],
            [
              -78.7111385875148,
              43.03424939488417
            ],
            [
              -78.7110810803802,
              43.034249459088656
            ],
            [
              -78.71106611846311,
              43.034249132812214
            ],
            [
              -78.71105162479509,
              43.034249148987385
            ],
            [
              -78.71103666358938,
              43.03424916568239
            ],
            [
              -78.71102170238365,
              43.034249182375454
            ],
            [
              -78.7110072087156,
              43.034249198544984
            ],
            [
              -78.71099224750984,
              43.03424921523422
            ],
            [
              -78.71097728630406,
              43.034249231921464
            ],
            [
              -78.71096279140883,
              43.03424924808673
            ],
            [
              -78.71094783020305,
              43.034249264770125
            ],
            [
              -78.71093286828481,
              43.03424893757606
            ],
            [
              -78.71091837461678,
              43.03424895373437
            ],
            [
              -78.71090341341102,
              43.03424897041196
            ],
            [
              -78.71088845220525,
              43.03424898708761
            ],
            [
              -78.71087395853716,
              43.03424900324025
            ],
            [
              -78.71085899733137,
              43.03424901991205
            ],
            [
              -78.71084403612558,
              43.03424903658187
            ],
            [
              -78.71082954245746,
              43.03424905272893
            ],
            [
              -78.71081458054172,
              43.03424872641959
            ],
            [
              -78.71079961933597,
              43.03424874308362
            ],
            [
              -78.71078465813024,
              43.034248759745715
            ],
            [
              -78.7107701644621,
              43.03424877588522
            ],
            [
              -78.71075520325633,
              43.03424879254344
            ],
            [
              -78.71074024205055,
              43.0342488091997
            ],
            [
              -78.7107257483824,
              43.0342488253336
            ],
            [
              -78.71071078717657,
              43.034248841986006
            ],
            [
              -78.71069582597073,
              43.03424885863648
            ],
            [
              -78.71068133159339,
              43.03424853178942
            ],
            [
              -78.71062195430788,
              43.034248597844126
            ],
            [
              -78.71061901695033,
              43.03395844332754
            ],
            [
              -78.71061987772353,
              43.03347004346553
            ],
            [
              -78.71061945739585,
              43.0332666581773
            ],
            [
              -78.7106199650437,
              43.03305984298829
            ],
            [
              -78.71062047481436,
              43.032854055817744
            ],
            [
              -78.71062051564198,
              43.03264758410913
            ],
            [
              -78.71062056143067,
              43.032443512320775
            ],
            [
              -78.71062107190978,
              43.03223806900364
            ],
            [
              -78.7106211127399,
              43.03203159727275
            ],
            [
              -78.7106216225064,
              43.0318258100651
            ],
            [
              -78.7106216690079,
              43.03162208212298
            ],
            [
              -78.71062170842112,
              43.03141492351863
            ],
            [
              -78.71062210931221,
              43.03138268330377
            ],
            [
              -78.71062221889606,
              43.031209480164435
            ],
            [
              -78.7106221484515,
              43.030949160342125
            ],
            [
              -78.71062233245752,
              43.030811969618625
            ],
            [
              -78.71062273307038,
              43.03055336413585
            ],
            [
              -78.71062277674227,
              43.03034826424611
            ],
            [
              -78.71062328650264,
              43.03014247697776
            ],
            [
              -78.71062333017566,
              43.02993737707327
            ],
            [
              -78.71062383922532,
              43.0297312468145
            ],
            [
              -78.71062388431693,
              43.02952683284642
            ],
            [
              -78.71062412927394,
              43.02941913799009
            ],
            [
              -78.71062392657494,
              43.02932104696858
            ],
            [
              -78.71062443703987,
              43.02911560263877
            ],
            [
              -78.71062447859025,
              43.028909473770454
            ],
            [
              -78.71062452014016,
              43.028703343994515
            ],
            [
              -78.71062503131351,
              43.02849824351832
            ],
            [
              -78.71062692228138,
              43.02828216535341
            ],
            [
              -78.7106283634671,
              43.0280746629924
            ],
            [
              -78.71062980747789,
              43.027868531626396
            ],
            [
              -78.71063125289996,
              43.02766308710455
            ],
            [
              -78.7106326954772,
              43.02745626977224
            ],
            [
              -78.71063413875702,
              43.027249796308354
            ],
            [
              -78.71063558344444,
              43.02704400788827
            ],
            [
              -78.7106374934809,
              43.02683719091368
            ],
            [
              -78.71063894027884,
              43.026632432306165
            ],
            [
              -78.71064038777568,
              43.02642801576689
            ],
            [
              -78.71064183243136,
              43.02622222821729
            ],
            [
              -78.71064287268159,
              43.026046965126326
            ],
            [
              -78.70667824966382,
              43.026073257048395
            ],
            [
              -78.70651043837304,
              43.02608029731075
            ],
            [
              -78.7039103411506,
              43.026087181859445
            ],
            [
              -78.70375934912934,
              43.02608871274172
            ],
            [
              -78.70123920328132,
              43.02610265496222
            ],
            [
              -78.69706840356663,
              43.02612333858932
            ],
            [
              -78.69693889936373,
              43.02611626470307
            ],
            [
              -78.69693808394906,
              43.026181088988906
            ],
            [
              -78.69693677756565,
              43.026486682420824
            ],
            [
              -78.69693685346172,
              43.02652783953417
            ],
            [
              -78.69693573040232,
              43.02718635742774
            ],
            [
              -78.69692876408124,
              43.027388278493625
            ],
            [
              -78.69692635069863,
              43.027386349958185
            ],
            [
              -78.69577248008888,
              43.0273941022535
            ],
            [
              -78.69465980467902,
              43.027376850184886
            ],
            [
              -78.69317083760768,
              43.02736371998742
            ],
            [
              -78.69263088255904,
              43.02734877236027
            ],
            [
              -78.69195768147031,
              43.02733775207622
            ],
            [
              -78.69144109467068,
              43.02733373659993
            ],
            [
              -78.69100399292687,
              43.02732904990975
            ],
            [
              -78.69075321649107,
              43.02731842733552
            ],
            [
              -78.69024652617524,
              43.02725036769094
            ],
            [
              -78.68981624760005,
              43.02715433390834
            ],
            [
              -78.68934789681754,
              43.02704833794813
            ],
            [
              -78.6887346721171,
              43.02702919263659
            ],
            [
              -78.6882059663125,
              43.027107861672256
            ],
            [
              -78.68780215374825,
              43.02716263822488
            ],
            [
              -78.68715277942586,
              43.02727498726813
            ],
            [
              -78.68645775527037,
              43.02701460507949
            ],
            [
              -78.68508422812958,
              43.02647342826358
            ],
            [
              -78.68398446452925,
              43.02606210414272
            ],
            [
              -78.68331778081348,
              43.02581221655441
            ],
            [
              -78.68110466767324,
              43.02552583914216
            ],
            [
              -78.68129410298211,
              43.02379254389642
            ],
            [
              -78.6815305924379,
              43.02260265829623
            ],
            [
              -78.6820084179825,
              43.02238459477612
            ],
            [
              -78.68204231349904,
              43.02208513056186
            ],
            [
              -78.67994110492324,
              43.02207663417627
            ],
            [
              -78.67799022501933,
              43.02206609536236
            ],
            [
              -78.67690293148046,
              43.022058922742374
            ],
            [
              -78.67464036898889,
              43.02198871150601
            ],
            [
              -78.67185824591084,
              43.02190586597707
            ],
            [
              -78.66874943374512,
              43.02185438098715
            ],
            [
              -78.66617073277247,
              43.02181992091493
            ],
            [
              -78.66572406640036,
              43.021614964017814
            ],
            [
              -78.66407718352443,
              43.020856263828975
            ],
            [
              -78.66258381593475,
              43.0201902300676
            ],
            [
              -78.66260372381845,
              43.02040456338418
            ],
            [
              -78.66274687600084,
              43.02159802655444
            ],
            [
              -78.66277708549032,
              43.022187927613025
            ],
            [
              -78.66276108754332,
              43.02383500156327
            ],
            [
              -78.66277818546487,
              43.02630365484328
            ],
            [
              -78.66278163364902,
              43.029513919807115
            ],
            [
              -78.66276221533703,
              43.03277081479536
            ],
            [
              -78.6627162857842,
              43.03503467290559
            ],
            [
              -78.66268645086848,
              43.03822098643478
            ],
            [
              -78.66266709711016,
              43.04021519006951
            ],
            [
              -78.6626626749206,
              43.04244866442948
            ],
            [
              -78.6626317982184,
              43.0436872112311
            ],
            [
              -78.66260182375909,
              43.04562838153507
            ],
            [
              -78.66259427169334,
              43.04694004715001
            ],
            [
              -78.66255735865866,
              43.04892717532309
            ],
            [
              -78.66256065438826,
              43.050248043485844
            ],
            [
              -78.66253018365978,
              43.05304766757022
            ],
            [
              -78.66253382850971,
              43.05530104096255
            ],
            [
              -78.66253761539305,
              43.0573420849986
            ],
            [
              -78.6625389795901,
              43.05800044428848
            ],
            [
              -78.66267201025019,
              43.05800007847956
            ],
            [
              -78.66311611968281,
              43.05799976972856
            ],
            [
              -78.66349319309845,
              43.057999506229095
            ],
            [
              -78.6637780939912,
              43.057999306315935
            ],
            [
              -78.66407556313521,
              43.05799909682684
            ],
            [
              -78.66446938369512,
              43.057989602086664
            ],
            [
              -78.66490931135174,
              43.05799543408009
            ],
            [
              -78.66525286733675,
              43.05799518866984
            ],
            [
              -78.66565088983843,
              43.057994903063296
            ],
            [
              -78.66605729611679,
              43.05799768148152
            ],
            [
              -78.6664553227766,
              43.058000465443385
            ],
            [
              -78.66687848843378,
              43.0580032296715
            ],
            [
              -78.66723461392678,
              43.05800296913531
            ],
            [
              -78.66751207941233,
              43.05800652099549
            ],
            [
              -78.6675099644604,
              43.05810629668093
            ],
            [
              -78.66751349148811,
              43.058590063921784
            ],
            [
              -78.6674971937056,
              43.05934050622517
            ],
            [
              -78.66748736991683,
              43.060009973760955
            ],
            [
              -78.66748010544019,
              43.06052581374603
            ],
            [
              -78.6674656154332,
              43.06103943641332
            ],
            [
              -78.6674502436026,
              43.06159248824346
            ],
            [
              -78.6674337286617,
              43.06218516205859
            ],
            [
              -78.6674208840218,
              43.06269861862587
            ],
            [
              -78.6674026597537,
              43.06339657320877
            ],
            [
              -78.66739631816316,
              43.06389046184624
            ],
            [
              -78.667390781131,
              43.0643020351131
            ],
            [
              -78.66726600109385,
              43.064694116626754
            ],
            [
              -78.66720789306254,
              43.064981260216314
            ],
            [
              -78.66717560652849,
              43.06535301757164
            ],
            [
              -78.66712060230884,
              43.06684710753876
            ],
            [
              -78.66706761846673,
              43.067515530917426
            ],
            [
              -78.6670488484564,
              43.06843170408741
            ],
            [
              -78.6669992851419,
              43.069645870221834
            ],
            [
              -78.6669471743321,
              43.07106582409039
            ],
            [
              -78.66692548083344,
              43.07213592025079
            ],
            [
              -78.66691456916787,
              43.07254749772591
            ],
            [
              -78.66690033308193,
              43.07343238232288
            ],
            [
              -78.66688119235866,
              43.07448187073841
            ],
            [
              -78.66686256479622,
              43.0757577490907
            ],
            [
              -78.66684161560332,
              43.077033627948495
            ],
            [
              -78.66682111625224,
              43.078144879817074
            ],
            [
              -78.66679948076774,
              43.0789045710233
            ],
            [
              -78.66679538059823,
              43.07985290990707
            ],
            [
              -78.66676871316396,
              43.08090242961754
            ],
            [
              -78.66671533807589,
              43.08154839077323
            ],
            [
              -78.66673553771372,
              43.08230178748613
            ],
            [
              -78.66671997701035,
              43.08324840668582
            ],
            [
              -78.66671165180506,
              43.08355100510922
            ],
            [
              -78.66674614598726,
              43.08405248503042
            ],
            [
              -78.66679565082609,
              43.08479986025835
            ],
            [
              -78.6666452871017,
              43.08481198198703
            ],
            [
              -78.66664075027683,
              43.08522432264399
            ],
            [
              -78.66677407899574,
              43.085187541788734
            ],
            [
              -78.66701826095806,
              43.08513214391627
            ],
            [
              -78.66714316920184,
              43.085110788173054
            ],
            [
              -78.66720725947822,
              43.08509942310494
            ],
            [
              -78.66734758819113,
              43.0850636509661
            ],
            [
              -78.66746030732885,
              43.08502652706337
            ],
            [
              -78.66753374889682,
              43.08501001034108
            ],
            [
              -78.6676287229259,
              43.08499930825447
            ],
            [
              -78.6677166653513,
              43.08497935100128
            ],
            [
              -78.66775969532908,
              43.08496457142065
            ],
            [
              -78.66780461318886,
              43.08496248043417
            ],
            [
              -78.66789512329191,
              43.084995008631815
            ],
            [
              -78.6679019488896,
              43.084967896112076
            ],
            [
              -78.66797027568701,
              43.08497504803161
            ],
            [
              -78.66802876617483,
              43.08497500475629
            ],
            [
              -78.66807929817398,
              43.08497222356051
            ],
            [
              -78.6681036207575,
              43.084965346083884
            ],
            [
              -78.66821775960217,
              43.08494022444055
            ],
            [
              -78.66838056428918,
              43.084916438417565
            ],
            [
              -78.66852279000864,
              43.08489884100001
            ],
            [
              -78.66859903867672,
              43.08488232150398
            ],
            [
              -78.66864113320332,
              43.084868914181044
            ],
            [
              -78.66872673454496,
              43.08484827195028
            ],
            [
              -78.66881936325483,
              43.08483379792145
            ],
            [
              -78.66894099023408,
              43.0848100418545
            ],
            [
              -78.66909864407003,
              43.084783171904846
            ],
            [
              -78.66923271747676,
              43.084764260033076
            ],
            [
              -78.66932742791339,
              43.08476139290408
            ],
            [
              -78.66957211853833,
              43.08473788569377
            ],
            [
              -78.66975738846297,
              43.08471751050992
            ],
            [
              -78.66999925768076,
              43.08468440217053
            ],
            [
              -78.67023877733382,
              43.08464443564222
            ],
            [
              -78.67041701967743,
              43.08461823418431
            ],
            [
              -78.67057091714211,
              43.08459685263372
            ],
            [
              -78.67079776379478,
              43.08454283269821
            ],
            [
              -78.67093622723439,
              43.08451391704332
            ],
            [
              -78.67116451724807,
              43.084474300145544
            ],
            [
              -78.67144847049244,
              43.084422292912706
            ],
            [
              -78.67172959404215,
              43.08435519634382
            ],
            [
              -78.67201445116534,
              43.08428089375491
            ],
            [
              -78.67230959808374,
              43.08420486669006
            ],
            [
              -78.67247845305533,
              43.084160148769556
            ],
            [
              -78.67257949190088,
              43.08413846270817
            ],
            [
              -78.6727563133254,
              43.084102998438375
            ],
            [
              -78.67290599786172,
              43.084069270005216
            ],
            [
              -78.67302293980048,
              43.08404276947904
            ],
            [
              -78.67319133368494,
              43.084004224383264
            ],
            [
              -78.67339153661324,
              43.083959480494194
            ],
            [
              -78.673521573016,
              43.083929196447585
            ],
            [
              -78.67362821372903,
              43.083898244769664
            ],
            [
              -78.67375919076053,
              43.08387138944194
            ],
            [
              -78.67393316954964,
              43.083847231109395
            ],
            [
              -78.67389392514455,
              43.08385413423874
            ],
            [
              -78.67404925277921,
              43.08384029138496
            ],
            [
              -78.67415546011566,
              43.08383300470563
            ],
            [
              -78.6743164066795,
              43.08382190171488
            ],
            [
              -78.67447594689776,
              43.08380908475214
            ],
            [
              -78.67463315918916,
              43.08380415780659
            ],
            [
              -78.67494198118827,
              43.083801853161916
            ],
            [
              -78.67520168009865,
              43.08380576064714
            ],
            [
              -78.67543472330308,
              43.08381997819391
            ],
            [
              -78.67568789437532,
              43.08383829470129
            ],
            [
              -78.67581003157954,
              43.08384574147409
            ],
            [
              -78.675929372687,
              43.08386073668831
            ],
            [
              -78.67615355402613,
              43.083892794544525
            ],
            [
              -78.67635059784804,
              43.08392658888882
            ],
            [
              -78.67662443519788,
              43.08397395462177
            ],
            [
              -78.67658558210358,
              43.08398607496726
            ],
            [
              -78.6767484953177,
              43.08403670211695
            ],
            [
              -78.67686180784433,
              43.084087026611016
            ],
            [
              -78.67704439794925,
              43.08415409996448
            ],
            [
              -78.67713100612416,
              43.084182495776616
            ],
            [
              -78.67722090027993,
              43.08421774828946
            ],
            [
              -78.67734965501283,
              43.08426737368198
            ],
            [
              -78.6774583244503,
              43.08434068149634
            ],
            [
              -78.67752860635385,
              43.08440201585238
            ],
            [
              -78.67757825786214,
              43.08443592930886
            ],
            [
              -78.67768316292675,
              43.08449517721039
            ],
            [
              -78.67780209527064,
              43.08454755397414
            ],
            [
              -78.67786951660783,
              43.08457322127823
            ],
            [
              -78.6779632766225,
              43.084589262618245
            ],
            [
              -78.67794676100104,
              43.08459750852886
            ],
            [
              -78.67806941388346,
              43.08463479112166
            ],
            [
              -78.6782000311055,
              43.08467824049609
            ],
            [
              -78.67834702418628,
              43.084720647206304
            ],
            [
              -78.67848977007252,
              43.08473973508947
            ],
            [
              -78.67865355675426,
              43.084747830131406
            ],
            [
              -78.67881967227268,
              43.08474974948023
            ],
            [
              -78.67899231202736,
              43.084734514480104
            ],
            [
              -78.67918177137405,
              43.084702116478645
            ],
            [
              -78.67930895025393,
              43.08466659363774
            ],
            [
              -78.67937117625188,
              43.084635763873266
            ],
            [
              -78.67957129618743,
              43.08453956328372
            ],
            [
              -78.6797161902176,
              43.08443654940822
            ],
            [
              -78.67976336310747,
              43.084380262077985
            ],
            [
              -78.67978946165634,
              43.08431336032678
            ],
            [
              -78.67984867411754,
              43.08417749214867
            ],
            [
              -78.67991020920066,
              43.08403099070986
            ],
            [
              -78.67994512508872,
              43.08391778010464
            ],
            [
              -78.67997146312216,
              43.0837058004657
            ],
            [
              -78.67996470121673,
              43.08356211212858
            ],
            [
              -78.67996469240937,
              43.0835565084408
            ],
            [
              -78.67996468360202,
              43.083550904752975
            ],
            [
              -78.67996467479466,
              43.08354530106517
            ],
            [
              -78.67996466598731,
              43.083539697377375
            ],
            [
              -78.67996465717997,
              43.08353409368955
            ],
            [
              -78.67996464837262,
              43.083528490001726
            ],
            [
              -78.67996463956527,
              43.083522886313894
            ],
            [
              -78.67996463075794,
              43.08351728262607
            ],
            [
              -78.67996462195059,
              43.08351167893821
            ],
            [
              -78.67998123048481,
              43.08337070654384
            ],
            [
              -78.67997159947465,
              43.08319716935289
            ],
            [
              -78.67995091494967,
              43.08313579461995
            ],
            [
              -78.67993579202815,
              43.08304046084253
            ],
            [
              -78.67993749283585,
              43.082931736905934
            ],
            [
              -78.67992187298178,
              43.08281788208986
            ],
            [
              -78.67990300316066,
              43.08272015065283
            ],
            [
              -78.67989913493629,
              43.08264058413305
            ],
            [
              -78.67989287764095,
              43.08252946609213
            ],
            [
              -78.67987877370619,
              43.082486949313136
            ],
            [
              -78.67986136215077,
              43.08242385602864
            ],
            [
              -78.67984808047198,
              43.082308971200504
            ],
            [
              -78.67984212539672,
              43.08209221713774
            ],
            [
              -78.67990337884132,
              43.081767711866405
            ],
            [
              -78.67995366566664,
              43.081610930636174
            ],
            [
              -78.6799946740945,
              43.08150491636241
            ],
            [
              -78.6800151871546,
              43.081457568721
            ],
            [
              -78.68003947032759,
              43.08142736655373
            ],
            [
              -78.68008244127464,
              43.081379313972306
            ],
            [
              -78.68012025612045,
              43.08132543518952
            ],
            [
              -78.68013705069797,
              43.08129386744114
            ],
            [
              -78.68014073878462,
              43.08125888104552
            ],
            [
              -78.68014302426154,
              43.08122458178274
            ],
            [
              -78.68015794884032,
              43.0811940445326
            ],
            [
              -78.6801775507311,
              43.081162474402234
            ],
            [
              -78.68020557254117,
              43.081129525247775
            ],
            [
              -78.68027188540499,
              43.08104818352019
            ],
            [
              -78.68036295057804,
              43.0809369829904
            ],
            [
              -78.68041151253126,
              43.08087195421277
            ],
            [
              -78.68045073840702,
              43.08082544219411
            ],
            [
              -78.68050909863241,
              43.08074547986716
            ],
            [
              -78.68057168111469,
              43.080672716361526
            ],
            [
              -78.68067633503676,
              43.08057556503419
            ],
            [
              -78.68078101200226,
              43.08049316234365
            ],
            [
              -78.68083055555188,
              43.08045985173013
            ],
            [
              -78.6809100651779,
              43.08043989150778
            ],
            [
              -78.6810391722215,
              43.080419888894184
            ],
            [
              -78.681097185558,
              43.080416752587176
            ],
            [
              -78.68115423310094,
              43.08039475354244
            ],
            [
              -78.6812154855957,
              43.080368978165794
            ],
            [
              -78.6812510161883,
              43.08035077018191
            ],
            [
              -78.68134033861914,
              43.08032291287643
            ],
            [
              -78.68146005180292,
              43.080281310511516
            ],
            [
              -78.68154418303135,
              43.08022498980939
            ],
            [
              -78.6815922861167,
              43.080169043859335
            ],
            [
              -78.68164505865967,
              43.080107263329936
            ],
            [
              -78.68168055276894,
              43.08006641900133
            ],
            [
              -78.6817268126009,
              43.0800283091923
            ],
            [
              -78.68177167640509,
              43.079995002192376
            ],
            [
              -78.68180347726235,
              43.079985371578324
            ],
            [
              -78.6818815987916,
              43.07997570107489
            ],
            [
              -78.6819943691447,
              43.079981777425694
            ],
            [
              -78.68211604367505,
              43.07999676328705
            ],
            [
              -78.68227842446593,
              43.08001102788339
            ],
            [
              -78.68244594476911,
              43.080021515091
            ],
            [
              -78.68251426165948,
              43.08002488563502
            ],
            [
              -78.68254983926096,
              43.08003617291554
            ],
            [
              -78.6826247575311,
              43.08007109121936
            ],
            [
              -78.68270342230508,
              43.080108064060816
            ],
            [
              -78.68280827663622,
              43.08013746867138
            ],
            [
              -78.68293559476601,
              43.08016925444942
            ],
            [
              -78.68300393853202,
              43.08018908739865
            ],
            [
              -78.6830427948667,
              43.08020242950994
            ],
            [
              -78.68312003079356,
              43.080223626534895
            ],
            [
              -78.68317994434693,
              43.08023832212929
            ],
            [
              -78.68323425163557,
              43.08025816808707
            ],
            [
              -78.68340095031495,
              43.08031791134747
            ],
            [
              -78.68341496976136,
              43.08032694782247
            ],
            [
              -78.68346928725624,
              43.0803529662795
            ],
            [
              -78.68351333136148,
              43.08039134074499
            ],
            [
              -78.68362013251593,
              43.080466358359885
            ],
            [
              -78.683698811829,
              43.08051156186172
            ],
            [
              -78.68378126855565,
              43.08057768336668
            ],
            [
              -78.68382438171975,
              43.080618802314675
            ],
            [
              -78.68390166555875,
              43.0806688085278
            ],
            [
              -78.68399159269632,
              43.080724977987764
            ],
            [
              -78.68410214724616,
              43.08080479347315
            ],
            [
              -78.68420520894746,
              43.08088118572241
            ],
            [
              -78.6843863333082,
              43.08105937294229
            ],
            [
              -78.68453303133983,
              43.08120946560944
            ],
            [
              -78.68469966503059,
              43.08138389153032
            ],
            [
              -78.6849082761804,
              43.081623445772124
            ],
            [
              -78.68496877394205,
              43.08170742050693
            ],
            [
              -78.68504290846725,
              43.081832196906426
            ],
            [
              -78.68517474164787,
              43.08204540991804
            ],
            [
              -78.68524839270191,
              43.08215955443689
            ],
            [
              -78.68529622167763,
              43.08222158998587
            ],
            [
              -78.68538575846097,
              43.08232234430155
            ],
            [
              -78.68543966817523,
              43.08238300247297
            ],
            [
              -78.6855127506769,
              43.08243678403612
            ],
            [
              -78.68558583330643,
              43.08249056555197
            ],
            [
              -78.68565423644286,
              43.082544009131816
            ],
            [
              -78.68573482009329,
              43.082606358174466
            ],
            [
              -78.68582992386224,
              43.08267761145852
            ],
            [
              -78.68593251329793,
              43.08274748605866
            ],
            [
              -78.68607070853687,
              43.08284476646079
            ],
            [
              -78.6862197234962,
              43.082976335185776
            ],
            [
              -78.68625730085617,
              43.08306273063637
            ],
            [
              -78.68632486533787,
              43.08317345018408
            ],
            [
              -78.68658181866441,
              43.08326728330493
            ],
            [
              -78.68659753808619,
              43.083380361146006
            ],
            [
              -78.68673907636904,
              43.083516393679446
            ],
            [
              -78.68685106627149,
              43.08361061004409
            ],
            [
              -78.68691620618017,
              43.08366988545391
            ],
            [
              -78.68696354755514,
              43.083718544778144
            ],
            [
              -78.68700760145866,
              43.08376000462491
            ],
            [
              -78.68706105711571,
              43.0838271798179
            ],
            [
              -78.68711874561892,
              43.08390635430557
            ],
            [
              -78.68714227516642,
              43.08398555975531
            ],
            [
              -78.68717848313247,
              43.08409116262468
            ],
            [
              -78.68723898642712,
              43.08417513611723
            ],
            [
              -78.68732811701926,
              43.08430881556497
            ],
            [
              -78.68738116072585,
              43.08440857252039
            ],
            [
              -78.68739343576436,
              43.08447304030086
            ],
            [
              -78.6873991895522,
              43.08455500563742
            ],
            [
              -78.68739549785533,
              43.084585533599395
            ],
            [
              -78.6874082327374,
              43.08464519933495
            ],
            [
              -78.68742190058559,
              43.08470315025461
            ],
            [
              -78.6874225322586,
              43.08479986808777
            ],
            [
              -78.68741189139539,
              43.08487155913824
            ],
            [
              -78.68742463216007,
              43.08493465459427
            ],
            [
              -78.68745660894434,
              43.08502791417644
            ],
            [
              -78.68745541428657,
              43.08515138646407
            ],
            [
              -78.6874312244679,
              43.08523543686884
            ],
            [
              -78.68740893415784,
              43.08533594824574
            ],
            [
              -78.6873824074707,
              43.085421715628
            ],
            [
              -78.68736244272426,
              43.085513993525325
            ],
            [
              -78.68734951425354,
              43.08561655421296
            ],
            [
              -78.68733049627853,
              43.08571534862854
            ],
            [
              -78.6872980126715,
              43.08587588951559
            ],
            [
              -78.6872827118862,
              43.08595924585622
            ],
            [
              -78.68728979812897,
              43.0859990242874
            ],
            [
              -78.68730250420212,
              43.08604154139614
            ],
            [
              -78.68732507399858,
              43.08610600071185
            ],
            [
              -78.68737299521072,
              43.08621948121396
            ],
            [
              -78.68745597795625,
              43.08631303736389
            ],
            [
              -78.68757029977449,
              43.08639901950436
            ],
            [
              -78.6876598312453,
              43.08649085467322
            ],
            [
              -78.6876884469651,
              43.08653232831093
            ],
            [
              -78.6877320412671,
              43.086577218906996
            ],
            [
              -78.6877779747294,
              43.086621763478
            ],
            [
              -78.68779203204618,
              43.08663306875474
            ],
            [
              -78.68785900582895,
              43.08666764786872
            ],
            [
              -78.687927377662,
              43.08669879593586
            ],
            [
              -78.68800233396757,
              43.08674948739813
            ],
            [
              -78.68820849838137,
              43.08690878106302
            ],
            [
              -78.68841373390433,
              43.08707081988859
            ],
            [
              -78.68847981193771,
              43.08712837864558
            ],
            [
              -78.6885379327594,
              43.08718457278784
            ],
            [
              -78.68863919707506,
              43.087294916928165
            ],
            [
              -78.68869359759148,
              43.087364490357054
            ],
            [
              -78.6887531085198,
              43.087412438254894
            ],
            [
              -78.68881402984206,
              43.08746415752337
            ],
            [
              -78.68888479399226,
              43.087525141451984
            ],
            [
              -78.6889925694907,
              43.08761078521785
            ],
            [
              -78.68903430583534,
              43.08766271472048
            ],
            [
              -78.68905987095053,
              43.08770419082429
            ],
            [
              -78.68914444318,
              43.08777236426219
            ],
            [
              -78.68922387983802,
              43.08783660495224
            ],
            [
              -78.68928594964805,
              43.08788079100214
            ],
            [
              -78.68937844579222,
              43.08793060112729
            ],
            [
              -78.68950325327265,
              43.08798296115203
            ],
            [
              -78.68965260562965,
              43.08802758719979
            ],
            [
              -78.68979235936982,
              43.08807341563604
            ],
            [
              -78.68991272019821,
              43.088130058858766
            ],
            [
              -78.69005158007592,
              43.088189949697664
            ],
            [
              -78.69019813816321,
              43.08824178006773
            ],
            [
              -78.69035731889761,
              43.088285874804164
            ]
          ]
        ]
      }
    },
    {
      "type": "Feature",
      "properties": {
        "name": "North Amherst Fire Protection District"
      },
      "geometry": {
        "type": "Polygon",
        "coordinates": [
          [
            [
              -78.74574684332683,
              43.068823766819285
            ],
            [
              -78.74576459797834,
              43.06881551024478
            ],
            [
              -78.74577673178511,
              43.068804517854446
            ],
            [
              -78.74579542202595,
              43.06879625994709
            ],
            [
              -78.74582441653178,
              43.06879278904191
            ],
            [
              -78.74587209944771,
              43.06878037426413
            ],
            [
              -78.74589267899248,
              43.068778973137064
            ],
            [
              -78.74596852595491,
              43.068802873550936
            ],
            [
              -78.74599481704632,
              43.068838505478084
            ],
            [
              -78.74602293945681,
              43.06885904394064
            ],
            [
              -78.74607072523686,
              43.068885042919476
            ],
            [
              -78.74633200671046,
              43.0689786459358
            ],
            [
              -78.74636853517083,
              43.06899368475612
            ],
            [
              -78.74648470808255,
              43.0690531966619
            ],
            [
              -78.74655592309962,
              43.06909425198679
            ],
            [
              -78.7467142325969,
              43.06916605061443
            ],
            [
              -78.7467498201902,
              43.06917903281198
            ],
            [
              -78.74682564427692,
              43.069194015365774
            ],
            [
              -78.74685560916195,
              43.06920357582349
            ],
            [
              -78.74690151217601,
              43.06922546055639
            ],
            [
              -78.74693427843158,
              43.06923295914574
            ],
            [
              -78.74696141463974,
              43.069234292244666
            ],
            [
              -78.7469856929347,
              43.069216422882725
            ],
            [
              -78.74698471718145,
              43.06920133342411
            ],
            [
              -78.74700900640771,
              43.069187579728975
            ],
            [
              -78.74709699891118,
              43.06920460254219
            ],
            [
              -78.74720369808696,
              43.06921954065857
            ],
            [
              -78.74730293198282,
              43.069241348851065
            ],
            [
              -78.7473460137344,
              43.06925774986456
            ],
            [
              -78.7473834837018,
              43.069274844854405
            ],
            [
              -78.7474274919553,
              43.06928781476948
            ],
            [
              -78.74753419867896,
              43.06930549635824
            ],
            [
              -78.74757914992136,
              43.06932120955363
            ],
            [
              -78.74779542547272,
              43.06937714667195
            ],
            [
              -78.7478487789568,
              43.06938598730688
            ],
            [
              -78.74804714923336,
              43.06939324738811
            ],
            [
              -78.74814447266726,
              43.069400652694306
            ],
            [
              -78.74830820958041,
              43.069402474612474
            ],
            [
              -78.74841300319765,
              43.069404381337996
            ],
            [
              -78.74851684217883,
              43.06939874391879
            ],
            [
              -78.74871144862594,
              43.06939846285451
            ],
            [
              -78.74874138070105,
              43.06939567580361
            ],
            [
              -78.74886955344057,
              43.069393432629624
            ],
            [
              -78.74892004671916,
              43.069382384413736
            ],
            [
              -78.74902481260438,
              43.06937400140093
            ],
            [
              -78.74916983114855,
              43.06937310539481
            ],
            [
              -78.74920913036313,
              43.06937442033432
            ],
            [
              -78.74927933793731,
              43.06938803750671
            ],
            [
              -78.74931864456744,
              43.0693920961894
            ],
            [
              -78.74935417544717,
              43.06938381327438
            ],
            [
              -78.74941488623182,
              43.06934531210142
            ],
            [
              -78.749441996609,
              43.06933704137916
            ],
            [
              -78.74951214674545,
              43.06932939410774
            ],
            [
              -78.74963938556382,
              43.069327837375596
            ],
            [
              -78.7496917851095,
              43.069329819058694
            ],
            [
              -78.74974889732387,
              43.0693441409268
            ],
            [
              -78.74982187281597,
              43.06934334883574
            ],
            [
              -78.7503327179643,
              43.069343976401896
            ],
            [
              -78.75040009034842,
              43.06934662185794
            ],
            [
              -78.7505460264001,
              43.06933954923751
            ],
            [
              -78.75069193255753,
              43.069321501308515
            ],
            [
              -78.75102392454205,
              43.06926613858197
            ],
            [
              -78.75112211076024,
              43.06924678812395
            ],
            [
              -78.75123527221635,
              43.06922947345502
            ],
            [
              -78.75138862339298,
              43.06919700880829
            ],
            [
              -78.75148491005,
              43.06916737160982
            ],
            [
              -78.75164106147092,
              43.069132158718325
            ],
            [
              -78.75179537784919,
              43.06911066727308
            ],
            [
              -78.75186225093974,
              43.069102337436924
            ],
            [
              -78.75194876227646,
              43.069090548888695
            ],
            [
              -78.75209563690318,
              43.06908484480495
            ],
            [
              -78.75228930794657,
              43.06908455903608
            ],
            [
              -78.75234077364814,
              43.06908722683304
            ],
            [
              -78.75242872033033,
              43.06908709691667
            ],
            [
              -78.7526261363372,
              43.069088176939964
            ],
            [
              -78.75272345038277,
              43.06909214862677
            ],
            [
              -78.75280768234353,
              43.06910162718823
            ],
            [
              -78.75284886967755,
              43.06910911161294
            ],
            [
              -78.75299110597484,
              43.06911781815651
            ],
            [
              -78.75310995222272,
              43.06912655922608
            ],
            [
              -78.75321848791916,
              43.0691284559997
            ],
            [
              -78.75343654548071,
              43.06915008241765
            ],
            [
              -78.75354419497314,
              43.06916981484497
            ],
            [
              -78.75361723476334,
              43.06919234246654
            ],
            [
              -78.75375860987151,
              43.06922780130519
            ],
            [
              -78.75401983973077,
              43.06929806460964
            ],
            [
              -78.7540713411848,
              43.069313079536876
            ],
            [
              -78.75415750840452,
              43.06934587644481
            ],
            [
              -78.75432052708193,
              43.06942588888993
            ],
            [
              -78.75437484575457,
              43.06944501425783
            ],
            [
              -78.75445821412693,
              43.06948055891309
            ],
            [
              -78.75454718861499,
              43.069513351328716
            ],
            [
              -78.75462588486012,
              43.06955096069484
            ],
            [
              -78.75467271817307,
              43.069569411176914
            ],
            [
              -78.75471862232045,
              43.06959060682266
            ],
            [
              -78.75475704352411,
              43.06961249960705
            ],
            [
              -78.75502309397548,
              43.06973282758646
            ],
            [
              -78.75520850628857,
              43.06979016978422
            ],
            [
              -78.7552347322223,
              43.06980041960989
            ],
            [
              -78.75535649559501,
              43.06984756704065
            ],
            [
              -78.75539771251746,
              43.069865339719506
            ],
            [
              -78.7554679930335,
              43.06990433305275
            ],
            [
              -78.75561693069285,
              43.06996653017925
            ],
            [
              -78.75568713842712,
              43.06997945747057
            ],
            [
              -78.7557414464763,
              43.06999446651702
            ],
            [
              -78.7557611232681,
              43.0700047260881
            ],
            [
              -78.75584266043803,
              43.0700539914458
            ],
            [
              -78.75590639142769,
              43.07009230843344
            ],
            [
              -78.75596356808778,
              43.070129263377126
            ],
            [
              -78.75602728644795,
              43.07016346462934
            ],
            [
              -78.75613032788672,
              43.070207210645606
            ],
            [
              -78.7562389696952,
              43.07024614557276
            ],
            [
              -78.7562914415902,
              43.07027350419129
            ],
            [
              -78.75638699456634,
              43.07031588849735
            ],
            [
              -78.7564769571112,
              43.0703665125546
            ],
            [
              -78.75656220234919,
              43.07040273877889
            ],
            [
              -78.75671767621675,
              43.07045943699074
            ],
            [
              -78.75685158843599,
              43.07050107683572
            ],
            [
              -78.75695274428327,
              43.070539336485695
            ],
            [
              -78.75701032879027,
              43.07055468293128
            ],
            [
              -78.75703045732048,
              43.0705591110418
            ],
            [
              -78.75707259532759,
              43.07057139413521
            ],
            [
              -78.7571419084233,
              43.07059804084506
            ],
            [
              -78.75726457043801,
              43.07063146591924
            ],
            [
              -78.75732824929557,
              43.07065126250217
            ],
            [
              -78.75748460185933,
              43.070687379902225
            ],
            [
              -78.75756883938584,
              43.07069822684294
            ],
            [
              -78.75779912943428,
              43.07074177664223
            ],
            [
              -78.75809305301438,
              43.07078934450653
            ],
            [
              -78.75866020745116,
              43.07084541065543
            ],
            [
              -78.7588220850418,
              43.070849964168545
            ],
            [
              -78.75902605937642,
              43.07085170904037
            ],
            [
              -78.75931801306993,
              43.070864293449986
            ],
            [
              -78.75944618844498,
              43.07086203842605
            ],
            [
              -78.759739010274,
              43.070850612256805
            ],
            [
              -78.75985031474669,
              43.07083809357007
            ],
            [
              -78.75997470025183,
              43.07081938105548
            ],
            [
              -78.76043488675165,
              43.07076859563013
            ],
            [
              -78.76056675300656,
              43.070748498999286
            ],
            [
              -78.76080060974292,
              43.07073030194192
            ],
            [
              -78.76083895463749,
              43.070724754890115
            ],
            [
              -78.76096796624081,
              43.07068819947999
            ],
            [
              -78.76110354888188,
              43.070659179141614
            ],
            [
              -78.76126341996836,
              43.070617086974664
            ],
            [
              -78.7613429005211,
              43.070600500625254
            ],
            [
              -78.76144484521132,
              43.07058662305062
            ],
            [
              -78.76153274431407,
              43.07056933751873
            ],
            [
              -78.76172066968222,
              43.07052240029022
            ],
            [
              -78.76177022593568,
              43.070511347867665
            ],
            [
              -78.76185061794877,
              43.070486528371625
            ],
            [
              -78.76197778907633,
              43.07046094985635
            ],
            [
              -78.76206005540641,
              43.07043681323479
            ],
            [
              -78.76214605695245,
              43.07041061287454
            ],
            [
              -78.76216569206522,
              43.07040612353239
            ],
            [
              -78.76219934555552,
              43.07039612469543
            ],
            [
              -78.76228818977265,
              43.07038226684426
            ],
            [
              -78.76241915790867,
              43.070375545463094
            ],
            [
              -78.7624462819612,
              43.07037241624854
            ],
            [
              -78.76246591404326,
              43.070366897938015
            ],
            [
              -78.76250893267262,
              43.07035997111497
            ],
            [
              -78.76274837906531,
              43.07033421589967
            ],
            [
              -78.76300838565072,
              43.07030088247948
            ],
            [
              -78.76320855436967,
              43.07028204743991
            ],
            [
              -78.76346768032671,
              43.07026723494916
            ],
            [
              -78.76359583016736,
              43.07025674394487
            ],
            [
              -78.76384372725386,
              43.070241948289656
            ],
            [
              -78.76441719486623,
              43.07021772006886
            ],
            [
              -78.76468849746041,
              43.07020768717949
            ],
            [
              -78.76508052727648,
              43.070208437140316
            ],
            [
              -78.76528914808544,
              43.07020056020177
            ],
            [
              -78.76543883295558,
              43.07019552047327
            ],
            [
              -78.76549124794444,
              43.070202296531185
            ],
            [
              -78.76561846167789,
              43.070191804752014
            ],
            [
              -78.76567270522081,
              43.07018417291157
            ],
            [
              -78.76572223933813,
              43.070165572487085
            ],
            [
              -78.76572121422745,
              43.07013539241996
            ],
            [
              -78.76571066413551,
              43.070048293868844
            ],
            [
              -78.7658762337292,
              43.07003636877453
            ],
            [
              -78.7658791281129,
              43.070065859911296
            ],
            [
              -78.76589907331369,
              43.07016597646601
            ],
            [
              -78.76594771734192,
              43.070163155062254
            ],
            [
              -78.76603748783708,
              43.07014654903093
            ],
            [
              -78.7660814537515,
              43.070143735038975
            ],
            [
              -78.76621618279809,
              43.07014351981
            ],
            [
              -78.76642484529732,
              43.070149359689395
            ],
            [
              -78.76645947339068,
              43.07015273402115
            ],
            [
              -78.76663255463595,
              43.07014971313305
            ],
            [
              -78.76670646849298,
              43.07014959471974
            ],
            [
              -78.76679344622796,
              43.07013779420469
            ],
            [
              -78.76696183212022,
              43.070128606816
            ],
            [
              -78.76714146669619,
              43.070126946538025
            ],
            [
              -78.76724250114246,
              43.07012266852859
            ],
            [
              -78.76731828209705,
              43.07012117482408
            ],
            [
              -78.76740246103013,
              43.07011212213677
            ],
            [
              -78.7674398631597,
              43.07010451654599
            ],
            [
              -78.76749780573911,
              43.070082472986655
            ],
            [
              -78.76753987688198,
              43.07007143011053
            ],
            [
              -78.76766332285274,
              43.070052710749785
            ],
            [
              -78.76772133110144,
              43.07005261729953
            ],
            [
              -78.76775032494307,
              43.07004914084118
            ],
            [
              -78.76777743726363,
              43.07004223766923
            ],
            [
              -78.76792241669034,
              43.07002828495517
            ],
            [
              -78.76806647897479,
              43.07002050706777
            ],
            [
              -78.76826757792172,
              43.07000028978182
            ],
            [
              -78.76843963632697,
              43.069968458007615
            ],
            [
              -78.7686061428446,
              43.069957213395995
            ],
            [
              -78.7687501717905,
              43.06993845953762
            ],
            [
              -78.76883338277457,
              43.06991843220157
            ],
            [
              -78.76892221858101,
              43.06990251136978
            ],
            [
              -78.76897644489209,
              43.069889390408946
            ],
            [
              -78.76905591826478,
              43.06987142681738
            ],
            [
              -78.76924665914481,
              43.06982996023917
            ],
            [
              -78.76934387167435,
              43.06979962056768
            ],
            [
              -78.76941025577305,
              43.069784421795674
            ],
            [
              -78.76951121475092,
              43.06975544778564
            ],
            [
              -78.76962712056854,
              43.06971890302975
            ],
            [
              -78.76970191755052,
              43.06970163254944
            ],
            [
              -78.76981222612613,
              43.069670585203525
            ],
            [
              -78.7699262936782,
              43.06964501920458
            ],
            [
              -78.77009455694481,
              43.06959604243354
            ],
            [
              -78.77012821806898,
              43.069589128016574
            ],
            [
              -78.77018336070171,
              43.06956983145729
            ],
            [
              -78.77024785105385,
              43.06954777581284
            ],
            [
              -78.77044979864282,
              43.06950011539244
            ],
            [
              -78.77047783141637,
              43.069488408440456
            ],
            [
              -78.7704964934894,
              43.06947191517289
            ],
            [
              -78.77052539922609,
              43.069439628346906
            ],
            [
              -78.77056834321243,
              43.06940869044179
            ],
            [
              -78.77064683307505,
              43.06937495055326
            ],
            [
              -78.770711331414,
              43.069355638425165
            ],
            [
              -78.77073564045581,
              43.06935011103729
            ],
            [
              -78.77079267061772,
              43.06933629867539
            ],
            [
              -78.77082538755185,
              43.06932664180842
            ],
            [
              -78.77096565308301,
              43.06930171779538
            ],
            [
              -78.77099368985294,
              43.0692913826058
            ],
            [
              -78.77110962322614,
              43.06926443957045
            ],
            [
              -78.77118715901639,
              43.069225213293294
            ],
            [
              -78.77124505454735,
              43.06918807705837
            ],
            [
              -78.77137109473085,
              43.06910075465055
            ],
            [
              -78.77143367520424,
              43.06906635441286
            ],
            [
              -78.7715158192948,
              43.06900448405748
            ],
            [
              -78.7715662535781,
              43.06897559130216
            ],
            [
              -78.7716250998143,
              43.06894394089273
            ],
            [
              -78.77172780991816,
              43.06887654896086
            ],
            [
              -78.77179319255553,
              43.06884077201649
            ],
            [
              -78.77181745925742,
              43.06882152461007
            ],
            [
              -78.77188935014209,
              43.068772017933085
            ],
            [
              -78.77196969581048,
              43.0687341583887
            ],
            [
              -78.77199304575517,
              43.0687210868872
            ],
            [
              -78.77205093488823,
              43.06868257835626
            ],
            [
              -78.77209109815482,
              43.06866056178436
            ],
            [
              -78.77211257053992,
              43.068645435511435
            ],
            [
              -78.77220400614617,
              43.068562970892536
            ],
            [
              -78.77226374301097,
              43.068516913776236
            ],
            [
              -78.7723393279559,
              43.0684523098609
            ],
            [
              -78.7724037552199,
              43.06841036061166
            ],
            [
              -78.77245134930872,
              43.06837049608854
            ],
            [
              -78.7725044839335,
              43.068307301056784
            ],
            [
              -78.77259963976297,
              43.06821797048783
            ],
            [
              -78.77267143941185,
              43.0681396536508
            ],
            [
              -78.77270969291699,
              43.06810529295595
            ],
            [
              -78.77277595482666,
              43.06805167934307
            ],
            [
              -78.77279272988756,
              43.06803038718499
            ],
            [
              -78.77280201813963,
              43.06800842147199
            ],
            [
              -78.77281589557097,
              43.067957638344076
            ],
            [
              -78.77284563141468,
              43.067891737197364
            ],
            [
              -78.77284744129922,
              43.067871841708126
            ],
            [
              -78.77285112023569,
              43.06785125717553
            ],
            [
              -78.77287531224633,
              43.06780800238524
            ],
            [
              -78.77289208720663,
              43.06778671021187
            ],
            [
              -78.77294247967411,
              43.067744783901205
            ],
            [
              -78.77298536839317,
              43.06769669647151
            ],
            [
              -78.77303762130717,
              43.06765133729501
            ],
            [
              -78.77311783694425,
              43.06757163432301
            ],
            [
              -78.7731569449938,
              43.06751120603254
            ],
            [
              -78.77318677552368,
              43.06747617319759
            ],
            [
              -78.77324459497252,
              43.06741571293257
            ],
            [
              -78.7732763262096,
              43.067390280192356
            ],
            [
              -78.77333412642531,
              43.06732364728073
            ],
            [
              -78.77343488873416,
              43.067232934798
            ],
            [
              -78.77346290082522,
              43.06721505361219
            ],
            [
              -78.77350955226518,
              43.06717381921119
            ],
            [
              -78.77359174265705,
              43.06712841002361
            ],
            [
              -78.77365894680709,
              43.0670775381166
            ],
            [
              -78.77374300083648,
              43.06702938192782
            ],
            [
              -78.77377941164015,
              43.06700462630825
            ],
            [
              -78.77383164638846,
              43.066953779209314
            ],
            [
              -78.77392590938553,
              43.06687953986227
            ],
            [
              -78.77400612589106,
              43.06680120815219
            ],
            [
              -78.77404066744954,
              43.06677714241131
            ],
            [
              -78.77407519622012,
              43.066748960992406
            ],
            [
              -78.77417506774493,
              43.0666733401932
            ],
            [
              -78.77422083381475,
              43.06664856973054
            ],
            [
              -78.7742637846388,
              43.066621060153864
            ],
            [
              -78.774340376489,
              43.06658046140203
            ],
            [
              -78.77438616159266,
              43.06656186347433
            ],
            [
              -78.77445808063943,
              43.066523330288774
            ],
            [
              -78.7745066126705,
              43.06648552207669
            ],
            [
              -78.77460377039174,
              43.06644008715311
            ],
            [
              -78.77468687108602,
              43.06638713022221
            ],
            [
              -78.77475317531153,
              43.06634826326439
            ],
            [
              -78.77481480379024,
              43.06631009003965
            ],
            [
              -78.77494742373977,
              43.06623578565787
            ],
            [
              -78.77498290444424,
              43.06621308995428
            ],
            [
              -78.77502492975225,
              43.06618901138091
            ],
            [
              -78.77507351034278,
              43.06616697965369
            ],
            [
              -78.77515476695466,
              43.06612294279706
            ],
            [
              -78.77525662280037,
              43.0660843580235
            ],
            [
              -78.77540142199018,
              43.066016206220844
            ],
            [
              -78.77559202564976,
              43.06593563022396
            ],
            [
              -78.77563778631095,
              43.06590948730434
            ],
            [
              -78.77568166724843,
              43.06588060373282
            ],
            [
              -78.77582179845783,
              43.065815888983025
            ],
            [
              -78.77592739343662,
              43.06577661227327
            ],
            [
              -78.77614326411761,
              43.06569873662295
            ],
            [
              -78.77630214843926,
              43.06564770775117
            ],
            [
              -78.7764124463992,
              43.065616654041776
            ],
            [
              -78.77648720417247,
              43.0655890899581
            ],
            [
              -78.77650776254836,
              43.065581509826515
            ],
            [
              -78.77656478360441,
              43.06556632269907
            ],
            [
              -78.77664702994103,
              43.065540117762694
            ],
            [
              -78.7767779064882,
              43.06550765704052
            ],
            [
              -78.77681435184495,
              43.06549456241178
            ],
            [
              -78.7768891222376,
              43.06547111373342
            ],
            [
              -78.77694708296059,
              43.065457296722485
            ],
            [
              -78.77697046730574,
              43.06545588526106
            ],
            [
              -78.77698915232534,
              43.06544762226435
            ],
            [
              -78.77701812834864,
              43.06543934184799
            ],
            [
              -78.77708267887947,
              43.06543854663257
            ],
            [
              -78.77715469865086,
              43.06543293709274
            ],
            [
              -78.77730244357181,
              43.06541005047587
            ],
            [
              -78.77739309753763,
              43.065379715062264
            ],
            [
              -78.77745014848745,
              43.06537413071859
            ],
            [
              -78.77747071533058,
              43.06536929419261
            ],
            [
              -78.77764277764514,
              43.065344308036444
            ],
            [
              -78.77780737497883,
              43.06532550784203
            ],
            [
              -78.77798133322116,
              43.06530806338615
            ],
            [
              -78.77839101675535,
              43.06528061384996
            ],
            [
              -78.77845649611615,
              43.06527775843164
            ],
            [
              -78.77858654445023,
              43.06527959446712
            ],
            [
              -78.77878774954932,
              43.06529914350268
            ],
            [
              -78.77888786148041,
              43.065301716269055
            ],
            [
              -78.77890938444514,
              43.065303394359454
            ],
            [
              -78.77907405984354,
              43.06530928634841
            ],
            [
              -78.77931826322323,
              43.065316756802765
            ],
            [
              -78.77945019464252,
              43.06532270432161
            ],
            [
              -78.77961864514695,
              43.06533887828174
            ],
            [
              -78.77963737135954,
              43.06534364779942
            ],
            [
              -78.77971037230591,
              43.06535243988222
            ],
            [
              -78.77979274090208,
              43.06536464557879
            ],
            [
              -78.77997894504297,
              43.06537392904648
            ],
            [
              -78.78019413358125,
              43.06537767476946
            ],
            [
              -78.7803573971899,
              43.065380823547024
            ],
            [
              -78.7803878046051,
              43.065381457140795
            ],
            [
              -78.78060026036614,
              43.06540784309879
            ],
            [
              -78.78083610152713,
              43.06543350235738
            ],
            [
              -78.78103826885183,
              43.06546059120565
            ],
            [
              -78.78129282795052,
              43.06548827502911
            ],
            [
              -78.7818338496297,
              43.06557239547015
            ],
            [
              -78.78186755370747,
              43.06557988243501
            ],
            [
              -78.78199347795879,
              43.065608473734905
            ],
            [
              -78.78227200894466,
              43.06567109802383
            ],
            [
              -78.78235627718853,
              43.065692215899155
            ],
            [
              -78.78255338367742,
              43.065745376903294
            ],
            [
              -78.78267464194171,
              43.0657774053164
            ],
            [
              -78.78281885025987,
              43.06581831092471
            ],
            [
              -78.78297891318763,
              43.06584341188399
            ],
            [
              -78.78303420873104,
              43.06587349712667
            ],
            [
              -78.78310724419559,
              43.06589257620445
            ],
            [
              -78.78313534196829,
              43.06590213042663
            ],
            [
              -78.78320088192963,
              43.06591779278977
            ],
            [
              -78.78332257296769,
              43.065938844588054
            ],
            [
              -78.78343117972175,
              43.06596403482464
            ],
            [
              -78.78350609891163,
              43.06598654009482
            ],
            [
              -78.78358763056202,
              43.066028926242815
            ],
            [
              -78.7836737775561,
              43.06605209770342
            ],
            [
              -78.78382536208663,
              43.066059377666754
            ],
            [
              -78.78385813782367,
              43.066068923515544
            ],
            [
              -78.78403129613828,
              43.066093314106496
            ],
            [
              -78.78439171725073,
              43.06616333501648
            ],
            [
              -78.78443850406211,
              43.0661659966003
            ],
            [
              -78.78471557158414,
              43.06620872410919
            ],
            [
              -78.78482135922722,
              43.06622980229677
            ],
            [
              -78.78484475041982,
              43.06623044705896
            ],
            [
              -78.78501788933575,
              43.06624866265689
            ],
            [
              -78.78534267788027,
              43.06629336237943
            ],
            [
              -78.7853763602486,
              43.0662939888665
            ],
            [
              -78.78549613656638,
              43.06630132276905
            ],
            [
              -78.78552234348702,
              43.066304706211206
            ],
            [
              -78.78568147423893,
              43.06633049098287
            ],
            [
              -78.78584340051256,
              43.06635284084547
            ],
            [
              -78.7860661372683,
              43.06637439681974
            ],
            [
              -78.78624116616412,
              43.066398094803255
            ],
            [
              -78.78641245521551,
              43.066422485103665
            ],
            [
              -78.78658845969571,
              43.066457841942835
            ],
            [
              -78.78663713154633,
              43.06646461496832
            ],
            [
              -78.78680834606848,
              43.066466368519926
            ],
            [
              -78.78698700421637,
              43.06645576150276
            ],
            [
              -78.78721618836825,
              43.066446436098346
            ],
            [
              -78.78745200208078,
              43.066461792543244
            ],
            [
              -78.78773363790721,
              43.066470893135545
            ],
            [
              -78.7879347870999,
              43.06647121963551
            ],
            [
              -78.78821076169525,
              43.066465924264214
            ],
            [
              -78.78839225493972,
              43.06646354135522
            ],
            [
              -78.78867567273312,
              43.06644588445913
            ],
            [
              -78.78900873822,
              43.066446658242775
            ],
            [
              -78.78917326152164,
              43.066405891497645
            ],
            [
              -78.78937050621799,
              43.06635820612755
            ],
            [
              -78.789742731245,
              43.06631912227367
            ],
            [
              -78.79025614203566,
              43.066255087879796
            ],
            [
              -78.79041515686056,
              43.06624588292306
            ],
            [
              -78.79057974338825,
              43.06622432058869
            ],
            [
              -78.79061244167436,
              43.066210542405635
            ],
            [
              -78.79075553104425,
              43.066195192286415
            ],
            [
              -78.7909388620825,
              43.06618319873368
            ],
            [
              -78.79112961603295,
              43.06615335675714
            ],
            [
              -78.79137653794213,
              43.06613370158958
            ],
            [
              -78.7915963274826,
              43.06611340932099
            ],
            [
              -78.79179273606236,
              43.06609590301514
            ],
            [
              -78.7920387242925,
              43.06607693316742
            ],
            [
              -78.79222107258367,
              43.066051220389454
            ],
            [
              -78.79235104243702,
              43.06602971868793
            ],
            [
              -78.79238370991955,
              43.066007022728485
            ],
            [
              -78.79239018187569,
              43.06598437461611
            ],
            [
              -78.79240707079566,
              43.06599874867412
            ],
            [
              -78.79248009763265,
              43.066014392043876
            ],
            [
              -78.79248267342739,
              43.0659464784672
            ],
            [
              -78.79251815913723,
              43.06592720705937
            ],
            [
              -78.79253873896569,
              43.06592648349149
            ],
            [
              -78.7926295365897,
              43.06594072238191
            ],
            [
              -78.79264002370718,
              43.065998322848486
            ],
            [
              -78.79272149516346,
              43.066020810100625
            ],
            [
              -78.79322470863168,
              43.06598627681582
            ],
            [
              -78.79327333869402,
              43.065980700029
            ],
            [
              -78.79347730933739,
              43.065985813248616
            ],
            [
              -78.79381503714505,
              43.06598313474245
            ],
            [
              -78.79418370288815,
              43.065998918842624
            ],
            [
              -78.79442512753789,
              43.066013564633735
            ],
            [
              -78.7944896831164,
              43.06601413148681
            ],
            [
              -78.79455890356277,
              43.066010574004494
            ],
            [
              -78.79480028354553,
              43.06601218607147
            ],
            [
              -78.79484798028739,
              43.06600729628836
            ],
            [
              -78.79486744059011,
              43.06595307041388
            ],
            [
              -78.79490463624768,
              43.06588715062967
            ],
            [
              -78.79495612936195,
              43.06589803059084
            ],
            [
              -78.7949685959426,
              43.06598649485091
            ],
            [
              -78.79502106483007,
              43.06600903409694
            ],
            [
              -78.79505289726818,
              43.06601583469141
            ],
            [
              -78.79522315750482,
              43.06601208983409
            ],
            [
              -78.79560116151085,
              43.06602305044006
            ],
            [
              -78.79654326447437,
              43.06602061316358
            ],
            [
              -78.79657590186915,
              43.065989684685974
            ],
            [
              -78.79659563885073,
              43.06601571393724
            ],
            [
              -78.79661064576113,
              43.06602666114092
            ],
            [
              -78.79672950157283,
              43.066038100690854
            ],
            [
              -78.79697928501521,
              43.06603489085447
            ],
            [
              -78.79721503873068,
              43.06603239264265
            ],
            [
              -78.79740823900333,
              43.06603443221789
            ],
            [
              -78.79795693911392,
              43.06603237556484
            ],
            [
              -78.79823851095587,
              43.066022929825465
            ],
            [
              -78.79853040616376,
              43.06602306725543
            ],
            [
              -78.79863897842499,
              43.066036582003655
            ],
            [
              -78.7987203812349,
              43.06603917261724
            ],
            [
              -78.79875594670246,
              43.06604322136294
            ],
            [
              -78.79890853219266,
              43.0660683141145
            ],
            [
              -78.7990226914928,
              43.066074273444514
            ],
            [
              -78.79909763209237,
              43.06610157010214
            ],
            [
              -78.79913133613472,
              43.06610836603318
            ],
            [
              -78.7992905466517,
              43.06615539612236
            ],
            [
              -78.79932518870889,
              43.066162876174246
            ],
            [
              -78.79945252675316,
              43.066191445589226
            ],
            [
              -78.7995760925269,
              43.066211790612925
            ],
            [
              -78.79970523071047,
              43.0662204638494
            ],
            [
              -78.79978288433799,
              43.066221002951195
            ],
            [
              -78.80008212598402,
              43.06618133753673
            ],
            [
              -78.8001316742021,
              43.066170954459935
            ],
            [
              -78.80044393203853,
              43.0661086271518
            ],
            [
              -78.80059448130514,
              43.06608707704489
            ],
            [
              -78.80071041375425,
              43.06606490565096
            ],
            [
              -78.80086555327253,
              43.06601865233503
            ],
            [
              -78.80091319615518,
              43.06599866926739
            ],
            [
              -78.80104496352926,
              43.06595726177892
            ],
            [
              -78.80110105298645,
              43.065944807993375
            ],
            [
              -78.80124124494425,
              43.065904756143475
            ],
            [
              -78.80140194470056,
              43.06584340065225
            ],
            [
              -78.80150662667114,
              43.065815077255245
            ],
            [
              -78.80160752497147,
              43.06577509986023
            ],
            [
              -78.80173642143507,
              43.06571586239742
            ],
            [
              -78.80188771232025,
              43.06564011926641
            ],
            [
              -78.80201291115526,
              43.06559323471978
            ],
            [
              -78.8021002177257,
              43.065546080404125
            ],
            [
              -78.80221180198149,
              43.06548584657467
            ],
            [
              -78.80237149207555,
              43.065404599151044
            ],
            [
              -78.80241814715069,
              43.0653702124331
            ],
            [
              -78.80266266658273,
              43.06520305864372
            ],
            [
              -78.80281483431708,
              43.0651115348906
            ],
            [
              -78.80297078538547,
              43.0650316656933
            ],
            [
              -78.80307721505034,
              43.06496904008893
            ],
            [
              -78.80333211028405,
              43.0648265590728
            ],
            [
              -78.80344877733928,
              43.064749508526106
            ],
            [
              -78.80354493111884,
              43.06469170298605
            ],
            [
              -78.80364673230433,
              43.064643490669226
            ],
            [
              -78.80377276253297,
              43.06456847960914
            ],
            [
              -78.80391931140788,
              43.06447628015319
            ],
            [
              -78.80404441404774,
              43.06440401437316
            ],
            [
              -78.80425361044523,
              43.064302776318364
            ],
            [
              -78.80449963858851,
              43.06416751136126
            ],
            [
              -78.80453931579302,
              43.06414445540475
            ],
            [
              -78.80461774939137,
              43.064102460920914
            ],
            [
              -78.80481751204049,
              43.06397997567183
            ],
            [
              -78.80498089360944,
              43.063886370372366
            ],
            [
              -78.80545214301088,
              43.06355620055518
            ],
            [
              -78.80557342433559,
              43.063462676108436
            ],
            [
              -78.80571051605037,
              43.06334373981785
            ],
            [
              -78.80585315084056,
              43.063205586926024
            ],
            [
              -78.8059407115994,
              43.063101152470715
            ],
            [
              -78.80614569140272,
              43.062870959920666
            ],
            [
              -78.80629181382372,
              43.06266283293141
            ],
            [
              -78.80636155628522,
              43.0625467717324
            ],
            [
              -78.80641726351277,
              43.06243005100013
            ],
            [
              -78.80647484899004,
              43.062315385322016
            ],
            [
              -78.8065938459027,
              43.062109368660515
            ],
            [
              -78.80667449187789,
              43.06190479771659
            ],
            [
              -78.80680134990169,
              43.06154511208479
            ],
            [
              -78.8068196659563,
              43.06143669642819
            ],
            [
              -78.80683132892734,
              43.06129948391502
            ],
            [
              -78.80683892850485,
              43.0610737910492
            ],
            [
              -78.80683195410218,
              43.06095650743809
            ],
            [
              -78.80682487259435,
              43.060809728237174
            ],
            [
              -78.80682769513056,
              43.06055660673054
            ],
            [
              -78.80682280850095,
              43.060498996575795
            ],
            [
              -78.8068008268591,
              43.06037076707641
            ],
            [
              -78.80677107391273,
              43.06016366772815
            ],
            [
              -78.80673611058734,
              43.06006701720036
            ],
            [
              -78.80671144740747,
              43.05997309035127
            ],
            [
              -78.80668469428018,
              43.059818804074
            ],
            [
              -78.80668151443436,
              43.05971591704844
            ],
            [
              -78.80666527805379,
              43.05962403158386
            ],
            [
              -78.80664816352322,
              43.05954792465384
            ],
            [
              -78.8066207416206,
              43.05946703618908
            ],
            [
              -78.80658462198933,
              43.059309338404596
            ],
            [
              -78.80653734184561,
              43.05916949614447
            ],
            [
              -78.80650323529909,
              43.059050893490664
            ],
            [
              -78.80645978686543,
              43.05893573878326
            ],
            [
              -78.80642587208615,
              43.05886995379957
            ],
            [
              -78.80634501118003,
              43.05875624296833
            ],
            [
              -78.80632623769341,
              43.05873844487652
            ],
            [
              -78.8062952139937,
              43.05869597648459
            ],
            [
              -78.80624548896452,
              43.05865560235938
            ],
            [
              -78.80616201984093,
              43.05859677329657
            ],
            [
              -78.8060522480768,
              43.058507127657414
            ],
            [
              -78.80596781038491,
              43.05843869704975
            ],
            [
              -78.80590588291102,
              43.058386684479004
            ],
            [
              -78.80582895879913,
              43.05832647054295
            ],
            [
              -78.80570317158545,
              43.05820530204325
            ],
            [
              -78.80565149717292,
              43.058142981073686
            ],
            [
              -78.80563361738254,
              43.05811351999581
            ],
            [
              -78.80561849930761,
              43.058071706467345
            ],
            [
              -78.80558746156906,
              43.05802512221111
            ],
            [
              -78.80555930696119,
              43.057999796769494
            ],
            [
              -78.8054561383918,
              43.057925227706264
            ],
            [
              -78.80541674634694,
              43.05789649429395
            ],
            [
              -78.80535955643062,
              43.05786093590747
            ],
            [
              -78.80528827577052,
              43.05780894204261
            ],
            [
              -78.80527228689883,
              43.057784964832074
            ],
            [
              -78.80526098260012,
              43.05776303638226
            ],
            [
              -78.80520459724941,
              43.057691121053445
            ],
            [
              -78.80513511854345,
              43.0576199170222
            ],
            [
              -78.80509094342825,
              43.05756169695298
            ],
            [
              -78.80507025285958,
              43.057530869332126
            ],
            [
              -78.8049509500261,
              43.057391165896234
            ],
            [
              -78.80487293093475,
              43.057286366730374
            ],
            [
              -78.80483154775362,
              43.05722402545764
            ],
            [
              -78.80473948422693,
              43.057115137683965
            ],
            [
              -78.80462148371433,
              43.05694696448183
            ],
            [
              -78.80459093350417,
              43.05690552362229
            ],
            [
              -78.80452981101784,
              43.05681646837732
            ],
            [
              -78.80446201512065,
              43.05669244258128
            ],
            [
              -78.80443475510226,
              43.05665545399084
            ],
            [
              -78.80440660898897,
              43.05663218609062
            ],
            [
              -78.80437941801802,
              43.05661440393258
            ],
            [
              -78.80436908168903,
              43.05660138996059
            ],
            [
              -78.80429618200432,
              43.05635870469249
            ],
            [
              -78.8042762257083,
              43.05627162766106
            ],
            [
              -78.80426152236745,
              43.056084390983344
            ],
            [
              -78.80424144802338,
              43.05596438860128
            ],
            [
              -78.8042397542601,
              43.05575311946999
            ],
            [
              -78.80425217021511,
              43.0555637725748
            ],
            [
              -78.80427326811635,
              43.05544780639788
            ],
            [
              -78.80431851861331,
              43.05528480604423
            ],
            [
              -78.80403794366185,
              43.055167020304644
            ],
            [
              -78.80401171097083,
              43.05515540975135
            ],
            [
              -78.8039864124482,
              43.055143454416175
            ],
            [
              -78.80396111270584,
              43.05513115610301
            ],
            [
              -78.8039362782087,
              43.055118170937945
            ],
            [
              -78.80391144372203,
              43.05510518576745
            ],
            [
              -78.80388707571039,
              43.055091856717794
            ],
            [
              -78.8038631741739,
              43.055078183789334
            ],
            [
              -78.80383973788379,
              43.05506382400995
            ],
            [
              -78.803816769298,
              43.05504946332467
            ],
            [
              -78.80379660688239,
              43.055035097228945
            ],
            [
              -78.80373564462955,
              43.05498994198666
            ],
            [
              -78.80368406456124,
              43.054953000040776
            ],
            [
              -78.80362779535467,
              43.05491229437569
            ],
            [
              -78.8034590041256,
              43.054794634952536
            ],
            [
              -78.80344493781038,
              43.054784715740055
            ],
            [
              -78.80340273766545,
              43.05475461511975
            ],
            [
              -78.8033877323074,
              43.0547436687817
            ],
            [
              -78.8033464651481,
              43.05471288039696
            ],
            [
              -78.80333239764367,
              43.054702618198064
            ],
            [
              -78.8032775307442,
              43.05466156668836
            ],
            [
              -78.80323392034231,
              43.054629410866916
            ],
            [
              -78.8031776480539,
              43.05458767605971
            ],
            [
              -78.80312137461429,
              43.054545941226685
            ],
            [
              -78.80306510369999,
              43.05450489231035
            ],
            [
              -78.8030088353125,
              43.054464186335906
            ],
            [
              -78.8029525669994,
              43.054423480333384
            ],
            [
              -78.80289629876073,
              43.05438277430272
            ],
            [
              -78.80284003059329,
              43.05434206734377
            ],
            [
              -78.8027837625035,
              43.054301361256854
            ],
            [
              -78.80254696085717,
              43.0541279268791
            ],
            [
              -78.80249069193569,
              43.05408687767327
            ],
            [
              -78.8024461457529,
              43.054054723340194
            ],
            [
              -78.80238987940704,
              43.054014360028894
            ],
            [
              -78.80233361313493,
              43.05397399668948
            ],
            [
              -78.80232001365344,
              43.0539637334691
            ],
            [
              -78.80227734571656,
              43.05393329034949
            ],
            [
              -78.80226374503341,
              43.05392268414983
            ],
            [
              -78.80222107714965,
              43.05389224010873
            ],
            [
              -78.80220747648526,
              43.05388163390225
            ],
            [
              -78.80215167569959,
              43.05384058363255
            ],
            [
              -78.80210853537079,
              43.053808769453305
            ],
            [
              -78.80205226581467,
              43.05376737705587
            ],
            [
              -78.80199599877126,
              43.05372667057526
            ],
            [
              -78.80180938840341,
              43.053594295720956
            ],
            [
              -78.80177094106963,
              43.053566931126426
            ],
            [
              -78.80175218509761,
              43.05355324793166
            ],
            [
              -78.80171467561244,
              43.05352656747776
            ],
            [
              -78.80154587481651,
              43.05340410357286
            ],
            [
              -78.80152477567655,
              43.05338905290888
            ],
            [
              -78.80148960965576,
              43.05336373981174
            ],
            [
              -78.80146757275128,
              43.053348004975
            ],
            [
              -78.80132081583102,
              43.05324299133224
            ],
            [
              -78.80129549675368,
              43.05322486188986
            ],
            [
              -78.80126455096512,
              43.053202627458674
            ],
            [
              -78.80123876181317,
              43.0531838129491
            ],
            [
              -78.80112529093168,
              43.053101714984116
            ],
            [
              -78.80109575072883,
              43.05308016378154
            ],
            [
              -78.80106808853986,
              43.05306066684735
            ],
            [
              -78.80103948737256,
              43.05304014276807
            ],
            [
              -78.80101041854631,
              43.05301961957109
            ],
            [
              -78.80098322408624,
              43.05300012082632
            ],
            [
              -78.80095228094878,
              43.05297857225441
            ],
            [
              -78.80092696208878,
              43.05296044272921
            ],
            [
              -78.8008950787868,
              43.05293752402978
            ],
            [
              -78.80087069531503,
              43.0529193927138
            ],
            [
              -78.8008411504407,
              43.05289646955419
            ],
            [
              -78.80081442255688,
              43.05287662780742
            ],
            [
              -78.80078768984335,
              43.052855414164085
            ],
            [
              -78.80075814503063,
              43.05283249098266
            ],
            [
              -78.80073563234673,
              43.05281435608332
            ],
            [
              -78.80070186637387,
              43.05278801115716
            ],
            [
              -78.8006831072434,
              43.05277329886658
            ],
            [
              -78.80064557811089,
              43.0527407875229
            ],
            [
              -78.80059582768995,
              43.05269115062499
            ],
            [
              -78.80056388170553,
              43.052650397257686
            ],
            [
              -78.80053661009201,
              43.05260894905996
            ],
            [
              -78.80053281301844,
              43.05259317942204
            ],
            [
              -78.80051448414292,
              43.052567833165206
            ],
            [
              -78.80049750264386,
              43.05252670840427
            ],
            [
              -78.80048426255944,
              43.05248557654139
            ],
            [
              -78.80047429620846,
              43.05244443846527
            ],
            [
              -78.8004685389311,
              43.05240329240211
            ],
            [
              -78.80046558769978,
              43.05236214101453
            ],
            [
              -78.80045968524934,
              43.05227983823822
            ],
            [
              -78.80044788039396,
              43.05211523178083
            ],
            [
              -78.80044492919103,
              43.05207408039056
            ],
            [
              -78.80044244566272,
              43.052032928112716
            ],
            [
              -78.80042365805559,
              43.051744864819156
            ],
            [
              -78.80042070688765,
              43.05170371342554
            ],
            [
              -78.80040145181997,
              43.05141565009821
            ],
            [
              -78.80039850068351,
              43.05137449870157
            ],
            [
              -78.80036557078526,
              43.05092183330002
            ],
            [
              -78.80036308735963,
              43.05088068101191
            ],
            [
              -78.8003353022425,
              43.05042800580579
            ],
            [
              -78.80033281885832,
              43.05038685351338
            ],
            [
              -78.80030643716522,
              43.049934175599866
            ],
            [
              -78.8003044214759,
              43.04989302241659
            ],
            [
              -78.800282071532,
              43.049522650830276
            ],
            [
              -78.80027958822242,
              43.04948149853005
            ],
            [
              -78.8002775725671,
              43.04944034534293
            ],
            [
              -78.80025835146063,
              43.04902881078036
            ],
            [
              -78.80025633825282,
              43.04898834353515
            ],
            [
              -78.80025338491596,
              43.04894650527099
            ],
            [
              -78.8002370824381,
              43.0486995940939
            ],
            [
              -78.80023459919403,
              43.04865844178659
            ],
            [
              -78.80021149250565,
              43.04820575750675
            ],
            [
              -78.80020947694106,
              43.048164604309065
            ],
            [
              -78.80018280721687,
              43.0476296126942
            ],
            [
              -78.80017137503343,
              43.04743756735255
            ],
            [
              -78.80015797575064,
              43.04721808861424
            ],
            [
              -78.80015300949603,
              43.04713578307378
            ],
            [
              -78.80015052637546,
              43.04709463075315
            ],
            [
              -78.80012630792383,
              43.0467242633944
            ],
            [
              -78.80012335720573,
              43.04668311105578
            ],
            [
              -78.80010133230815,
              43.046271582478816
            ],
            [
              -78.80008404884516,
              43.04601129608602
            ],
            [
              -78.80007919992404,
              43.0459622598049
            ],
            [
              -78.80007627825881,
              43.045929339711435
            ],
            [
              -78.80007289018032,
              43.04589676347628
            ],
            [
              -78.80006856565066,
              43.04586384603898
            ],
            [
              -78.80006470874915,
              43.04583092771576
            ],
            [
              -78.80005945018645,
              43.045798354121665
            ],
            [
              -78.80005232114084,
              43.045765784969376
            ],
            [
              -78.80004332281933,
              43.04573356233137
            ],
            [
              -78.80003338926238,
              43.04570134146336
            ],
            [
              -78.80002158643427,
              43.045669467108816
            ],
            [
              -78.80000791554473,
              43.04563828224025
            ],
            [
              -78.79999284180387,
              43.04560710002562
            ],
            [
              -78.79997683281492,
              43.04557626255456
            ],
            [
              -78.7999598922405,
              43.04554611279505
            ],
            [
              -78.79994014716313,
              43.045516311316206
            ],
            [
              -78.79991853524142,
              43.04548754229269
            ],
            [
              -78.79989458764976,
              43.04545946363529
            ],
            [
              -78.79987344459607,
              43.04543103669103
            ],
            [
              -78.79984903063306,
              43.04540330188153
            ],
            [
              -78.79983118749372,
              43.045382414143035
            ],
            [
              -78.799553890013,
              43.0453832813502
            ],
            [
              -78.78384817690777,
              43.04521226380721
            ],
            [
              -78.78040028748299,
              43.045178810607005
            ],
            [
              -78.7786835985877,
              43.04516426200846
            ],
            [
              -78.77061598833473,
              43.04510263690129
            ],
            [
              -78.76972746452724,
              43.0450889965496
            ],
            [
              -78.7696891187578,
              43.04508871602058
            ],
            [
              -78.76961664305222,
              43.04509054888951
            ],
            [
              -78.76962237901209,
              43.04513169659778
            ],
            [
              -78.76962764736041,
              43.045172845066595
            ],
            [
              -78.76963818407847,
              43.04525514200264
            ],
            [
              -78.76964298482797,
              43.04529629123106
            ],
            [
              -78.76964778558396,
              43.045337440459
            ],
            [
              -78.76965258634647,
              43.045378589686436
            ],
            [
              -78.76965691949431,
              43.04541973967466
            ],
            [
              -78.76966125265075,
              43.04546089056261
            ],
            [
              -78.76966511818856,
              43.04550204131124
            ],
            [
              -78.76966945135374,
              43.04554319129807
            ],
            [
              -78.76967284927993,
              43.0455843428072
            ],
            [
              -78.76967624824889,
              43.04562583728956
            ],
            [
              -78.76967964514624,
              43.04566664582423
            ],
            [
              -78.7696830441245,
              43.04570814030579
            ],
            [
              -78.76974666957658,
              43.04648967922901
            ],
            [
              -78.7697495999792,
              43.046530831490536
            ],
            [
              -78.76977291870358,
              43.04681889363994
            ],
            [
              -78.76977584914017,
              43.046860045898356
            ],
            [
              -78.76981815390971,
              43.047395019265444
            ],
            [
              -78.76982108440534,
              43.04743617151844
            ],
            [
              -78.76982401490496,
              43.04747732377105
            ],
            [
              -78.76986258044816,
              43.04801264613197
            ],
            [
              -78.76986550996504,
              43.048053455405764
            ],
            [
              -78.76986844052517,
              43.048094607652686
            ],
            [
              -78.76990466759547,
              43.048629591677866
            ],
            [
              -78.76990759821058,
              43.04867074391954
            ],
            [
              -78.76995121627186,
              43.04932918597057
            ],
            [
              -78.76995368138141,
              43.04937102491529
            ],
            [
              -78.76995660998665,
              43.04941149120337
            ],
            [
              -78.7699985753131,
              43.049987622727286
            ],
            [
              -78.77000150605876,
              43.050028774956516
            ],
            [
              -78.77001615984739,
              43.05023453609685
            ],
            [
              -78.77001909061713,
              43.050275688323794
            ],
            [
              -78.7700254198274,
              43.05035799201362
            ],
            [
              -78.77002835061225,
              43.05039914513961
            ],
            [
              -78.7700687894632,
              43.05093412112509
            ],
            [
              -78.77007218796646,
              43.050975272582406
            ],
            [
              -78.77009410695695,
              43.05126333582501
            ],
            [
              -78.77009750549882,
              43.05130448817933
            ],
            [
              -78.77010723347725,
              43.05142794330254
            ],
            [
              -78.77012193688707,
              43.05164982412181
            ],
            [
              -78.76983153118202,
              43.05165612831225
            ],
            [
              -78.76955093938221,
              43.05165967199762
            ],
            [
              -78.76949482122556,
              43.05166044924681
            ],
            [
              -78.76865303591283,
              43.05166867495367
            ],
            [
              -78.76859691670278,
              43.051669108789305
            ],
            [
              -78.76747453621856,
              43.05167949459173
            ],
            [
              -78.76741841576087,
              43.05167992785147
            ],
            [
              -78.76736229652978,
              43.05168036108173
            ],
            [
              -78.76595930385149,
              43.05168809613845
            ],
            [
              -78.76590318460023,
              43.05168852865322
            ],
            [
              -78.76511750768492,
              43.05169252313262
            ],
            [
              -78.76506138842232,
              43.05169295523463
            ],
            [
              -78.76466855031106,
              43.051695293233465
            ],
            [
              -78.76461243104202,
              43.05169572511533
            ],
            [
              -78.7645563117721,
              43.05169615696969
            ],
            [
              -78.7635461582915,
              43.05170255375297
            ],
            [
              -78.76349003900611,
              43.051702985084496
            ],
            [
              -78.76247989026228,
              43.05171108732376
            ],
            [
              -78.7624237709599,
              43.05171151813244
            ],
            [
              -78.7619748175047,
              43.05171530658482
            ],
            [
              -78.76191869796173,
              43.05171608012119
            ],
            [
              -78.76085242966055,
              43.05172425555454
            ],
            [
              -78.76079631033211,
              43.05172468556524
            ],
            [
              -78.76029123708149,
              43.051729240372005
            ],
            [
              -78.75898973421953,
              43.05173947771467
            ],
            [
              -78.75755635458987,
              43.05175264399434
            ],
            [
              -78.7551282825563,
              43.05178272368403
            ],
            [
              -78.75507216408252,
              43.0517834938615
            ],
            [
              -78.75495992713047,
              43.05178503413397
            ],
            [
              -78.7549038086522,
              43.0517858042289
            ],
            [
              -78.7539497937399,
              43.05179957758399
            ],
            [
              -78.75389367523417,
              43.05180034718367
            ],
            [
              -78.75265905489712,
              43.05181349870901
            ],
            [
              -78.75260293541734,
              43.05181392470218
            ],
            [
              -78.75254681687962,
              43.05181469364148
            ],
            [
              -78.75243457885738,
              43.05181588846389
            ],
            [
              -78.75237846031547,
              43.051816657320636
            ],
            [
              -78.7514244255609,
              43.051823550153635
            ],
            [
              -78.75136830512517,
              43.051823632567825
            ],
            [
              -78.75131218375321,
              43.05182337198089
            ],
            [
              -78.75125606331734,
              43.051823454340045
            ],
            [
              -78.75114382337995,
              43.051823961949395
            ],
            [
              -78.75108770387781,
              43.05182438719964
            ],
            [
              -78.75097546393683,
              43.05182489464387
            ],
            [
              -78.75091934443242,
              43.05182531981155
            ],
            [
              -78.75080710512673,
              43.05182651303975
            ],
            [
              -78.75075098561943,
              43.051826938124876
            ],
            [
              -78.75063874660223,
              43.05182778821252
            ],
            [
              -78.75058262709234,
              43.0518282132151
            ],
            [
              -78.74946023796174,
              43.05183807938574
            ],
            [
              -78.74940411843252,
              43.051838503810394
            ],
            [
              -78.74828173164704,
              43.0518493873447
            ],
            [
              -78.74822561209766,
              43.05184981119153
            ],
            [
              -78.74743993891714,
              43.051856428106795
            ],
            [
              -78.74738381935425,
              43.05185685154085
            ],
            [
              -78.74553186871228,
              43.05187046645874
            ],
            [
              -78.7454757491206,
              43.051870888957204
            ],
            [
              -78.74519515082393,
              43.05187334401212
            ],
            [
              -78.74513903122684,
              43.05187376634547
            ],
            [
              -78.7426136435656,
              43.05189274287176
            ],
            [
              -78.74255752392934,
              43.05189316393926
            ],
            [
              -78.74250140429221,
              43.05189358497929
            ],
            [
              -78.74205244770607,
              43.05189763825788
            ],
            [
              -78.74174753057342,
              43.05189977560954
            ],
            [
              -78.74143512680874,
              43.05190089356672
            ],
            [
              -78.74137900715529,
              43.05190131405635
            ],
            [
              -78.74132288750097,
              43.05190173451847
            ],
            [
              -78.74115452853295,
              43.05190299573975
            ],
            [
              -78.74109840887525,
              43.05190341609178
            ],
            [
              -78.74087392900844,
              43.0519050972265
            ],
            [
              -78.74081780934651,
              43.05190551744096
            ],
            [
              -78.74070557002008,
              43.05190635778732
            ],
            [
              -78.74064945035559,
              43.05190677791925
            ],
            [
              -78.74059333244284,
              43.05190788397122
            ],
            [
              -78.74053721890786,
              43.051910704864696
            ],
            [
              -78.74048111062167,
              43.05191558357343
            ],
            [
              -78.74042500547576,
              43.05192217712535
            ],
            [
              -78.74040163153813,
              43.05192598193239
            ],
            [
              -78.74039295177754,
              43.05182344431847
            ],
            [
              -78.74034641845104,
              43.05118180009564
            ],
            [
              -78.74034581565445,
              43.05094549111135
            ],
            [
              -78.74034274278361,
              43.049557472390674
            ],
            [
              -78.73718141516915,
              43.04956793940545
            ],
            [
              -78.73722405500926,
              43.05091063231626
            ],
            [
              -78.73715479621427,
              43.05089289072315
            ],
            [
              -78.73707194352211,
              43.05086247637258
            ],
            [
              -78.73694741925382,
              43.0508122262499
            ],
            [
              -78.73678869169207,
              43.05073629872824
            ],
            [
              -78.73666463434422,
              43.05068604767061
            ],
            [
              -78.7365471376406,
              43.05064058934616
            ],
            [
              -78.73642964111025,
              43.05059513090044
            ],
            [
              -78.73635382967329,
              43.05057499676146
            ],
            [
              -78.73625742927236,
              43.05055008843454
            ],
            [
              -78.73618818989775,
              43.0505398916812
            ],
            [
              -78.73607080578577,
              43.05054004840305
            ],
            [
              -78.73591209360725,
              43.050469607242576
            ],
            [
              -78.73583626974725,
              43.050444328150405
            ],
            [
              -78.73579452311208,
              43.05039396553316
            ],
            [
              -78.73580144965646,
              43.05035828689515
            ],
            [
              -78.73578769979852,
              43.050282507714975
            ],
            [
              -78.73572535086508,
              43.05022188416114
            ],
            [
              -78.73563533555317,
              43.05013111558448
            ],
            [
              -78.73559401877792,
              43.050065319339126
            ],
            [
              -78.73553869660174,
              43.05000983095917
            ],
            [
              -78.73546932062638,
              43.04994407108121
            ],
            [
              -78.73538644547494,
              43.049903710156286
            ],
            [
              -78.73531766277081,
              43.049888710616415
            ],
            [
              -78.73523487496932,
              43.049883675903736
            ],
            [
              -78.73518670725477,
              43.04988408280177
            ],
            [
              -78.73511375800337,
              43.04988623742419
            ],
            [
              -78.73500947072615,
              43.04988637568691
            ],
            [
              -78.73490238810828,
              43.04989131920857
            ],
            [
              -78.73485750748544,
              43.04989720921667
            ],
            [
              -78.73482478169173,
              43.049901368242594
            ],
            [
              -78.73471774074747,
              43.04992277434248
            ],
            [
              -78.73465140185466,
              43.04995064306045
            ],
            [
              -78.73460703433831,
              43.04997505384878
            ],
            [
              -78.73454676308238,
              43.04999811283368
            ],
            [
              -78.73448229802763,
              43.05002735087789
            ],
            [
              -78.73445706728282,
              43.05003664452627
            ],
            [
              -78.73440479911443,
              43.050081300300306
            ],
            [
              -78.73438010584736,
              43.05011906015682
            ],
            [
              -78.73434933215432,
              43.05015648505635
            ],
            [
              -78.73428738474047,
              43.05025945931644
            ],
            [
              -78.73422964307957,
              43.050360713120426
            ],
            [
              -78.7341364229055,
              43.0504880806566
            ],
            [
              -78.73404785460549,
              43.05060549481024
            ],
            [
              -78.73398583947021,
              43.05068068800673
            ],
            [
              -78.73387021829446,
              43.05082763348444
            ],
            [
              -78.73379928525144,
              43.05088980615464
            ],
            [
              -78.73373587575271,
              43.05096877377104
            ],
            [
              -78.73367522812934,
              43.05103024599492
            ],
            [
              -78.73361274444656,
              43.05110543959932
            ],
            [
              -78.73356433076673,
              43.05119707750225
            ],
            [
              -78.73353783282941,
              43.051262277542826
            ],
            [
              -78.73344468932402,
              43.051422227024126
            ],
            [
              -78.73338692094273,
              43.05151353414185
            ],
            [
              -78.73336595528752,
              43.051546144257316
            ],
            [
              -78.73334265962468,
              43.051582187173175
            ],
            [
              -78.7332806668767,
              43.05166732622141
            ],
            [
              -78.73319150817058,
              43.051735695034616
            ],
            [
              -78.73311306646512,
              43.0517879308264
            ],
            [
              -78.73303599554482,
              43.05182747379515
            ],
            [
              -78.73296498129682,
              43.05185706251762
            ],
            [
              -78.73288504122755,
              43.05187020005963
            ],
            [
              -78.73280042441226,
              43.05188334365389
            ],
            [
              -78.7327335549268,
              43.05188651774335
            ],
            [
              -78.73264049667773,
              43.05189006893858
            ],
            [
              -78.73254694912868,
              43.05188470334581
            ],
            [
              -78.73252449841762,
              43.051883703690265
            ],
            [
              -78.73242205310903,
              43.051873890919225
            ],
            [
              -78.73229766089408,
              43.051877482651044
            ],
            [
              -78.73219525667461,
              43.0518841324241
            ],
            [
              -78.73215456596381,
              43.05188281344515
            ],
            [
              -78.73207973360127,
              43.05188085288196
            ],
            [
              -78.7318795703394,
              43.051881112866646
            ],
            [
              -78.73174162182681,
              43.051887808364356
            ],
            [
              -78.73154100325574,
              43.051893212972516
            ],
            [
              -78.73137595159172,
              43.051908517500955
            ],
            [
              -78.73123424428273,
              43.05190801477409
            ],
            [
              -78.73114072565244,
              43.051914652119905
            ],
            [
              -78.73107853358269,
              43.05191816217622
            ],
            [
              -78.7310209992929,
              43.05191377776277
            ],
            [
              -78.73099386941243,
              43.051911754920226
            ],
            [
              -78.73091716554154,
              43.05190945303657
            ],
            [
              -78.73089144114722,
              43.051908457282295
            ],
            [
              -78.73081148495076,
              43.05191507687149
            ],
            [
              -78.73059776607217,
              43.05191878183217
            ],
            [
              -78.73053602277226,
              43.051914402590924
            ],
            [
              -78.73049205509521,
              43.051911715335756
            ],
            [
              -78.73045557016465,
              43.05190901844453
            ],
            [
              -78.73008610974013,
              43.051909492806544
            ],
            [
              -78.72999726646854,
              43.05191612322259
            ],
            [
              -78.72990375585704,
              43.05192618929749
            ],
            [
              -78.72982381503877,
              43.051939324702175
            ],
            [
              -78.72975700000013,
              43.051965476308496
            ],
            [
              -78.72970373189777,
              43.05198509402512
            ],
            [
              -78.72967570582624,
              43.051999534816744
            ],
            [
              -78.72964581068324,
              43.05201466394106
            ],
            [
              -78.72959679801032,
              43.05205382574254
            ],
            [
              -78.72956606362838,
              43.05210942696883
            ],
            [
              -78.72956150260389,
              43.05215813524673
            ],
            [
              -78.72955275695233,
              43.05221713812053
            ],
            [
              -78.72956641238747,
              43.052256220722256
            ],
            [
              -78.72960222703081,
              43.05237038562499
            ],
            [
              -78.7296248694421,
              43.05245198472979
            ],
            [
              -78.72963402675232,
              43.05256618369129
            ],
            [
              -78.72962964428385,
              43.05269000415817
            ],
            [
              -78.72959860494761,
              43.05281420076919
            ],
            [
              -78.7295768489877,
              43.05290888966056
            ],
            [
              -78.7295592401514,
              43.05297750715135
            ],
            [
              -78.72952382033034,
              43.05302968459449
            ],
            [
              -78.7294613059322,
              43.053094929673236
            ],
            [
              -78.72938609360902,
              43.05313103805314
            ],
            [
              -78.72935058811885,
              43.05314720408228
            ],
            [
              -78.72926603140382,
              43.0531867540544
            ],
            [
              -78.72921276208845,
              43.05320637154008
            ],
            [
              -78.7291870542467,
              43.053212577855575
            ],
            [
              -78.72918636840318,
              43.053317872034
            ],
            [
              -78.72918656997011,
              43.053402929558985
            ],
            [
              -78.72751139792864,
              43.05343557701023
            ],
            [
              -78.72692494337531,
              43.05404681147134
            ],
            [
              -78.72673676409507,
              43.0541753200323
            ],
            [
              -78.72670269632242,
              43.05420691640507
            ],
            [
              -78.72668076686547,
              43.054229237242396
            ],
            [
              -78.72665976478407,
              43.05424812716523
            ],
            [
              -78.72661683318827,
              43.054289337909104
            ],
            [
              -78.72656877211213,
              43.054337071579255
            ],
            [
              -78.72653143751448,
              43.054371758762656
            ],
            [
              -78.72651277458836,
              43.054390988706025
            ],
            [
              -78.7264885057466,
              43.054412969457715
            ],
            [
              -78.72645677616894,
              43.054444562831165
            ],
            [
              -78.72640077765416,
              43.054498137828716
            ],
            [
              -78.72636017779175,
              43.05453660176072
            ],
            [
              -78.72634477701536,
              43.05455136892603
            ],
            [
              -78.72631677687501,
              43.05457781297655
            ],
            [
              -78.72628877830392,
              43.05460494296787
            ],
            [
              -78.72627384481981,
              43.054619023590014
            ],
            [
              -78.72618798053702,
              43.054701444768
            ],
            [
              -78.72614504830943,
              43.05474265533252
            ],
            [
              -78.726120781585,
              43.05476566492685
            ],
            [
              -78.72610211602438,
              43.0547838658807
            ],
            [
              -78.72605918368185,
              43.05482507641256
            ],
            [
              -78.72600878328518,
              43.05487281276065
            ],
            [
              -78.72597331882443,
              43.054907497427344
            ],
            [
              -78.7259527839891,
              43.05492638663592
            ],
            [
              -78.7259303863116,
              43.05494870881046
            ],
            [
              -78.72589678380318,
              43.05497961840977
            ],
            [
              -78.72584078431252,
              43.055033192229494
            ],
            [
              -78.72580112072653,
              43.05507234074346
            ],
            [
              -78.72578478472444,
              43.05508676602146
            ],
            [
              -78.72575818798144,
              43.055113551160915
            ],
            [
              -78.72572878381135,
              43.055140339787194
            ],
            [
              -78.72571478625518,
              43.05515476214541
            ],
            [
              -78.72567185339481,
              43.05519597253004
            ],
            [
              -78.72562892047702,
              43.05523718289835
            ],
            [
              -78.7256167857338,
              43.055248173179976
            ],
            [
              -78.72558551980465,
              43.055278393831664
            ],
            [
              -78.72556078654793,
              43.05530208983472
            ],
            [
              -78.72554211907416,
              43.055319604748355
            ],
            [
              -78.72549918598334,
              43.05536081506732
            ],
            [
              -78.72544878709208,
              43.055409580987224
            ],
            [
              -78.72541331963136,
              43.055443236556535
            ],
            [
              -78.72539278761231,
              43.05546349755864
            ],
            [
              -78.72537038636814,
              43.05548444682656
            ],
            [
              -78.72532745304744,
              43.055525657080274
            ],
            [
              -78.72528451966929,
              43.05556686731762
            ],
            [
              -78.72524205393329,
              43.05560807695876
            ],
            [
              -78.72522478858464,
              43.05562524710628
            ],
            [
              -78.72519958814047,
              43.05564928658389
            ],
            [
              -78.72516878792217,
              43.0556788205928
            ],
            [
              -78.72515758999103,
              43.055690495613476
            ],
            [
              -78.7251127859347,
              43.05573239405308
            ],
            [
              -78.72507265689427,
              43.055772914785734
            ],
            [
              -78.72505678665698,
              43.05578665343166
            ],
            [
              -78.72503019087436,
              43.05581412434713
            ],
            [
              -78.72500078728264,
              43.05584091368268
            ],
            [
              -78.72498772479972,
              43.05585533479277
            ],
            [
              -78.72494432484092,
              43.055897231427295
            ],
            [
              -78.72452898142005,
              43.05629491030062
            ],
            [
              -78.72452305233475,
              43.05636076876828
            ],
            [
              -78.72452224159431,
              43.05641564572845
            ],
            [
              -78.72452143208015,
              43.0564705226866
            ],
            [
              -78.72452062256467,
              43.05652539964423
            ],
            [
              -78.72451981304788,
              43.05658027660131
            ],
            [
              -78.72451900352975,
              43.056635153557856
            ],
            [
              -78.72451772630244,
              43.05669003109089
            ],
            [
              -78.72451691678336,
              43.05674490894655
            ],
            [
              -78.72451657496957,
              43.056799785324536
            ],
            [
              -78.72451670086446,
              43.05685466112496
            ],
            [
              -78.72451589134059,
              43.056909538078855
            ],
            [
              -78.72451554952539,
              43.05696441445524
            ],
            [
              -78.72451520770969,
              43.05701929083108
            ],
            [
              -78.72451486589351,
              43.057074167206395
            ],
            [
              -78.72451405636565,
              43.05712904415818
            ],
            [
              -78.72451324683648,
              43.057183921109434
            ],
            [
              -78.72451243730804,
              43.05723879896033
            ],
            [
              -78.72451209548869,
              43.05729367533354
            ],
            [
              -78.72451222138173,
              43.05734855112923
            ],
            [
              -78.72451281498843,
              43.05740342634739
            ],
            [
              -78.72451387631003,
              43.05745830098806
            ],
            [
              -78.72451446991951,
              43.05751317620518
            ],
            [
              -78.72451553124473,
              43.05756805084474
            ],
            [
              -78.724516124857,
              43.057622926060795
            ],
            [
              -78.72451952476482,
              43.0576777987144
            ],
            [
              -78.72452339239253,
              43.05773266989019
            ],
            [
              -78.72452819590036,
              43.05778719693597
            ],
            [
              -78.72453346669283,
              43.05784206637916
            ],
            [
              -78.72453967214193,
              43.057896591693655
            ],
            [
              -78.72454681382406,
              43.057951458826714
            ],
            [
              -78.72455489016774,
              43.05800598183077
            ],
            [
              -78.7245634342441,
              43.05806050425652
            ],
            [
              -78.72457338070674,
              43.058114682875896
            ],
            [
              -78.7245828602531,
              43.058169204144626
            ],
            [
              -78.72459280753588,
              43.058223724834676
            ],
            [
              -78.72460322176903,
              43.0582779019723
            ],
            [
              -78.72461410452837,
              43.05833242150471
            ],
            [
              -78.72462311563659,
              43.05838660037167
            ],
            [
              -78.7246330629907,
              43.05844112105604
            ],
            [
              -78.72464301036254,
              43.05849564173903
            ],
            [
              -78.72465295696657,
              43.05854982034717
            ],
            [
              -78.72466290437387,
              43.058604341027326
            ],
            [
              -78.72467285101116,
              43.058658518732436
            ],
            [
              -78.72468800564971,
              43.058740127972236
            ],
            [
              -78.72470269260471,
              43.0588217377866
            ],
            [
              -78.72471737959891,
              43.058903347597855
            ],
            [
              -78.72473253435767,
              43.05898495682809
            ],
            [
              -78.7247481568849,
              43.05906656637733
            ],
            [
              -78.7247637794518,
              43.05914817502302
            ],
            [
              -78.72477893354485,
              43.05922944126984
            ],
            [
              -78.72479502392227,
              43.0593110493307
            ],
            [
              -78.72481111434263,
              43.0593926573881
            ],
            [
              -78.7248262685613,
              43.0594739245252
            ],
            [
              -78.72484189133661,
              43.059555533154104
            ],
            [
              -78.72485751415363,
              43.059637141779646
            ],
            [
              -78.7248726692815,
              43.0597187509803
            ],
            [
              -78.72488829139232,
              43.05980001662559
            ],
            [
              -78.72490391433378,
              43.05988162524113
            ],
            [
              -78.72491906958629,
              43.05996323533217
            ],
            [
              -78.72493422487723,
              43.06004484451979
            ],
            [
              -78.72494938020864,
              43.060126453704186
            ],
            [
              -78.72496500252568,
              43.060207719332915
            ],
            [
              -78.72498062567382,
              43.06028932793186
            ],
            [
              -78.72499624886574,
              43.06037093742763
            ],
            [
              -78.7250118720973,
              43.06045254601984
            ],
            [
              -78.72502796231785,
              43.06053381105605
            ],
            [
              -78.7250440533711,
              43.06061541906229
            ],
            [
              -78.72505967593901,
              43.060696684670795
            ],
            [
              -78.72507529933851,
              43.06077829324946
            ],
            [
              -78.7250909227818,
              43.06085990272492
            ],
            [
              -78.7251065462648,
              43.06094151129688
            ],
            [
              -78.72512216899912,
              43.061022776891946
            ],
            [
              -78.72513779256545,
              43.06110438545716
            ],
            [
              -78.72515388514319,
              43.061185993437874
            ],
            [
              -78.72516950800504,
              43.06126725992301
            ],
            [
              -78.72518513169707,
              43.06134886847809
            ],
            [
              -78.72520122317471,
              43.06143047645
            ],
            [
              -78.72521684615994,
              43.06151174202482
            ],
            [
              -78.72523293772278,
              43.061593349989785
            ],
            [
              -78.72524809383711,
              43.06167495911136
            ],
            [
              -78.72526371774036,
              43.06175656854979
            ],
            [
              -78.72527934089204,
              43.061837834111174
            ],
            [
              -78.72529496487658,
              43.06191944264268
            ],
            [
              -78.72531012115462,
              43.06200105175117
            ],
            [
              -78.72532574522201,
              43.062082660276005
            ],
            [
              -78.72534136854159,
              43.06216392672427
            ],
            [
              -78.72535699269231,
              43.062245535242404
            ],
            [
              -78.72537261688481,
              43.06232714375718
            ],
            [
              -78.72538824032715,
              43.06240840929519
            ],
            [
              -78.7254029290991,
              43.06249001896463
            ],
            [
              -78.72541855341544,
              43.06257162746946
            ],
            [
              -78.72543371002237,
              43.062653237451926
            ],
            [
              -78.72544886666773,
              43.06273484653097
            ],
            [
              -78.72546402335358,
              43.062816455606786
            ],
            [
              -78.72547871232489,
              43.06289806526036
            ],
            [
              -78.72549386829863,
              43.06297933135642
            ],
            [
              -78.7255094928636,
              43.06306094074169
            ],
            [
              -78.72552511746822,
              43.0631425492234
            ],
            [
              -78.72554027435704,
              43.063224158282985
            ],
            [
              -78.72557152298079,
              43.06338703225638
            ],
            [
              -78.72558714775163,
              43.06346864072469
            ],
            [
              -78.72560324032628,
              43.06355024950836
            ],
            [
              -78.7256193321486,
              43.06363151441501
            ],
            [
              -78.72563542480704,
              43.0637131222915
            ],
            [
              -78.72565104895321,
              43.06379438777289
            ],
            [
              -78.72566714169685,
              43.06387599564244
            ],
            [
              -78.72568323448554,
              43.06395760440873
            ],
            [
              -78.72569932652151,
              43.06403886929803
            ],
            [
              -78.72571541939398,
              43.06412047715714
            ],
            [
              -78.72573151151559,
              43.064201742039444
            ],
            [
              -78.72574713670838,
              43.06428335047369
            ],
            [
              -78.72576322970903,
              43.06436495832237
            ],
            [
              -78.72577885542162,
              43.064446224675216
            ],
            [
              -78.72579448074012,
              43.06452783309931
            ],
            [
              -78.72581010610035,
              43.06460944152005
            ],
            [
              -78.72582573150231,
              43.0646910499374
            ],
            [
              -78.72584135615158,
              43.06477231537816
            ],
            [
              -78.72585651386912,
              43.06485392527156
            ],
            [
              -78.72587167162504,
              43.064935534261544
            ],
            [
              -78.72588636165034,
              43.06501714383098
            ],
            [
              -78.72590151948664,
              43.065098752814556
            ],
            [
              -78.72591620959108,
              43.06518036237772
            ],
            [
              -78.72593136750775,
              43.06526197135488
            ],
            [
              -78.7259460576934,
              43.065343581811966
            ],
            [
              -78.72596168266958,
              43.06542484722651
            ],
            [
              -78.72597684070766,
              43.06550645619397
            ],
            [
              -78.72600667401677,
              43.065663158211656
            ],
            [
              -78.72602229995286,
              43.06574476748655
            ],
            [
              -78.72603792513301,
              43.0658260328847
            ],
            [
              -78.7260535511504,
              43.06590764125268
            ],
            [
              -78.72606964498803,
              43.06598924903384
            ],
            [
              -78.72608573807281,
              43.066070513838355
            ],
            [
              -78.72610136421655,
              43.06615212219612
            ],
            [
              -78.7261174581845,
              43.06623373086709
            ],
            [
              -78.72613308361622,
              43.06631499624492
            ],
            [
              -78.72614870988573,
              43.06639660459255
            ],
            [
              -78.72616433619697,
              43.0664782129368
            ],
            [
              -78.7261951203668,
              43.0666410881263
            ],
            [
              -78.72621027901843,
              43.06672269704456
            ],
            [
              -78.72622590549531,
              43.06680430537552
            ],
            [
              -78.72624106422856,
              43.06688591428729
            ],
            [
              -78.72625668999152,
              43.06696717963845
            ],
            [
              -78.72627231659287,
              43.0670487879594
            ],
            [
              -78.72628794323812,
              43.06713039717717
            ],
            [
              -78.72630356992298,
              43.0672120054914
            ],
            [
              -78.72631966364085,
              43.06729327024471
            ],
            [
              -78.72633482262069,
              43.067374879136686
            ],
            [
              -78.72634998164102,
              43.06745648802544
            ],
            [
              -78.72636514070395,
              43.06753809781113
            ],
            [
              -78.72638029980529,
              43.06761970669341
            ],
            [
              -78.72639545937731,
              43.067700972597855
            ],
            [
              -78.72641108635175,
              43.06778258088884
            ],
            [
              -78.7264271811607,
              43.0678641885915
            ],
            [
              -78.72644234042582,
              43.06794579746066
            ],
            [
              -78.72645890231765,
              43.06802706249857
            ],
            [
              -78.72647546504948,
              43.06810866960573
            ],
            [
              -78.72649109143684,
              43.06818993490659
            ],
            [
              -78.72650578307231,
              43.06827154434765
            ],
            [
              -78.7265209425435,
              43.06835315320027
            ],
            [
              -78.72653563425813,
              43.06843476263505
            ],
            [
              -78.72655219720502,
              43.068516370625126
            ],
            [
              -78.72656782379875,
              43.06859763590941
            ],
            [
              -78.72658391903171,
              43.0686792435778
            ],
            [
              -78.72660001350887,
              43.068760508269676
            ],
            [
              -78.72661610882771,
              43.06884211593103
            ],
            [
              -78.72663267119351,
              43.06892338093035
            ],
            [
              -78.72664876659886,
              43.06900498858469
            ],
            [
              -78.7266653290501,
              43.06908625267666
            ],
            [
              -78.72668142454197,
              43.06916786032394
            ],
            [
              -78.72669752007681,
              43.06924946796774
            ],
            [
              -78.72671361485523,
              43.069330732635066
            ],
            [
              -78.72672971047805,
              43.069412341172075
            ],
            [
              -78.72674580534219,
              43.06949360583245
            ],
            [
              -78.7267619010488,
              43.06957521346228
            ],
            [
              -78.726777528992,
              43.069656821675004
            ],
            [
              -78.72679315617708,
              43.06973808691141
            ],
            [
              -78.7268087842058,
              43.0698196960176
            ],
            [
              -78.72682488008246,
              43.06990130363368
            ],
            [
              -78.72684050739308,
              43.06998256885996
            ],
            [
              -78.72685613554546,
              43.07006417705581
            ],
            [
              -78.72687223154975,
              43.07014578466154
            ],
            [
              -78.72688739197557,
              43.07022739343745
            ],
            [
              -78.72690395507753,
              43.07030865837668
            ],
            [
              -78.72691958339811,
              43.07039026655896
            ],
            [
              -78.72695130717693,
              43.07055313935349
            ],
            [
              -78.72696693562331,
              43.070634747525624
            ],
            [
              -78.72698209629908,
              43.07071635718182
            ],
            [
              -78.7269977240273,
              43.07079762237442
            ],
            [
              -78.72701241819466,
              43.0708792317097
            ],
            [
              -78.72702757898979,
              43.070960840456
            ],
            [
              -78.72704273982545,
              43.07104244919906
            ],
            [
              -78.72705790070158,
              43.0711240579389
            ],
            [
              -78.72707352863702,
              43.071205324015246
            ],
            [
              -78.72708915741354,
              43.071286932160895
            ],
            [
              -78.72710525405122,
              43.071368539715436
            ],
            [
              -78.72712041509183,
              43.07145014844208
            ],
            [
              -78.7271365110124,
              43.07153141301695
            ],
            [
              -78.72715213995858,
              43.07161302204928
            ],
            [
              -78.72716683330061,
              43.07169463135402
            ],
            [
              -78.72718246232695,
              43.071776239479576
            ],
            [
              -78.72719762276972,
              43.071857505217054
            ],
            [
              -78.7272127840551,
              43.07193911392413
            ],
            [
              -78.72722841320541,
              43.07202072203971
            ],
            [
              -78.72724310674954,
              43.072102332228724
            ],
            [
              -78.7272582681565,
              43.07218394092608
            ],
            [
              -78.72727342960398,
              43.07226554962021
            ],
            [
              -78.72728905891881,
              43.07234715772261
            ],
            [
              -78.7273042196451,
              43.07242842343743
            ],
            [
              -78.7273189133887,
              43.072510033610605
            ],
            [
              -78.72733407499815,
              43.0725916422918
            ],
            [
              -78.72734876881877,
              43.072673251558506
            ],
            [
              -78.72736346267871,
              43.07275486082209
            ],
            [
              -78.7273781565779,
              43.07283647008256
            ],
            [
              -78.72739238268518,
              43.072918079928854
            ],
            [
              -78.72740707666443,
              43.07299969008338
            ],
            [
              -78.72743552907042,
              43.0731629097609
            ],
            [
              -78.7274454805373,
              43.073217087079776
            ],
            [
              -78.72745590065938,
              43.07327160678079
            ],
            [
              -78.72746631999634,
              43.07332578350759
            ],
            [
              -78.72747674015557,
              43.073380303205624
            ],
            [
              -78.72748669169651,
              43.07343448141894
            ],
            [
              -78.72749711189249,
              43.073489001114034
            ],
            [
              -78.72750659643515,
              43.073543521986394
            ],
            [
              -78.72751608019071,
              43.07359769988475
            ],
            [
              -78.72752509693044,
              43.073652221343956
            ],
            [
              -78.72753364584908,
              43.07370674339141
            ],
            [
              -78.72754125910778,
              43.07376126661677
            ],
            [
              -78.72754887318433,
              43.073816132813754
            ],
            [
              -78.72755555079557,
              43.07387065811644
            ],
            [
              -78.72756222841666,
              43.07392518251796
            ],
            [
              -78.72756797117553,
              43.07398005107059
            ],
            [
              -78.72757324530073,
              43.07403457723935
            ],
            [
              -78.72757805239972,
              43.07408944696969
            ],
            [
              -78.72758285950738,
              43.074144316699325
            ],
            [
              -78.72758626310095,
              43.0741991881974
            ],
            [
              -78.72758966670074,
              43.07425405969487
            ],
            [
              -78.7275921338208,
              43.07430859029871
            ],
            [
              -78.72759413390558,
              43.074363463564225
            ],
            [
              -78.72759566615144,
              43.07441833741892
            ],
            [
              -78.72759673055718,
              43.074473211862845
            ],
            [
              -78.72759732712149,
              43.07452808689602
            ],
            [
              -78.727597923687,
              43.07458296192868
            ],
            [
              -78.72759852025371,
              43.07463783696076
            ],
            [
              -78.72759911682161,
              43.07469271199234
            ],
            [
              -78.7275992455477,
              43.07474758851336
            ],
            [
              -78.72759890642652,
              43.074802464723454
            ],
            [
              -78.72759882475371,
              43.074967092170986
            ],
            [
              -78.72759895347868,
              43.07502196778917
            ],
            [
              -78.7275986143564,
              43.075076843996655
            ],
            [
              -78.72759874308164,
              43.075131719613786
            ],
            [
              -78.72759840395882,
              43.07518659582017
            ],
            [
              -78.72759806483768,
              43.07524147292623
            ],
            [
              -78.7275977257139,
              43.0752963491316
            ],
            [
              -78.72759603008797,
              43.07557073015038
            ],
            [
              -78.72759569096137,
              43.075625606352546
            ],
            [
              -78.72759535183638,
              43.075680483454384
            ],
            [
              -78.72759501270885,
              43.0757353596555
            ],
            [
              -78.72759467358082,
              43.07579023585611
            ],
            [
              -78.72759357451595,
              43.076119492769166
            ],
            [
              -78.7275937032414,
              43.07617436837627
            ],
            [
              -78.72759336411085,
              43.076229244572666
            ],
            [
              -78.72759355719961,
              43.07631155798153
            ],
            [
              -78.72759375028922,
              43.07639387138924
            ],
            [
              -78.72759413647296,
              43.07655849910124
            ],
            [
              -78.727594329565,
              43.07664081250539
            ],
            [
              -78.72759405479772,
              43.076723126498116
            ],
            [
              -78.7275939731232,
              43.07688775389021
            ],
            [
              -78.72759369835525,
              43.07697006787939
            ],
            [
              -78.72759389145159,
              43.07705238217776
            ],
            [
              -78.72759314882009,
              43.07713469675434
            ],
            [
              -78.7275924061869,
              43.07721701132972
            ],
            [
              -78.72759092091545,
              43.07738164047695
            ],
            [
              -78.72759017827931,
              43.077463955948964
            ],
            [
              -78.72758990350574,
              43.0775462699298
            ],
            [
              -78.72758962873176,
              43.07762858390949
            ],
            [
              -78.72758888608968,
              43.07771089847774
            ],
            [
              -78.72758767557761,
              43.077793213634585
            ],
            [
              -78.72758693293153,
              43.07787552820046
            ],
            [
              -78.72758572241632,
              43.07795784425513
            ],
            [
              -78.7275840440259,
              43.07804015999814
            ],
            [
              -78.72758376924364,
              43.07812247397068
            ],
            [
              -78.72758302658954,
              43.07820478853181
            ],
            [
              -78.72758275180578,
              43.078287102501925
            ],
            [
              -78.72758294489634,
              43.078369416781335
            ],
            [
              -78.72758267011231,
              43.078451730749116
            ],
            [
              -78.72758286320177,
              43.07853404412596
            ],
            [
              -78.72758212054296,
              43.07861635868113
            ],
            [
              -78.72758137788246,
              43.078698673235124
            ],
            [
              -78.72758063522026,
              43.078780987787916
            ],
            [
              -78.72757942468208,
              43.078863303829436
            ],
            [
              -78.72757774626179,
              43.07894561955936
            ],
            [
              -78.72757653571497,
              43.07902793469832
            ],
            [
              -78.72757579304348,
              43.079110249246355
            ],
            [
              -78.72757551824927,
              43.07919256320344
            ],
            [
              -78.72757450078142,
              43.07935719260397
            ],
            [
              -78.72757422598522,
              43.079439506557506
            ],
            [
              -78.7275734833072,
              43.07952182109958
            ],
            [
              -78.72757274062747,
              43.07960413564048
            ],
            [
              -78.72757199794603,
              43.07968645018017
            ],
            [
              -78.72757098046414,
              43.07985107956648
            ],
            [
              -78.72757023777828,
              43.0799333941026
            ],
            [
              -78.7275694950907,
              43.08001570863756
            ],
            [
              -78.72756875240144,
              43.080098023171274
            ],
            [
              -78.72756800971261,
              43.08018033860404
            ],
            [
              -78.72756633124582,
              43.08026265431485
            ],
            [
              -78.72756512066253,
              43.080344969434734
            ],
            [
              -78.7275639100763,
              43.08042728455343
            ],
            [
              -78.72756363526501,
              43.08050959849151
            ],
            [
              -78.72756289256586,
              43.08059191391829
            ],
            [
              -78.72756214986286,
              43.08067422844372
            ],
            [
              -78.72756234293985,
              43.08075654178852
            ],
            [
              -78.72756206812618,
              43.08083885572187
            ],
            [
              -78.72756085752792,
              43.0809211708334
            ],
            [
              -78.72756011481943,
              43.08100348535406
            ],
            [
              -78.72755937211136,
              43.081085800773714
            ],
            [
              -78.72755862939947,
              43.081168115291995
            ],
            [
              -78.7275578866859,
              43.081250429809074
            ],
            [
              -78.72755667607542,
              43.08133274491466
            ],
            [
              -78.72755593335783,
              43.08141505942936
            ],
            [
              -78.72755565853714,
              43.081497374253395
            ],
            [
              -78.7275549158168,
              43.081579688765736
            ],
            [
              -78.72755417309476,
              43.081662003276854
            ],
            [
              -78.72755343037103,
              43.081744317786814
            ],
            [
              -78.72755268764561,
              43.08182663229556
            ],
            [
              -78.7275519449185,
              43.08190894680311
            ],
            [
              -78.72755120219182,
              43.08199126220969
            ],
            [
              -78.72755045946133,
              43.08207357671486
            ],
            [
              -78.7275501846306,
              43.082155890629195
            ],
            [
              -78.72754990979948,
              43.08223820454233
            ],
            [
              -78.72754963496787,
              43.08232051845428
            ],
            [
              -78.7275498280413,
              43.08240283267555
            ],
            [
              -78.72755002111346,
              43.08248514599545
            ],
            [
              -78.72755021418641,
              43.08256745931416
            ],
            [
              -78.7275494714497,
              43.08264977381102
            ],
            [
              -78.72754872871131,
              43.08273208830671
            ],
            [
              -78.72754798597123,
              43.08281440280121
            ],
            [
              -78.72754724323157,
              43.08289671819472
            ],
            [
              -78.72754696839584,
              43.082979032097136
            ],
            [
              -78.72754716146802,
              43.08306134540873
            ],
            [
              -78.72754735454103,
              43.08314365871914
            ],
            [
              -78.72754801552448,
              43.08322597143869
            ],
            [
              -78.7275486765121,
              43.083308285057235
            ],
            [
              -78.72754840167794,
              43.08339059895374
            ],
            [
              -78.72754765893183,
              43.08347291343874
            ],
            [
              -78.72754691618402,
              43.08355522792255
            ],
            [
              -78.72754570552178,
              43.08363754299483
            ],
            [
              -78.72754496276998,
              43.08371985747625
            ],
            [
              -78.72754422001859,
              43.083802172856686
            ],
            [
              -78.7275434772634,
              43.08388448733572
            ],
            [
              -78.72754273450651,
              43.08396680181357
            ],
            [
              -78.72754199174793,
              43.08404911629022
            ],
            [
              -78.72754124898768,
              43.0841314307657
            ],
            [
              -78.72754050622783,
              43.08421374614016
            ],
            [
              -78.72753976346415,
              43.084296060613276
            ],
            [
              -78.72753902069881,
              43.08437837508517
            ],
            [
              -78.72753874585078,
              43.084460688966224
            ],
            [
              -78.72753847100235,
              43.08454300284611
            ],
            [
              -78.72753772823314,
              43.08462531731445
            ],
            [
              -78.7275374533853,
              43.08470763209217
            ],
            [
              -78.72753764645641,
              43.08478994537881
            ],
            [
              -78.72753940660368,
              43.08494188021504
            ],
            [
              -78.7275352615387,
              43.08516962042589
            ],
            [
              -78.72753535807425,
              43.08521077706606
            ],
            [
              -78.72753695492197,
              43.08529308857652
            ],
            [
              -78.7275384552361,
              43.085334243446816
            ],
            [
              -78.72754042347823,
              43.08537539772712
            ],
            [
              -78.72754332757565,
              43.085416550827745
            ],
            [
              -78.72755007163623,
              43.08549885584846
            ],
            [
              -78.72755437952787,
              43.085540007178764
            ],
            [
              -78.72755962328253,
              43.08558115822931
            ],
            [
              -78.72756486704219,
              43.08562230837909
            ],
            [
              -78.72757104666526,
              43.08566345734877
            ],
            [
              -78.72757722629669,
              43.08570460631778
            ],
            [
              -78.72762104847884,
              43.08603380602722
            ],
            [
              -78.72762722818162,
              43.08607495499079
            ],
            [
              -78.72764623527227,
              43.08619840128748
            ],
            [
              -78.72765195029677,
              43.0862409227263
            ],
            [
              -78.72784977976664,
              43.086195057660866
            ],
            [
              -78.72791336692451,
              43.086173027071546
            ],
            [
              -78.72813358196035,
              43.08609592269098
            ],
            [
              -78.7284019176617,
              43.08598617356144
            ],
            [
              -78.72862582378798,
              43.08588745625487
            ],
            [
              -78.72868565880229,
              43.08586200026947
            ],
            [
              -78.72890957336936,
              43.08576671212485
            ],
            [
              -78.72909228231084,
              43.08566050089736
            ],
            [
              -78.72919274852237,
              43.08560206747866
            ],
            [
              -78.72933250087918,
              43.08553535160357
            ],
            [
              -78.72949141591172,
              43.08545935171307
            ],
            [
              -78.72974485119593,
              43.08538254476177
            ],
            [
              -78.72985471734799,
              43.085341933328515
            ],
            [
              -78.72995383088687,
              43.085305451242974
            ],
            [
              -78.73029694910385,
              43.085162677306776
            ],
            [
              -78.73048302864389,
              43.085097959254874
            ],
            [
              -78.73058074339293,
              43.08506387833453
            ],
            [
              -78.73099880547629,
              43.08495393124153
            ],
            [
              -78.73132147399507,
              43.08487120089233
            ],
            [
              -78.73134204935468,
              43.08486568671376
            ],
            [
              -78.73221332456703,
              43.0846721486277
            ],
            [
              -78.73228253941285,
              43.08465662477134
            ],
            [
              -78.73284980862347,
              43.08452452542814
            ],
            [
              -78.73328280958626,
              43.08440357532485
            ],
            [
              -78.73365586050028,
              43.0842607520713
            ],
            [
              -78.73404385732145,
              43.08410693187713
            ],
            [
              -78.73424011694038,
              43.08399863671688
            ],
            [
              -78.73446114200013,
              43.083876246618
            ],
            [
              -78.73468580356248,
              43.08371132171621
            ],
            [
              -78.73475960037585,
              43.08365703433904
            ],
            [
              -78.73481891205782,
              43.083610997444076
            ],
            [
              -78.73501272255744,
              43.08345948958015
            ],
            [
              -78.73540016971712,
              43.08308684864131
            ],
            [
              -78.73557203474833,
              43.082955261419
            ],
            [
              -78.7357434323634,
              43.082823673658034
            ],
            [
              -78.73589231409636,
              43.0826701662747
            ],
            [
              -78.73596416120074,
              43.08258535609912
            ],
            [
              -78.73604114056903,
              43.08249470848474
            ],
            [
              -78.73616002128124,
              43.08231963256494
            ],
            [
              -78.73620055996398,
              43.08225166972937
            ],
            [
              -78.73626439675745,
              43.08214423382899
            ],
            [
              -78.73629695018109,
              43.08206393459347
            ],
            [
              -78.73635322045801,
              43.08192495431915
            ],
            [
              -78.73642740291537,
              43.08165116247903
            ],
            [
              -78.736560816826,
              43.08130080735131
            ],
            [
              -78.73659420946065,
              43.08118209389234
            ],
            [
              -78.73664986071374,
              43.08098309396016
            ],
            [
              -78.73668464556006,
              43.080859919950576
            ],
            [
              -78.73672360021386,
              43.08072027762155
            ],
            [
              -78.7367987530215,
              43.08046157410738
            ],
            [
              -78.73681266982238,
              43.08041353918261
            ],
            [
              -78.73684102005167,
              43.080337018111656
            ],
            [
              -78.73693119001399,
              43.08009612896018
            ],
            [
              -78.73695904121782,
              43.080007261486195
            ],
            [
              -78.73702031255537,
              43.07981134144864
            ],
            [
              -78.73706403807537,
              43.079709076664535
            ],
            [
              -78.73710915765899,
              43.07960303638171
            ],
            [
              -78.73728745219773,
              43.07924164571747
            ],
            [
              -78.73733587454869,
              43.0791469190145
            ],
            [
              -78.73742154304692,
              43.07897874674161
            ],
            [
              -78.73758499998826,
              43.07867190742279
            ],
            [
              -78.73776364649103,
              43.07845284945083
            ],
            [
              -78.73794978369922,
              43.07823618098506
            ],
            [
              -78.73804635091938,
              43.07812389816143
            ],
            [
              -78.73817936794438,
              43.07799373132053
            ],
            [
              -78.73831471560425,
              43.077860816478086
            ],
            [
              -78.73850704126554,
              43.0776876972321
            ],
            [
              -78.7385826643173,
              43.07761968591967
            ],
            [
              -78.73885119017449,
              43.07742211067036
            ],
            [
              -78.73914913374627,
              43.07720288830429
            ],
            [
              -78.73943251611381,
              43.07696139084044
            ],
            [
              -78.73985005994875,
              43.07667615251383
            ],
            [
              -78.74001397315652,
              43.076555544506256
            ],
            [
              -78.74002984189707,
              43.07654043194368
            ],
            [
              -78.74020766027833,
              43.07636938660591
            ],
            [
              -78.7404607069521,
              43.076160854503925
            ],
            [
              -78.74074410833961,
              43.075930671851346
            ],
            [
              -78.74099753571147,
              43.07568955553414
            ],
            [
              -78.74116257121213,
              43.07546124971041
            ],
            [
              -78.74123529783716,
              43.07536065812323
            ],
            [
              -78.74131402960886,
              43.07523021949516
            ],
            [
              -78.74135456058113,
              43.075163282782725
            ],
            [
              -78.74141827666493,
              43.07501571613142
            ],
            [
              -78.74147315805291,
              43.07488942601419
            ],
            [
              -78.74150059072416,
              43.07482319419317
            ],
            [
              -78.7415773077898,
              43.07463753850148
            ],
            [
              -78.74163289644508,
              43.0744227601212
            ],
            [
              -78.74165096218933,
              43.07435276850533
            ],
            [
              -78.74179927441385,
              43.07399141106208
            ],
            [
              -78.74184704460873,
              43.07382946132727
            ],
            [
              -78.74187347972806,
              43.07373956470188
            ],
            [
              -78.74190277838395,
              43.07367161531771
            ],
            [
              -78.7419771854829,
              43.07349831047526
            ],
            [
              -78.74206870462525,
              43.073248497806055
            ],
            [
              -78.74208124583238,
              43.07321349709038
            ],
            [
              -78.74210209115003,
              43.073133212321075
            ],
            [
              -78.74216972597017,
              43.072874172398414
            ],
            [
              -78.74222820833005,
              43.07269437296956
            ],
            [
              -78.74225884223324,
              43.07260035562261
            ],
            [
              -78.74240737288103,
              43.072326455291105
            ],
            [
              -78.74252564597386,
              43.072111932213765
            ],
            [
              -78.74254566744354,
              43.0720752061655
            ],
            [
              -78.74219621197236,
              43.072079807497595
            ],
            [
              -78.7400289930352,
              43.072167510029054
            ],
            [
              -78.73999893690684,
              43.07212227864001
            ],
            [
              -78.73995450373383,
              43.07194262029276
            ],
            [
              -78.7399346272337,
              43.071853131332176
            ],
            [
              -78.73989477365828,
              43.071635054519085
            ],
            [
              -78.73987401407527,
              43.071566144280325
            ],
            [
              -78.73985608677256,
              43.07150717730426
            ],
            [
              -78.73985181529797,
              43.07148317497874
            ],
            [
              -78.73984707077052,
              43.071457115456965
            ],
            [
              -78.73983558129632,
              43.071354239021055
            ],
            [
              -78.73978474191307,
              43.07123049498076
            ],
            [
              -78.73976633912663,
              43.07116844187258
            ],
            [
              -78.73975454163842,
              43.07112833005871
            ],
            [
              -78.73970998870487,
              43.07090099838216
            ],
            [
              -78.7397014694998,
              43.07086225397665
            ],
            [
              -78.7396739700808,
              43.070718242524
            ],
            [
              -78.73966875700293,
              43.07069184065753
            ],
            [
              -78.7396395998067,
              43.07044768218229
            ],
            [
              -78.7396367354133,
              43.070425049817935
            ],
            [
              -78.73960036449259,
              43.07028756695714
            ],
            [
              -78.73957721698889,
              43.070199110396366
            ],
            [
              -78.73956965710664,
              43.07016962496189
            ],
            [
              -78.73956447112515,
              43.070153855242246
            ],
            [
              -78.73954607759617,
              43.0700952318133
            ],
            [
              -78.73952565784771,
              43.06997556178942
            ],
            [
              -78.73951784111884,
              43.06984489939409
            ],
            [
              -78.73952981164244,
              43.06976908491821
            ],
            [
              -78.73954213671905,
              43.069648684244775
            ],
            [
              -78.73956334046407,
              43.06952449873345
            ],
            [
              -78.73959069440608,
              43.06942739976015
            ],
            [
              -78.73965440707774,
              43.06927914709945
            ],
            [
              -78.73970843771784,
              43.069186813286485
            ],
            [
              -78.73974056435495,
              43.069127091912506
            ],
            [
              -78.7397573267365,
              43.06909620134448
            ],
            [
              -78.7398123118585,
              43.069011411602375
            ],
            [
              -78.73984398097436,
              43.06895580651089
            ],
            [
              -78.7398696323409,
              43.06892524674226
            ],
            [
              -78.73991669721208,
              43.06885281394425
            ],
            [
              -78.73997262710311,
              43.06877179554276
            ],
            [
              -78.74005148248213,
              43.06869211761587
            ],
            [
              -78.74012667307531,
              43.068642969340495
            ],
            [
              -78.7402046703365,
              43.068593817168036
            ],
            [
              -78.7402476228928,
              43.068560489803296
            ],
            [
              -78.74030178591484,
              43.068520630540114
            ],
            [
              -78.74031906816329,
              43.068510317613814
            ],
            [
              -78.74041111039821,
              43.06846560469412
            ],
            [
              -78.74049988756127,
              43.06842466889839
            ],
            [
              -78.74053258810632,
              43.0684064454613
            ],
            [
              -78.74058817611599,
              43.06837515845444
            ],
            [
              -78.74066107340275,
              43.068344190599404
            ],
            [
              -78.74074240761684,
              43.06831972759958
            ],
            [
              -78.74083588425823,
              43.068287359428496
            ],
            [
              -78.74093637597527,
              43.06825429557206
            ],
            [
              -78.74095554592115,
              43.068250496455846
            ],
            [
              -78.74128610941126,
              43.068184189666844
            ],
            [
              -78.7414034660003,
              43.06816070539374
            ],
            [
              -78.74150587423938,
              43.06814547303868
            ],
            [
              -78.7416106478736,
              43.068140526541235
            ],
            [
              -78.74180328680193,
              43.06810390469962
            ],
            [
              -78.74189026117541,
              43.068090065267604
            ],
            [
              -78.74198098140016,
              43.06807759247274
            ],
            [
              -78.74208574248783,
              43.0680678439213
            ],
            [
              -78.74213626246794,
              43.0680670878798
            ],
            [
              -78.74219473405863,
              43.068065977804046
            ],
            [
              -78.74224430870191,
              43.068061450312804
            ],
            [
              -78.74229204583989,
              43.06806995836553
            ],
            [
              -78.74239776496435,
              43.068068439574375
            ],
            [
              -78.7424553204809,
              43.0680748760674
            ],
            [
              -78.74257135470874,
              43.068082946045564
            ],
            [
              -78.74264855938719,
              43.06809004104664
            ],
            [
              -78.74286378471788,
              43.068105175052175
            ],
            [
              -78.74293026044198,
              43.06812394593588
            ],
            [
              -78.74298312599709,
              43.06812524409347
            ],
            [
              -78.74308989000605,
              43.0681662519841
            ],
            [
              -78.74318678144293,
              43.06818840999454
            ],
            [
              -78.74325324576402,
              43.06820272204397
            ],
            [
              -78.74337728460513,
              43.06823067251168
            ],
            [
              -78.74355749652686,
              43.06827294912034
            ],
            [
              -78.74369134896216,
              43.068296426844825
            ],
            [
              -78.74373908737527,
              43.06830527726573
            ],
            [
              -78.74385610522802,
              43.06833152218465
            ],
            [
              -78.74396704630837,
              43.068359490383735
            ],
            [
              -78.74406397331317,
              43.06839502358699
            ],
            [
              -78.74408736582366,
              43.068396019651665
            ],
            [
              -78.7442109460403,
              43.06842671455115
            ],
            [
              -78.74423716687583,
              43.06843593798525
            ],
            [
              -78.74428536788764,
              43.06844272968356
            ],
            [
              -78.74438130124818,
              43.06845597070483
            ],
            [
              -78.74443417487154,
              43.06846069792066
            ],
            [
              -78.744486580706,
              43.06846542577083
            ],
            [
              -78.74452307695712,
              43.06846846113701
            ],
            [
              -78.74469433113596,
              43.068483653624234
            ],
            [
              -78.74479541131664,
              43.06849723001502
            ],
            [
              -78.74483192053496,
              43.06850472392636
            ],
            [
              -78.74487033034545,
              43.068523876259235
            ],
            [
              -78.74489469364275,
              43.06853824677446
            ],
            [
              -78.74499396585985,
              43.06857583372178
            ],
            [
              -78.74504736693811,
              43.06860319619267
            ],
            [
              -78.7451522439102,
              43.06863734534208
            ],
            [
              -78.74521125147321,
              43.068661956016456
            ],
            [
              -78.74529644677597,
              43.06868309986052
            ],
            [
              -78.74535542914644,
              43.06869810722435
            ],
            [
              -78.74544531280361,
              43.06872267405944
            ],
            [
              -78.74556327953044,
              43.06875337454814
            ],
            [
              -78.7455941832226,
              43.06876430590207
            ],
            [
              -78.74565040238734,
              43.06879577978259
            ],
            [
              -78.74568227611213,
              43.06881974274798
            ],
            [
              -78.74569913500414,
              43.068826578309476
            ],
            [
              -78.74571972362226,
              43.06882860694044
            ],
            [
              -78.74574684332683,
              43.068823766819285
            ]
          ]
        ]
      }
    },
    {
      "type": "Feature",
      "properties": {
        "name": "Getzville Fire Protection District"
      },
      "geometry": {
        "type": "Polygon",
        "coordinates": [
          [
            [
              -78.74039295177754,
              43.05182344431847
            ],
            [
              -78.74040163153813,
              43.05192598193239
            ],
            [
              -78.74042500547576,
              43.05192217712535
            ],
            [
              -78.74048111062167,
              43.05191558357343
            ],
            [
              -78.74053721890786,
              43.051910704864696
            ],
            [
              -78.74059333244284,
              43.05190788397122
            ],
            [
              -78.74064945035559,
              43.05190677791925
            ],
            [
              -78.74070557002008,
              43.05190635778732
            ],
            [
              -78.74081780934651,
              43.05190551744096
            ],
            [
              -78.74087392900844,
              43.0519050972265
            ],
            [
              -78.74109840887525,
              43.05190341609178
            ],
            [
              -78.74115452853295,
              43.05190299573975
            ],
            [
              -78.74132288750097,
              43.05190173451847
            ],
            [
              -78.74137900715529,
              43.05190131405635
            ],
            [
              -78.74143512680874,
              43.05190089356672
            ],
            [
              -78.74174753057342,
              43.05189977560954
            ],
            [
              -78.74205244770607,
              43.05189763825788
            ],
            [
              -78.74250140429221,
              43.05189358497929
            ],
            [
              -78.74255752392934,
              43.05189316393926
            ],
            [
              -78.7426136435656,
              43.05189274287176
            ],
            [
              -78.74513903122684,
              43.05187376634547
            ],
            [
              -78.74519515082393,
              43.05187334401212
            ],
            [
              -78.7454757491206,
              43.051870888957204
            ],
            [
              -78.74553186871228,
              43.05187046645874
            ],
            [
              -78.74738381935425,
              43.05185685154085
            ],
            [
              -78.74743993891714,
              43.051856428106795
            ],
            [
              -78.74822561209766,
              43.05184981119153
            ],
            [
              -78.74828173164704,
              43.0518493873447
            ],
            [
              -78.74940411843252,
              43.051838503810394
            ],
            [
              -78.74946023796174,
              43.05183807938574
            ],
            [
              -78.75058262709234,
              43.0518282132151
            ],
            [
              -78.75063874660223,
              43.05182778821252
            ],
            [
              -78.75075098561943,
              43.051826938124876
            ],
            [
              -78.75080710512673,
              43.05182651303975
            ],
            [
              -78.75091934443242,
              43.05182531981155
            ],
            [
              -78.75097546393683,
              43.05182489464387
            ],
            [
              -78.75108770387781,
              43.05182438719964
            ],
            [
              -78.75114382337995,
              43.051823961949395
            ],
            [
              -78.75125606331734,
              43.051823454340045
            ],
            [
              -78.75131218375321,
              43.05182337198089
            ],
            [
              -78.75136830512517,
              43.051823632567825
            ],
            [
              -78.7514244255609,
              43.051823550153635
            ],
            [
              -78.75237846031547,
              43.051816657320636
            ],
            [
              -78.75243457885738,
              43.05181588846389
            ],
            [
              -78.75254681687962,
              43.05181469364148
            ],
            [
              -78.75260293541734,
              43.05181392470218
            ],
            [
              -78.75265905489712,
              43.05181349870901
            ],
            [
              -78.75389367523417,
              43.05180034718367
            ],
            [
              -78.7539497937399,
              43.05179957758399
            ],
            [
              -78.7549038086522,
              43.0517858042289
            ],
            [
              -78.75495992713047,
              43.05178503413397
            ],
            [
              -78.75507216408252,
              43.0517834938615
            ],
            [
              -78.7551282825563,
              43.05178272368403
            ],
            [
              -78.75755635458987,
              43.05175264399434
            ],
            [
              -78.75898973421953,
              43.05173947771467
            ],
            [
              -78.76029123708149,
              43.051729240372005
            ],
            [
              -78.76079631033211,
              43.05172468556524
            ],
            [
              -78.76085242966055,
              43.05172425555454
            ],
            [
              -78.76191869796173,
              43.05171608012119
            ],
            [
              -78.7619748175047,
              43.05171530658482
            ],
            [
              -78.7624237709599,
              43.05171151813244
            ],
            [
              -78.76247989026228,
              43.05171108732376
            ],
            [
              -78.76349003900611,
              43.051702985084496
            ],
            [
              -78.7635461582915,
              43.05170255375297
            ],
            [
              -78.7645563117721,
              43.05169615696969
            ],
            [
              -78.76461243104202,
              43.05169572511533
            ],
            [
              -78.76466855031106,
              43.051695293233465
            ],
            [
              -78.76506138842232,
              43.05169295523463
            ],
            [
              -78.76511750768492,
              43.05169252313262
            ],
            [
              -78.76590318460023,
              43.05168852865322
            ],
            [
              -78.76595930385149,
              43.05168809613845
            ],
            [
              -78.76736229652978,
              43.05168036108173
            ],
            [
              -78.76741841576087,
              43.05167992785147
            ],
            [
              -78.76747453621856,
              43.05167949459173
            ],
            [
              -78.76859691670278,
              43.051669108789305
            ],
            [
              -78.76865303591283,
              43.05166867495367
            ],
            [
              -78.76949482122556,
              43.05166044924681
            ],
            [
              -78.76955093938221,
              43.05165967199762
            ],
            [
              -78.76983153118202,
              43.05165612831225
            ],
            [
              -78.77012193688707,
              43.05164982412181
            ],
            [
              -78.77010723347725,
              43.05142794330254
            ],
            [
              -78.77009750549882,
              43.05130448817933
            ],
            [
              -78.77009410695695,
              43.05126333582501
            ],
            [
              -78.77007218796646,
              43.050975272582406
            ],
            [
              -78.7700687894632,
              43.05093412112509
            ],
            [
              -78.77002835061225,
              43.05039914513961
            ],
            [
              -78.7700254198274,
              43.05035799201362
            ],
            [
              -78.77001909061713,
              43.050275688323794
            ],
            [
              -78.77001615984739,
              43.05023453609685
            ],
            [
              -78.77000150605876,
              43.050028774956516
            ],
            [
              -78.7699985753131,
              43.049987622727286
            ],
            [
              -78.76995660998665,
              43.04941149120337
            ],
            [
              -78.76995368138141,
              43.04937102491529
            ],
            [
              -78.76995121627186,
              43.04932918597057
            ],
            [
              -78.76990759821058,
              43.04867074391954
            ],
            [
              -78.76990466759547,
              43.048629591677866
            ],
            [
              -78.76986844052517,
              43.048094607652686
            ],
            [
              -78.76986550996504,
              43.048053455405764
            ],
            [
              -78.76986258044816,
              43.04801264613197
            ],
            [
              -78.76982401490496,
              43.04747732377105
            ],
            [
              -78.76982108440534,
              43.04743617151844
            ],
            [
              -78.76981815390971,
              43.047395019265444
            ],
            [
              -78.76977584914017,
              43.046860045898356
            ],
            [
              -78.76977291870358,
              43.04681889363994
            ],
            [
              -78.7697495999792,
              43.046530831490536
            ],
            [
              -78.76974666957658,
              43.04648967922901
            ],
            [
              -78.7696830441245,
              43.04570814030579
            ],
            [
              -78.76967964514624,
              43.04566664582423
            ],
            [
              -78.76967624824889,
              43.04562583728956
            ],
            [
              -78.76967284927993,
              43.0455843428072
            ],
            [
              -78.76966945135374,
              43.04554319129807
            ],
            [
              -78.76966511818856,
              43.04550204131124
            ],
            [
              -78.76966125265075,
              43.04546089056261
            ],
            [
              -78.76965691949431,
              43.04541973967466
            ],
            [
              -78.76965258634647,
              43.045378589686436
            ],
            [
              -78.76964778558396,
              43.045337440459
            ],
            [
              -78.76964298482797,
              43.04529629123106
            ],
            [
              -78.76963818407847,
              43.04525514200264
            ],
            [
              -78.76962764736041,
              43.045172845066595
            ],
            [
              -78.76962237901209,
              43.04513169659778
            ],
            [
              -78.76961664305222,
              43.04509054888951
            ],
            [
              -78.7696891187578,
              43.04508871602058
            ],
            [
              -78.76972746452724,
              43.0450889965496
            ],
            [
              -78.77061598833473,
              43.04510263690129
            ],
            [
              -78.7786835985877,
              43.04516426200846
            ],
            [
              -78.78040028748299,
              43.045178810607005
            ],
            [
              -78.78384817690777,
              43.04521226380721
            ],
            [
              -78.799553890013,
              43.0453832813502
            ],
            [
              -78.79983118749372,
              43.045382414143035
            ],
            [
              -78.79980253725095,
              43.04534679800468
            ],
            [
              -78.79978326113932,
              43.04531733858597
            ],
            [
              -78.79976398384048,
              43.04528753619078
            ],
            [
              -78.79974750986366,
              43.04525704254053
            ],
            [
              -78.79973337158638,
              43.045225858520645
            ],
            [
              -78.79972156900563,
              43.045193984131984
            ],
            [
              -78.79971257094189,
              43.045161761464186
            ],
            [
              -78.79970590977287,
              43.045129191402026
            ],
            [
              -78.79969971381813,
              43.04509593450913
            ],
            [
              -78.79969055664021,
              43.04488536406411
            ],
            [
              -78.79968659632384,
              43.04468987560212
            ],
            [
              -78.79968602744272,
              43.044527992307835
            ],
            [
              -78.79968405813665,
              43.04436679670691
            ],
            [
              -78.79968021840139,
              43.044205605537464
            ],
            [
              -78.79967544467333,
              43.04404475910431
            ],
            [
              -78.79966776410835,
              43.043722032868395
            ],
            [
              -78.79966540681775,
              43.043583475255836
            ],
            [
              -78.79965939550073,
              43.04333654340982
            ],
            [
              -78.79965831568612,
              43.04329538839841
            ],
            [
              -78.7996510800272,
              43.04296614474432
            ],
            [
              -78.79965046782705,
              43.04292498884629
            ],
            [
              -78.79964744065153,
              43.04259573721596
            ],
            [
              -78.79964729605705,
              43.04255458043143
            ],
            [
              -78.79964668386461,
              43.04251342453041
            ],
            [
              -78.79964260217398,
              43.042283295689685
            ],
            [
              -78.79963948221123,
              43.04206070958292
            ],
            [
              -78.7996370673345,
              43.04177261470912
            ],
            [
              -78.79963692274795,
              43.04173145701844
            ],
            [
              -78.79963778103325,
              43.04144335594172
            ],
            [
              -78.79963763645102,
              43.04140219914885
            ],
            [
              -78.79963503401702,
              43.04066137502605
            ],
            [
              -78.79963442185674,
              43.04062021911124
            ],
            [
              -78.79962966917581,
              43.04033212768275
            ],
            [
              -78.79962999218601,
              43.04029096999817
            ],
            [
              -78.79963031519588,
              43.04024981231323
            ],
            [
              -78.79962973691298,
              43.04008518510545
            ],
            [
              -78.79962959234298,
              43.040044028302766
            ],
            [
              -78.79962796821401,
              43.039714773854016
            ],
            [
              -78.7996273560704,
              43.039673617932316
            ],
            [
              -78.79962659936204,
              43.03959130520437
            ],
            [
              -78.79962598722092,
              43.03955014928179
            ],
            [
              -78.79962386167442,
              43.03934436699678
            ],
            [
              -78.79962051188151,
              43.03905627285219
            ],
            [
              -78.7996198997512,
              43.039015116925675
            ],
            [
              -78.79961640544984,
              43.03868586685192
            ],
            [
              -78.79961626089585,
              43.03864471003907
            ],
            [
              -78.79961489209664,
              43.03852124046587
            ],
            [
              -78.7996147475445,
              43.03848008365183
            ],
            [
              -78.79961352330712,
              43.03839777179009
            ],
            [
              -78.79961337875649,
              43.03835661497516
            ],
            [
              -78.79960956152051,
              43.03806852166375
            ],
            [
              -78.79960894941003,
              43.038027365730024
            ],
            [
              -78.79960466466258,
              43.03773927418549
            ],
            [
              -78.79960452011807,
              43.0376981164656
            ],
            [
              -78.7996034743952,
              43.0375334900674
            ],
            [
              -78.79960332985566,
              43.03749233324622
            ],
            [
              -78.79960318531643,
              43.03745117642474
            ],
            [
              -78.7996030407775,
              43.037410019602945
            ],
            [
              -78.79959814401786,
              43.037080771186034
            ],
            [
              -78.79959799948419,
              43.03703961436158
            ],
            [
              -78.79959738739443,
              43.0369984584203
            ],
            [
              -78.79959464998124,
              43.03675152009928
            ],
            [
              -78.79959403789735,
              43.03671036415592
            ],
            [
              -78.7995914450445,
              43.03650458355114
            ],
            [
              -78.7995913005182,
              43.036463426722484
            ],
            [
              -78.7995906884402,
              43.03642227077705
            ],
            [
              -78.79959007636315,
              43.03638111483129
            ],
            [
              -78.79958625939601,
              43.036093021418814
            ],
            [
              -78.79958704997362,
              43.03605186282029
            ],
            [
              -78.7995897107458,
              43.036010700687626
            ],
            [
              -78.79959237151458,
              43.03596953855459
            ],
            [
              -78.79959222699034,
              43.03592838172209
            ],
            [
              -78.79959100284441,
              43.03584606892293
            ],
            [
              -78.79958992322709,
              43.035804913856474
            ],
            [
              -78.79958931115831,
              43.035763757906224
            ],
            [
              -78.7995886990905,
              43.03572260195569
            ],
            [
              -78.79958035125489,
              43.03547567508037
            ],
            [
              -78.79958067428254,
              43.03543451646066
            ],
            [
              -78.79957548882818,
              43.035022955150495
            ],
            [
              -78.79957487677581,
              43.03498179829431
            ],
            [
              -78.79957505530146,
              43.03489948373126
            ],
            [
              -78.79956080304008,
              43.03470195651245
            ],
            [
              -78.79956005165728,
              43.03448794003197
            ],
            [
              -78.79954191996968,
              43.03411756022949
            ],
            [
              -78.79953990534858,
              43.03407640601622
            ],
            [
              -78.79951929178912,
              43.03366487284977
            ],
            [
              -78.79951727720234,
              43.03362371953296
            ],
            [
              -78.79951526261836,
              43.033582566215834
            ],
            [
              -78.79951324803716,
              43.03354141289836
            ],
            [
              -78.79949774346352,
              43.03325334231564
            ],
            [
              -78.79949572890254,
              43.03321218809525
            ],
            [
              -78.79948767069928,
              43.03304757481099
            ],
            [
              -78.79948565615547,
              43.03300642148909
            ],
            [
              -78.79947464842944,
              43.032800656640376
            ],
            [
              -78.79947216637572,
              43.032759503299154
            ],
            [
              -78.79945587157732,
              43.0325125912941
            ],
            [
              -78.7994420180031,
              43.03229516971083
            ],
            [
              -78.79943151899124,
              43.03210106505948
            ],
            [
              -78.79942252608102,
              43.0319364535034
            ],
            [
              -78.79942051162007,
              43.03189530017215
            ],
            [
              -78.79941849715878,
              43.03185414594037
            ],
            [
              -78.79940889242587,
              43.03164837839478
            ],
            [
              -78.79940687798424,
              43.03160722506117
            ],
            [
              -78.79939432387653,
              43.03136030503487
            ],
            [
              -78.79939230945482,
              43.0313191516989
            ],
            [
              -78.79938982752296,
              43.03127799924515
            ],
            [
              -78.79938781431021,
              43.031237188882386
            ],
            [
              -78.79938579869419,
              43.03119569257148
            ],
            [
              -78.799369827838,
              43.03090762183277
            ],
            [
              -78.79936781344868,
              43.03086646849305
            ],
            [
              -78.79936533155265,
              43.030825316035454
            ],
            [
              -78.79936284966004,
              43.03078416357747
            ],
            [
              -78.7993538571398,
              43.03061955197718
            ],
            [
              -78.79935184277136,
              43.03057839863506
            ],
            [
              -78.79934486466622,
              43.03045493947116
            ],
            [
              -78.79933283389197,
              43.03022379620693
            ],
            [
              -78.79932130438462,
              43.030002254420545
            ],
            [
              -78.7993102965579,
              43.029796489447655
            ],
            [
              -78.7993082822477,
              43.02975533609868
            ],
            [
              -78.79930378613489,
              43.0296730302819
            ],
            [
              -78.7993017718334,
              43.029631876931944
            ],
            [
              -78.7992992900314,
              43.02959072356359
            ],
            [
              -78.7992947939435,
              43.02950841774407
            ],
            [
              -78.7992838296103,
              43.02931465683844
            ],
            [
              -78.79927371617704,
              43.029096885079156
            ],
            [
              -78.79927170191603,
              43.0290557317244
            ],
            [
              -78.79926968765783,
              43.02901457836931
            ],
            [
              -78.79926317740515,
              43.028891119184
            ],
            [
              -78.79926116315846,
              43.02884996582755
            ],
            [
              -78.79925109196387,
              43.028644198139986
            ],
            [
              -78.79924861024135,
              43.028603045663445
            ],
            [
              -78.79924659601458,
              43.0285618923046
            ],
            [
              -78.7992445817906,
              43.02852073894542
            ],
            [
              -78.79923512245043,
              43.028356128151025
            ],
            [
              -78.79923310824142,
              43.02831497479015
            ],
            [
              -78.7992286123388,
              43.028232668049014
            ],
            [
              -78.79922613064896,
              43.02819151556898
            ],
            [
              -78.79921311053256,
              43.02794459715389
            ],
            [
              -78.79921062886548,
              43.027903444671395
            ],
            [
              -78.79920861468884,
              43.027862291306725
            ],
            [
              -78.79920660051503,
              43.02782113794175
            ],
            [
              -78.79919404804285,
              43.02757421772621
            ],
            [
              -78.79919156640442,
              43.02753306524054
            ],
            [
              -78.79918955225361,
              43.02749191187283
            ],
            [
              -78.79917948153854,
              43.027286144128986
            ],
            [
              -78.79917746740458,
              43.027244990759236
            ],
            [
              -78.79917498579134,
              43.027203838270786
            ],
            [
              -78.79916196610465,
              43.02695691980628
            ],
            [
              -78.79915948451418,
              43.02691576731536
            ],
            [
              -78.7991474876176,
              43.0266938832877
            ],
            [
              -78.79913326636436,
              43.02650424413067
            ],
            [
              -78.79912366348721,
              43.026298475464074
            ],
            [
              -78.79912164942547,
              43.02625732208609
            ],
            [
              -78.79911560725705,
              43.02613386195005
            ],
            [
              -78.79911359320653,
              43.026092708570715
            ],
            [
              -78.79910506955687,
              43.025928095031006
            ],
            [
              -78.79910305552065,
              43.02588694164998
            ],
            [
              -78.7991005740155,
              43.02584578914988
            ],
            [
              -78.7990985599852,
              43.02580463576814
            ],
            [
              -78.79908848987573,
              43.02559886885437
            ],
            [
              -78.79908647585908,
              43.0255577145704
            ],
            [
              -78.79908446184838,
              43.0255165611863
            ],
            [
              -78.79908198037158,
              43.025475408683086
            ],
            [
              -78.79907004050622,
              43.025269645280424
            ],
            [
              -78.79906802651671,
              43.02522849189391
            ],
            [
              -78.79906554506321,
              43.025187339388204
            ],
            [
              -78.79906353107963,
              43.025146186001
            ],
            [
              -78.79905191469824,
              43.0248992638894
            ],
            [
              -78.79906205480444,
              43.02485808759121
            ],
            [
              -78.79904882170031,
              43.02481695534781
            ],
            [
              -78.79902774730829,
              43.02440542229219
            ],
            [
              -78.79901357940449,
              43.024364291803145
            ],
            [
              -78.79902184960893,
              43.02432311902846
            ],
            [
              -78.79901983568509,
              43.024281965634124
            ],
            [
              -78.79901782176407,
              43.024240812239455
            ],
            [
              -78.79901426138616,
              43.02415850366799
            ],
            [
              -78.79901224747321,
              43.024117350272306
            ],
            [
              -78.79900868711373,
              43.02403504259906
            ],
            [
              -78.79900667320886,
              43.02399388920239
            ],
            [
              -78.79900217795048,
              43.02391158328887
            ],
            [
              -78.79900109896788,
              43.023870428129456
            ],
            [
              -78.79899940846342,
              43.02378811692882
            ],
            [
              -78.79899879693778,
              43.02374695998742
            ],
            [
              -78.79899358139927,
              43.02345886945229
            ],
            [
              -78.79899296988489,
              43.02341771340866
            ],
            [
              -78.7989923583714,
              43.02337655736475
            ],
            [
              -78.79899160279643,
              43.023294243495016
            ],
            [
              -78.79899145873749,
              43.023253086569376
            ],
            [
              -78.79899117062054,
              43.023170772717194
            ],
            [
              -78.7989910265625,
              43.023129615790694
            ],
            [
              -78.7989901622207,
              43.0228826742253
            ],
            [
              -78.79899001816165,
              43.022841516396504
            ],
            [
              -78.79899034155468,
              43.0228003585868
            ],
            [
              -78.79899019749908,
              43.022759201657614
            ],
            [
              -78.79899005344377,
              43.02271804472812
            ],
            [
              -78.79899084428418,
              43.022676886036706
            ],
            [
              -78.79899371952341,
              43.02242993740531
            ],
            [
              -78.79899903760312,
              43.02221316521006
            ],
            [
              -78.79899555107282,
              43.02201836100747
            ],
            [
              -78.79899447213288,
              43.021977205834254
            ],
            [
              -78.79899511890514,
              43.0218948893019
            ],
            [
              -78.79899518946402,
              43.021647945921494
            ],
            [
              -78.79899546483283,
              43.02159306912398
            ],
            [
              -78.79899503267171,
              43.02146959740918
            ],
            [
              -78.79899420364994,
              43.02109918406853
            ],
            [
              -78.79899405959713,
              43.021058026226875
            ],
            [
              -78.79899477694273,
              43.020728767161295
            ],
            [
              -78.79899510032719,
              43.02068760933637
            ],
            [
              -78.79899527966002,
              43.020605293666215
            ],
            [
              -78.79899560304383,
              43.020564135840374
            ],
            [
              -78.79899707591015,
              43.02031718976007
            ],
            [
              -78.79900002787517,
              43.020092190499085
            ],
            [
              -78.79899069688683,
              43.01956299390279
            ],
            [
              -78.79898915417692,
              43.01952286851625
            ],
            [
              -78.79899321984163,
              43.01934897158092
            ],
            [
              -78.79899970085054,
              43.018796764767906
            ],
            [
              -78.79899815106424,
              43.017419026568916
            ],
            [
              -78.79899828169182,
              43.01718923173219
            ],
            [
              -78.79899860506491,
              43.01714807388174
            ],
            [
              -78.79899644908166,
              43.016932687477585
            ],
            [
              -78.79900043656701,
              43.016736497103246
            ],
            [
              -78.79900216214449,
              43.01669533660732
            ],
            [
              -78.79899335214141,
              43.01644840883556
            ],
            [
              -78.79899461031619,
              43.01640724921838
            ],
            [
              -78.79900794743824,
              43.01607796520446
            ],
            [
              -78.79900967299406,
              43.01603680470372
            ],
            [
              -78.79901093115063,
              43.015995645083414
            ],
            [
              -78.79901125451222,
              43.015954487224406
            ],
            [
              -78.79901157787349,
              43.01591332936506
            ],
            [
              -78.79901096644225,
              43.01587217326698
            ],
            [
              -78.79901129220407,
              43.01583170135672
            ],
            [
              -78.79901114576899,
              43.01578985842761
            ],
            [
              -78.79901006694445,
              43.0157487032094
            ],
            [
              -78.7990094555163,
              43.01570754711012
            ],
            [
              -78.7990088440891,
              43.015666391010534
            ],
            [
              -78.79900729787123,
              43.01562523577195
            ],
            [
              -78.79900668644649,
              43.01558407967175
            ],
            [
              -78.79900607502267,
              43.01554292357127
            ],
            [
              -78.79900578696379,
              43.01546060960785
            ],
            [
              -78.79900564293479,
              43.015419452625714
            ],
            [
              -78.79900567824134,
              43.01529598079677
            ],
            [
              -78.79900646899605,
              43.01525482205195
            ],
            [
              -78.79900758310873,
              43.015172504542015
            ],
            [
              -78.79900916461214,
              43.0150901870503
            ],
            [
              -78.7990020097351,
              43.01504904327649
            ],
            [
              -78.79900225970727,
              43.01471978384487
            ],
            [
              -78.79900258307138,
              43.014678625976664
            ],
            [
              -78.79900215100353,
              43.014555155012374
            ],
            [
              -78.79900247436731,
              43.014513997142984
            ],
            [
              -78.79900135752098,
              43.01406126846692
            ],
            [
              -78.799001213502,
              43.014020111474686
            ],
            [
              -78.79900139284632,
              43.01393779660857
            ],
            [
              -78.79900218087228,
              43.01336159159297
            ],
            [
              -78.799002504233,
              43.01332043371495
            ],
            [
              -78.79900236021697,
              43.01327927671738
            ],
            [
              -78.79900235752241,
              43.012744231298605
            ],
            [
              -78.79900268088144,
              43.01270307341618
            ],
            [
              -78.79900206949664,
              43.0126619172948
            ],
            [
              -78.79900192548422,
              43.01262076029246
            ],
            [
              -78.7989992711397,
              43.01239645724689
            ],
            [
              -78.79899879111014,
              43.012259267231485
            ],
            [
              -78.79899289882977,
              43.01204457363763
            ],
            [
              -78.79899074135791,
              43.011962263146174
            ],
            [
              -78.79898966262431,
              43.01192110789998
            ],
            [
              -78.7989788753705,
              43.01150955452082
            ],
            [
              -78.79897779665396,
              43.011468399271216
            ],
            [
              -78.79897718530138,
              43.01142724314073
            ],
            [
              -78.79897610658762,
              43.01138608789052
            ],
            [
              -78.79896578689127,
              43.0109745335906
            ],
            [
              -78.79896517555292,
              43.01093337745645
            ],
            [
              -78.7989528426266,
              43.01048066962643
            ],
            [
              -78.79895176394822,
              43.0104395143691
            ],
            [
              -78.79895007395038,
              43.01035720297304
            ],
            [
              -78.79894899527635,
              43.010316047714774
            ],
            [
              -78.79894406927868,
              43.01011026963817
            ],
            [
              -78.79894299061367,
              43.01006911437805
            ],
            [
              -78.79893141329782,
              43.00969871964414
            ],
            [
              -78.79893033464953,
              43.0096575643809
            ],
            [
              -78.7989277100093,
              43.0095752547338
            ],
            [
              -78.79892616401793,
              43.009534100349924
            ],
            [
              -78.79891041635402,
              43.00904024153681
            ],
            [
              -78.79890887038908,
              43.00899908714878
            ],
            [
              -78.79890779176995,
              43.00895793188021
            ],
            [
              -78.79889779641995,
              43.00850521948457
            ],
            [
              -78.7988967178182,
              43.008464064212305
            ],
            [
              -78.7988945606162,
              43.00838175276664
            ],
            [
              -78.79889348201914,
              43.00834059749344
            ],
            [
              -78.79888438596177,
              43.008011356176816
            ],
            [
              -78.7988833073758,
              43.00797020000062
            ],
            [
              -78.79887622467348,
              43.00768211217989
            ],
            [
              -78.79887514610276,
              43.007640956901426
            ],
            [
              -78.79886450437115,
              43.00727056024108
            ],
            [
              -78.79886342581656,
              43.007229404959496
            ],
            [
              -78.79886187993327,
              43.00718825055765
            ],
            [
              -78.79885353933281,
              43.006941321479474
            ],
            [
              -78.79885246079219,
              43.006900166195386
            ],
            [
              -78.79884922517964,
              43.0067767003413
            ],
            [
              -78.79884814664521,
              43.00673554505594
            ],
            [
              -78.79884753543887,
              43.00669438889035
            ],
            [
              -78.7988423418201,
              43.00654554547233
            ],
            [
              -78.79883634281155,
              43.00629998476692
            ],
            [
              -78.79883506047808,
              43.00620052275826
            ],
            [
              -78.79883398196475,
              43.00615936746858
            ],
            [
              -78.79883290345295,
              43.00611821217862
            ],
            [
              -78.79882334077523,
              43.005788971607345
            ],
            [
              -78.79882226227487,
              43.005747815414374
            ],
            [
              -78.79882071646021,
              43.005706661001135
            ],
            [
              -78.79881176508573,
              43.005418576580176
            ],
            [
              -78.7988102192872,
              43.00537742216439
            ],
            [
              -78.79880914320451,
              43.00533695281941
            ],
            [
              -78.79880852964122,
              43.005295109792314
            ],
            [
              -78.79880238227351,
              43.00500702007098
            ],
            [
              -78.79880130380606,
              43.004965864772316
            ],
            [
              -78.79879436571936,
              43.00471893295328
            ],
            [
              -78.79879328726308,
              43.004677777652425
            ],
            [
              -78.79878257493905,
              43.004554325822724
            ],
            [
              -78.79878149649399,
              43.00451317052057
            ],
            [
              -78.79878164966621,
              43.004289547821884
            ],
            [
              -78.7987742517328,
              43.004178436944464
            ],
            [
              -78.79875010494679,
              43.00368733727721
            ],
            [
              -78.79874099725774,
              43.00335432204592
            ],
            [
              -78.79873169676475,
              43.002966087721674
            ],
            [
              -78.79873883682156,
              43.00273593613394
            ],
            [
              -78.79873104856304,
              43.002379252888225
            ],
            [
              -78.79872208257474,
              43.00208670870657
            ],
            [
              -78.79871778837587,
              43.00179381364014
            ],
            [
              -78.79870920130907,
              43.001208364636796
            ],
            [
              -78.79870677638021,
              43.000915466007434
            ],
            [
              -78.79870388898813,
              43.000623939245
            ],
            [
              -78.79870473146968,
              43.00033000460309
            ],
            [
              -78.79870797861481,
              43.00005561606959
            ],
            [
              -78.79870684760128,
              42.9999993697994
            ],
            [
              -78.7987774002501,
              42.99999752212889
            ],
            [
              -78.79905771650105,
              42.99998293204359
            ],
            [
              -78.7991137871762,
              42.999982140394
            ],
            [
              -78.79916985544877,
              42.99998066276539
            ],
            [
              -78.799225924945,
              42.99997918510703
            ],
            [
              -78.79933805546898,
              42.99997451483365
            ],
            [
              -78.79939412252705,
              42.99997269411944
            ],
            [
              -78.7996744746125,
              42.99996839179724
            ],
            [
              -78.79973054406166,
              42.99996725686979
            ],
            [
              -78.79989875241797,
              42.99996350894459
            ],
            [
              -78.79995482065326,
              42.99996203093154
            ],
            [
              -78.80001088888574,
              42.99996055289103
            ],
            [
              -78.8001230241365,
              42.999957253751866
            ],
            [
              -78.80017909236024,
              42.999955775628976
            ],
            [
              -78.80057156624147,
              42.99994405609451
            ],
            [
              -78.80062763444158,
              42.99994257775198
            ],
            [
              -78.8010761920682,
              42.99993383680214
            ],
            [
              -78.80113226024591,
              42.999932358212426
            ],
            [
              -78.80130046597463,
              42.99992826525423
            ],
            [
              -78.80135653656681,
              42.99992747250613
            ],
            [
              -78.80141260473147,
              42.99992599377911
            ],
            [
              -78.80146867410662,
              42.999924858000355
            ],
            [
              -78.80152473983878,
              42.99992269326695
            ],
            [
              -78.80158080313907,
              42.99991984255465
            ],
            [
              -78.8016368591487,
              42.99991493396055
            ],
            [
              -78.80169290908853,
              42.9999079674823
            ],
            [
              -78.80174894685233,
              42.99989791329729
            ],
            [
              -78.80180496880384,
              42.99988340130063
            ],
            [
              -78.80182363792075,
              42.99987719205943
            ],
            [
              -78.80184323672182,
              42.999869609128154
            ],
            [
              -78.80186189610689,
              42.999860656074944
            ],
            [
              -78.80188008456524,
              42.99985067498374
            ],
            [
              -78.8018968675473,
              42.99983966763931
            ],
            [
              -78.80191271354313,
              42.999827976125694
            ],
            [
              -78.80192715527842,
              42.999815601335705
            ],
            [
              -78.80194019153767,
              42.999802200294106
            ],
            [
              -78.80195182353708,
              42.99978811597712
            ],
            [
              -78.80196205127729,
              42.99977334838509
            ],
            [
              -78.80197087597502,
              42.999758240494224
            ],
            [
              -78.8019778303574,
              42.99974279319741
            ],
            [
              -78.80198338048322,
              42.999726662626614
            ],
            [
              -78.80198706151224,
              42.99971053562614
            ],
            [
              -78.80198933828694,
              42.99969372535206
            ],
            [
              -78.80199853780667,
              42.99965255041059
            ],
            [
              -78.80200446640512,
              42.999611381717216
            ],
            [
              -78.80200618954406,
              42.999570221057944
            ],
            [
              -78.80200604359243,
              42.99952906396927
            ],
            [
              -78.80200470061563,
              42.99928212142361
            ],
            [
              -78.80200464293587,
              42.99887054692449
            ],
            [
              -78.8020100170696,
              42.99854127676821
            ],
            [
              -78.8020116824732,
              42.99808854154579
            ],
            [
              -78.80201877960532,
              42.99771811157179
            ],
            [
              -78.80201956817086,
              42.997676952684294
            ],
            [
              -78.80202400763582,
              42.997347684244374
            ],
            [
              -78.80202432893888,
              42.99730652624697
            ],
            [
              -78.80202736660155,
              42.99697726046397
            ],
            [
              -78.80202894370534,
              42.99689494267792
            ],
            [
              -78.80203414224115,
              42.99664798751961
            ],
            [
              -78.80203618657892,
              42.996565668835956
            ],
            [
              -78.8020440425896,
              42.99627755119418
            ],
            [
              -78.80205674629933,
              42.99590711038714
            ],
            [
              -78.80205800206565,
              42.995865950593526
            ],
            [
              -78.80205925782722,
              42.99582478989943
            ],
            [
              -78.80206851172932,
              42.99553564151264
            ],
            [
              -78.8020679885314,
              42.99551986551051
            ],
            [
              -78.80206606360893,
              42.99550409218706
            ],
            [
              -78.80206367022957,
              42.99548797678047
            ],
            [
              -78.80206034480155,
              42.99547254911151
            ],
            [
              -78.80205561643511,
              42.99545678114506
            ],
            [
              -78.80205042204632,
              42.99544135704718
            ],
            [
              -78.80204382715338,
              42.99542627860344
            ],
            [
              -78.80203676502282,
              42.99541120105208
            ],
            [
              -78.80202830238638,
              42.99539646825431
            ],
            [
              -78.80201937373265,
              42.99538208022474
            ],
            [
              -78.80200951181807,
              42.995368036955824
            ],
            [
              -78.80199871542706,
              42.99535399547125
            ],
            [
              -78.80198974787463,
              42.995328632207475
            ],
            [
              -78.80214528640545,
              42.994655067593946
            ],
            [
              -78.79882418675231,
              42.99212469447352
            ],
            [
              -78.79737804849711,
              42.99102095736138
            ],
            [
              -78.79700811849932,
              42.99105045875058
            ],
            [
              -78.79683996516181,
              42.99106277678839
            ],
            [
              -78.79661576096076,
              42.99107965775887
            ],
            [
              -78.79655971019764,
              42.99108387793233
            ],
            [
              -78.79627945626527,
              42.99110497838813
            ],
            [
              -78.79622340427171,
              42.99110885542059
            ],
            [
              -78.79588708857008,
              42.991131431088775
            ],
            [
              -78.79555076440455,
              42.99115126195584
            ],
            [
              -78.79515835957983,
              42.991167079891355
            ],
            [
              -78.79499018318326,
              42.99117287866134
            ],
            [
              -78.79476594279203,
              42.991179466717945
            ],
            [
              -78.79470988240534,
              42.99118094217468
            ],
            [
              -78.79437350242472,
              42.99118464969251
            ],
            [
              -78.79392499683064,
              42.99119027746704
            ],
            [
              -78.79364468179115,
              42.991194222655174
            ],
            [
              -78.79358861902388,
              42.99119501160994
            ],
            [
              -78.79329615655624,
              42.991198635279375
            ],
            [
              -78.79314011216377,
              42.99119995035415
            ],
            [
              -78.79291585165112,
              42.991200704187285
            ],
            [
              -78.79203613012483,
              42.99121260098846
            ],
            [
              -78.79202879706311,
              42.99111658035614
            ],
            [
              -78.79201975606244,
              42.99093001648701
            ],
            [
              -78.79201021194015,
              42.99073282029129
            ],
            [
              -78.79208122489482,
              42.99073200484495
            ],
            [
              -78.79208351220743,
              42.990441496884756
            ],
            [
              -78.79204614752781,
              42.99044499481011
            ],
            [
              -78.79076477529054,
              42.99021992933462
            ],
            [
              -78.790322057557,
              42.989999165693035
            ],
            [
              -78.7898953055583,
              42.99091774924259
            ],
            [
              -78.78973053610893,
              42.99124353406152
            ],
            [
              -78.78868729545096,
              42.991257757741984
            ],
            [
              -78.78772394158858,
              42.991269771416334
            ],
            [
              -78.78139531715115,
              42.991348464276555
            ],
            [
              -78.77708168353801,
              42.99139803461878
            ],
            [
              -78.77519938807134,
              42.99143413129367
            ],
            [
              -78.77207009611264,
              42.99147123109365
            ],
            [
              -78.77204066595866,
              42.9914726515328
            ],
            [
              -78.77201076964046,
              42.991474415711394
            ],
            [
              -78.77198087332056,
              42.991476179882206
            ],
            [
              -78.77195097595009,
              42.991477601068325
            ],
            [
              -78.77192107962686,
              42.99147936522351
            ],
            [
              -78.77189118225344,
              42.99148078639403
            ],
            [
              -78.7718617520906,
              42.9914822067872
            ],
            [
              -78.77183185471438,
              42.991483627942216
            ],
            [
              -78.77180195733673,
              42.99148504908945
            ],
            [
              -78.7717720599577,
              42.99148647022884
            ],
            [
              -78.77174216152962,
              42.99148754838358
            ],
            [
              -78.77171226414792,
              42.99148896950736
            ],
            [
              -78.77168236571751,
              42.9914900476465
            ],
            [
              -78.77165246728602,
              42.9914911257778
            ],
            [
              -78.77162256885347,
              42.99149220390131
            ],
            [
              -78.77159267041985,
              42.991493282017025
            ],
            [
              -78.771563237971,
              42.991494359358576
            ],
            [
              -78.77153333953524,
              42.99149543745876
            ],
            [
              -78.7715034410984,
              42.99149651555117
            ],
            [
              -78.77147727931145,
              42.99149724451507
            ],
            [
              -78.77144364212958,
              42.991497985758784
            ],
            [
              -78.77141374368985,
              42.99149906382774
            ],
            [
              -78.77138384420343,
              42.99149979891204
            ],
            [
              -78.77135394471624,
              42.99150053398852
            ],
            [
              -78.77132404522834,
              42.991501269057174
            ],
            [
              -78.77129414469451,
              42.99150166114116
            ],
            [
              -78.77126424520527,
              42.991502396194214
            ],
            [
              -78.7712343446705,
              42.99150278826255
            ],
            [
              -78.77120444517995,
              42.99150352329998
            ],
            [
              -78.77117454464418,
              42.991503915352745
            ],
            [
              -78.771144644108,
              42.99150430739767
            ],
            [
              -78.77111474357142,
              42.9915046994348
            ],
            [
              -78.77108484303442,
              42.991505091464106
            ],
            [
              -78.77105494249702,
              42.99150548348561
            ],
            [
              -78.77102504091555,
              42.99150553252244
            ],
            [
              -78.7709951403775,
              42.99150592452829
            ],
            [
              -78.77096523756944,
              42.9915059735515
            ],
            [
              -78.77093533598757,
              42.99150602256486
            ],
            [
              -78.77090543440565,
              42.99150607157042
            ],
            [
              -78.77087553282364,
              42.991506120568175
            ],
            [
              -78.77084563124157,
              42.9915061695581
            ],
            [
              -78.7708157296594,
              42.99150621854024
            ],
            [
              -78.77078582703486,
              42.99150592453768
            ],
            [
              -78.77075592545272,
              42.99150597350418
            ],
            [
              -78.77072976052628,
              42.991505673366575
            ],
            [
              -78.77069612020458,
              42.99150538545998
            ],
            [
              -78.77066621758088,
              42.991505091426156
            ],
            [
              -78.77063631495744,
              42.991504797384536
            ],
            [
              -78.77060641233427,
              42.99150450333507
            ],
            [
              -78.77057650971135,
              42.99150420927784
            ],
            [
              -78.7705466060477,
              42.99150357223587
            ],
            [
              -78.77051670342547,
              42.99150327816299
            ],
            [
              -78.7704867997628,
              42.99150264110542
            ],
            [
              -78.77045689610077,
              42.99150200404001
            ],
            [
              -78.77042699243931,
              42.99150136696679
            ],
            [
              -78.77039708877844,
              42.99150072988576
            ],
            [
              -78.77036718511816,
              42.99150009279689
            ],
            [
              -78.77033728023218,
              42.99149945570225
            ],
            [
              -78.77030737553342,
              42.9914984756209
            ],
            [
              -78.7702774718751,
              42.99149783850862
            ],
            [
              -78.77024756717802,
              42.991496858411615
            ],
            [
              -78.77021766248184,
              42.99149587830679
            ],
            [
              -78.77018822499876,
              42.99149489743145
            ],
            [
              -78.77015832030445,
              42.991493917311146
            ],
            [
              -78.77012841561105,
              42.99149293718299
            ],
            [
              -78.77009851091859,
              42.99149195704706
            ],
            [
              -78.7700686051887,
              42.99149063392639
            ],
            [
              -78.77003870049823,
              42.991489653774806
            ],
            [
              -78.77000879477069,
              42.991488330638525
            ],
            [
              -78.76998262777906,
              42.991487344376296
            ],
            [
              -78.76994898331937,
              42.99148568434246
            ],
            [
              -78.7699190775956,
              42.99148436118272
            ],
            [
              -78.76988963908515,
              42.99148303725366
            ],
            [
              -78.76985973232671,
              42.99148137110149
            ],
            [
              -78.76982982660687,
              42.99148004791842
            ],
            [
              -78.76979991985142,
              42.99147838175061
            ],
            [
              -78.76977001413427,
              42.991477058551894
            ],
            [
              -78.76974010615554,
              42.99147539237049
            ],
            [
              -78.76971066661672,
              42.99147372541845
            ],
            [
              -78.76968075986746,
              42.99147205921949
            ],
            [
              -78.76965085311978,
              42.99147039301275
            ],
            [
              -78.76962094533785,
              42.991468383821235
            ],
            [
              -78.76959103859353,
              42.991466717598854
            ],
            [
              -78.76956159802722,
              42.99146470763154
            ],
            [
              -78.76953169025087,
              42.991462698416726
            ],
            [
              -78.76950178351164,
              42.991461032170974
            ],
            [
              -78.76947234295088,
              42.991459022180734
            ],
            [
              -78.76944243414526,
              42.99145666996567
            ],
            [
              -78.76941252637658,
              42.99145466071968
            ],
            [
              -78.76938261860984,
              42.991452651465856
            ],
            [
              -78.76935317702247,
              42.991450298468024
            ],
            [
              -78.76932326925971,
              42.99144828919872
            ],
            [
              -78.76929336046486,
              42.99144593694465
            ],
            [
              -78.76926391888405,
              42.99144358392382
            ],
            [
              -78.76923774882155,
              42.99144156856049
            ],
            [
              -78.76920456851731,
              42.99143887861815
            ],
            [
              -78.76917465973143,
              42.99143652633307
            ],
            [
              -78.76914475094782,
              42.99143417404016
            ],
            [
              -78.76911530711885,
              42.991431478006135
            ],
            [
              -78.76908539730701,
              42.99142878272078
            ],
            [
              -78.76905595574215,
              42.991426429646424
            ],
            [
              -78.76902604593529,
              42.991423734345545
            ],
            [
              -78.76899660334266,
              42.99142103827897
            ],
            [
              -78.76896669354097,
              42.9914183429626
            ],
            [
              -78.76893725095346,
              42.99141564688076
            ],
            [
              -78.76890734012504,
              42.9914126085719
            ],
            [
              -78.7688778975401,
              42.99140991157457
            ],
            [
              -78.76884845392888,
              42.99140687249295
            ],
            [
              -78.76881854310902,
              42.991403834160884
            ],
            [
              -78.76878910053476,
              42.99140113804092
            ],
            [
              -78.76875918972056,
              42.99139809969332
            ],
            [
              -78.76872974508979,
              42.99139471760419
            ],
            [
              -78.768700301493,
              42.991391678484405
            ],
            [
              -78.76867039068766,
              42.99138864011358
            ],
            [
              -78.76864094606624,
              42.9913852580016
            ],
            [
              -78.76861150247824,
              42.99138221885897
            ],
            [
              -78.76858205786306,
              42.9913788367318
            ],
            [
              -78.76855214603977,
              42.99137545535312
            ],
            [
              -78.76852270143098,
              42.99137207321065
            ],
            [
              -78.7684969943187,
              42.991369027993066
            ],
            [
              -78.76846381099682,
              42.99136530890502
            ],
            [
              -78.76843436536842,
              42.991361583762874
            ],
            [
              -78.76840445356147,
              42.99135820234557
            ],
            [
              -78.76837500793998,
              42.99135447718814
            ],
            [
              -78.76834556335085,
              42.991351095000084
            ],
            [
              -78.76831611773625,
              42.99134736982748
            ],
            [
              -78.7682866721252,
              42.99134364464736
            ],
            [
              -78.76825722651769,
              42.991339919459584
            ],
            [
              -78.76822777988562,
              42.9913358512873
            ],
            [
              -78.76819833428534,
              42.991332126084394
            ],
            [
              -78.76817590404741,
              42.99133079039513
            ],
            [
              -78.76682851092428,
              42.99119130822523
            ],
            [
              -78.76679907057702,
              42.99118929754686
            ],
            [
              -78.76676916404173,
              42.99118763058669
            ],
            [
              -78.76673925648822,
              42.99118562064169
            ],
            [
              -78.76670934995627,
              42.99118395366585
            ],
            [
              -78.76667990839003,
              42.991181942958804
            ],
            [
              -78.76665000186142,
              42.99118027596747
            ],
            [
              -78.7666200953344,
              42.991178608968326
            ],
            [
              -78.76659018880898,
              42.991176941961356
            ],
            [
              -78.76656028228513,
              42.99117527494656
            ],
            [
              -78.76653084399135,
              42.99117395015318
            ],
            [
              -78.7665009374705,
              42.99117228312285
            ],
            [
              -78.76647103196957,
              42.99117095906176
            ],
            [
              -78.76644112545175,
              42.99116929201581
            ],
            [
              -78.76641121995348,
              42.99116796793904
            ],
            [
              -78.76638131445651,
              42.99116664385448
            ],
            [
              -78.76635140896077,
              42.99116531976206
            ],
            [
              -78.76632197067603,
              42.99116399491492
            ],
            [
              -78.7662920651828,
              42.99116267080702
            ],
            [
              -78.76626216070798,
              42.99116168966829
            ],
            [
              -78.76623225521709,
              42.991160365544765
            ],
            [
              -78.76620235074431,
              42.991159384390414
            ],
            [
              -78.76617244627244,
              42.99115840322826
            ],
            [
              -78.76614254180149,
              42.99115742205826
            ],
            [
              -78.76610936483098,
              42.991155760148985
            ],
            [
              -78.76303551980735,
              42.99113799079062
            ],
            [
              -78.76247207470385,
              42.99114264678113
            ],
            [
              -78.76207960242665,
              42.99113811568084
            ],
            [
              -78.7616311007367,
              42.991146017758126
            ],
            [
              -78.76135077885318,
              42.991147825997
            ],
            [
              -78.76112651694308,
              42.99114817456901
            ],
            [
              -78.76084618516045,
              42.991146551801194
            ],
            [
              -78.76062190870236,
              42.991141411749034
            ],
            [
              -78.76056583860796,
              42.99113978369022
            ],
            [
              -78.76039762711575,
              42.99113489935082
            ],
            [
              -78.76028548400099,
              42.99113061405462
            ],
            [
              -78.75981353919705,
              42.99110973504518
            ],
            [
              -78.75933225957431,
              42.99109161227283
            ],
            [
              -78.75905189754323,
              42.99107969579788
            ],
            [
              -78.75871546491251,
              42.99106546371435
            ],
            [
              -78.75843510214087,
              42.99105320275097
            ],
            [
              -78.75815473973262,
              42.99104059812163
            ],
            [
              -78.75804259862605,
              42.991037339560634
            ],
            [
              -78.75793045972809,
              42.99103442386504
            ],
            [
              -78.75787439076822,
              42.99103313746459
            ],
            [
              -78.75776225382506,
              42.99103090755848
            ],
            [
              -78.75753798480528,
              42.991028162302484
            ],
            [
              -78.75725765627587,
              42.99102790265517
            ],
            [
              -78.7569212706549,
              42.991030128201
            ],
            [
              -78.75669701586725,
              42.99103286893389
            ],
            [
              -78.75647275939635,
              42.99103458029403
            ],
            [
              -78.75566729842193,
              42.991038882663915
            ],
            [
              -78.75523933845928,
              42.991041241107425
            ],
            [
              -78.75501508450053,
              42.9910443215224
            ],
            [
              -78.75495901845078,
              42.991044062625434
            ],
            [
              -78.75467869964068,
              42.991046883455134
            ],
            [
              -78.75462263549433,
              42.991047310347774
            ],
            [
              -78.75445444019566,
              42.99104756192941
            ],
            [
              -78.75439837482052,
              42.99104798871409
            ],
            [
              -78.75423018236877,
              42.99104926889783
            ],
            [
              -78.75417411821647,
              42.9910496955708
            ],
            [
              -78.75394986349599,
              42.991052087942656
            ],
            [
              -78.75389379839037,
              42.99105217150111
            ],
            [
              -78.7538377332845,
              42.99105225503213
            ],
            [
              -78.75352144939473,
              42.99105924234108
            ],
            [
              -78.75322102626893,
              42.99105694481225
            ],
            [
              -78.7528851176025,
              42.99106327353217
            ],
            [
              -78.75260432291388,
              42.99106300317875
            ],
            [
              -78.75249218862666,
              42.991062140020155
            ],
            [
              -78.75243612350766,
              42.99106222286465
            ],
            [
              -78.75221186960249,
              42.99106495480882
            ],
            [
              -78.75215580541885,
              42.99106538049327
            ],
            [
              -78.75193154463693,
              42.99106605402649
            ],
            [
              -78.7518754804499,
              42.99106647957363
            ],
            [
              -78.7516512227573,
              42.99106783851037
            ],
            [
              -78.7515951585663,
              42.99106826392022
            ],
            [
              -78.75131483824018,
              42.991071076513904
            ],
            [
              -78.75125877404338,
              42.99107150175898
            ],
            [
              -78.75103451631516,
              42.99107285948749
            ],
            [
              -78.75097845211438,
              42.99107328459528
            ],
            [
              -78.75075419530269,
              42.991074984751855
            ],
            [
              -78.75069812801011,
              42.99107472376957
            ],
            [
              -78.75047386560753,
              42.99107436551323
            ],
            [
              -78.75041780140067,
              42.99107479034641
            ],
            [
              -78.75030567484123,
              42.991076325885
            ],
            [
              -78.75001087276853,
              42.99107984236741
            ],
            [
              -78.74974503425167,
              42.99108160109109
            ],
            [
              -78.74957683696847,
              42.99108115955087
            ],
            [
              -78.74952077274789,
              42.99108158394469
            ],
            [
              -78.74929651647635,
              42.99108396720183
            ],
            [
              -78.74924045225085,
              42.99108439145836
            ],
            [
              -78.7491283237973,
              42.99108523988906
            ],
            [
              -78.74907225956923,
              42.991085664063206
            ],
            [
              -78.74890406503862,
              42.991086250466296
            ],
            [
              -78.7486269956539,
              42.99108184922306
            ],
            [
              -78.74788089092435,
              42.99109424255426
            ],
            [
              -78.74750245624443,
              42.99109718681892
            ],
            [
              -78.74744639107934,
              42.99109726721939
            ],
            [
              -78.7472781992291,
              42.99109888016546
            ],
            [
              -78.74722213497314,
              42.991099303433444
            ],
            [
              -78.74699787398433,
              42.9910999673005
            ],
            [
              -78.74694180972504,
              42.99110039043117
            ],
            [
              -78.74682968029478,
              42.991100893632805
            ],
            [
              -78.7465222499228,
              42.99109893150948
            ],
            [
              -78.74621296852187,
              42.991104173746166
            ],
            [
              -78.7461569042522,
              42.991104596492406
            ],
            [
              -78.74610083907662,
              42.99110467623383
            ],
            [
              -78.74604477571029,
              42.991105441902484
            ],
            [
              -78.74573174300836,
              42.99110554349178
            ],
            [
              -78.7454280701465,
              42.991111118628545
            ],
            [
              -78.74537200496297,
              42.99111119801298
            ],
            [
              -78.7453159406799,
              42.99111162034731
            ],
            [
              -78.74514774659929,
              42.99111288718733
            ],
            [
              -78.74497954744557,
              42.99111175293681
            ],
            [
              -78.7447903103865,
              42.99110550343742
            ],
            [
              -78.74456605202415,
              42.99110719147209
            ],
            [
              -78.7445099868418,
              42.99110727043427
            ],
            [
              -78.74428572879503,
              42.99110861494061
            ],
            [
              -78.74422966539989,
              42.991109379720285
            ],
            [
              -78.74406147520568,
              42.991111673894565
            ],
            [
              -78.74400541001786,
              42.991111752609626
            ],
            [
              -78.74378114982238,
              42.99111275315173
            ],
            [
              -78.74372508552466,
              42.991113174706854
            ],
            [
              -78.74350082743469,
              42.99111451767545
            ],
            [
              -78.74344476402332,
              42.99111528207067
            ],
            [
              -78.74327657255412,
              42.991117575093405
            ],
            [
              -78.7432205082478,
              42.99111799640142
            ],
            [
              -78.74305231354762,
              42.99111857420587
            ],
            [
              -78.74299624835078,
              42.99111865242661
            ],
            [
              -78.74282805630628,
              42.991120258833774
            ],
            [
              -78.74277199199382,
              42.99112067992209
            ],
            [
              -78.7426037969395,
              42.99112160004661
            ],
            [
              -78.74254773350926,
              42.99112236400253
            ],
            [
              -78.74243560664439,
              42.99112389183196
            ],
            [
              -78.74237954232538,
              42.99112431272806
            ],
            [
              -78.74180396300095,
              42.99113471447486
            ],
            [
              -78.741503559734,
              42.991140617651446
            ],
            [
              -78.74144749539208,
              42.99114103809105
            ],
            [
              -78.74139143017044,
              42.99114111552577
            ],
            [
              -78.74111110669087,
              42.99114253121977
            ],
            [
              -78.74105504234397,
              42.99114295146715
            ],
            [
              -78.74088684807192,
              42.99114421204626
            ],
            [
              -78.74083078372163,
              42.99114463218381
            ],
            [
              -78.74060652718654,
              42.991146655436886
            ],
            [
              -78.74055046283173,
              42.991147075437134
            ],
            [
              -78.74049439847606,
              42.99114749540993
            ],
            [
              -78.74043833411956,
              42.99114791535524
            ],
            [
              -78.7401580110981,
              42.99115001467174
            ],
            [
              -78.74010194586484,
              42.99115009147486
            ],
            [
              -78.73982161795492,
              42.991149789123575
            ],
            [
              -78.73976555272095,
              42.991149865761905
            ],
            [
              -78.73950110178792,
              42.99114679709615
            ],
            [
              -78.73950440349871,
              42.99134366233604
            ],
            [
              -78.73950777645243,
              42.99138412921364
            ],
            [
              -78.7395084520845,
              42.99146644406522
            ],
            [
              -78.73950855629367,
              42.991507601359245
            ],
            [
              -78.7395070000668,
              42.9916310757894
            ],
            [
              -78.73950616984713,
              42.991672234357196
            ],
            [
              -78.73950497661957,
              42.99175455085436
            ],
            [
              -78.7395046136123,
              42.99179570878377
            ],
            [
              -78.73950425060463,
              42.99183686671288
            ],
            [
              -78.73950435481235,
              42.99187802400423
            ],
            [
              -78.7395044590226,
              42.99191918219546
            ],
            [
              -78.73950456323077,
              42.991960339486184
            ],
            [
              -78.73950466743915,
              42.99200149677664
            ],
            [
              -78.73950477164776,
              42.99204265406676
            ],
            [
              -78.73950534307396,
              42.99208381071915
            ],
            [
              -78.73950638171867,
              42.99212496673368
            ],
            [
              -78.73950695314684,
              42.99216612338546
            ],
            [
              -78.73950752457588,
              42.9922072800369
            ],
            [
              -78.73950762878715,
              42.992248437325564
            ],
            [
              -78.73950679942922,
              42.992289938866286
            ],
            [
              -78.73950430787782,
              42.99241307247731
            ],
            [
              -78.73950394486751,
              42.992454230402
            ],
            [
              -78.7395051919397,
              42.99257770098674
            ],
            [
              -78.7395062305936,
              42.99261885699774
            ],
            [
              -78.73950867091413,
              42.99266001109589
            ],
            [
              -78.7395097095719,
              42.99270116710625
            ],
            [
              -78.73950696008379,
              42.992906958891446
            ],
            [
              -78.73950659707332,
              42.99294811681256
            ],
            [
              -78.73950670215508,
              42.99298961707322
            ],
            [
              -78.73950680550021,
              42.99303043137887
            ],
            [
              -78.73950618455972,
              42.99315424747847
            ],
            [
              -78.73950628790507,
              42.99319506178294
            ],
            [
              -78.73950753500357,
              42.99331853325181
            ],
            [
              -78.73950243457958,
              42.99351849668744
            ],
            [
              -78.73949969980202,
              42.993730119057446
            ],
            [
              -78.7394988695533,
              42.993771277610065
            ],
            [
              -78.73949611998947,
              42.99397706845634
            ],
            [
              -78.73949575696756,
              42.994018226369704
            ],
            [
              -78.7394953435549,
              42.994224014919894
            ],
            [
              -78.73949544776538,
              42.99426517219402
            ],
            [
              -78.73949648644448,
              42.994306328192884
            ],
            [
              -78.73950573040572,
              42.99463557579788
            ],
            [
              -78.73950583462462,
              42.99467673306902
            ],
            [
              -78.73950568004473,
              42.994800205518125
            ],
            [
              -78.73950531702594,
              42.994841363425586
            ],
            [
              -78.73950329348882,
              42.9949648384212
            ],
            [
              -78.7394940007931,
              42.99516995309518
            ],
            [
              -78.73950013050501,
              42.99537641773318
            ],
            [
              -78.73950231213225,
              42.99549988697962
            ],
            [
              -78.73950241635428,
              42.995541045144705
            ],
            [
              -78.73950143150117,
              42.99570567611387
            ],
            [
              -78.7395015357211,
              42.99574683337727
            ],
            [
              -78.73950117269584,
              42.99578799127791
            ],
            [
              -78.73950127691589,
              42.995829148540714
            ],
            [
              -78.73950018783738,
              42.995952622239926
            ],
            [
              -78.73949982481268,
              42.99599378103926
            ],
            [
              -78.73949920297724,
              42.99611725409739
            ],
            [
              -78.73949883994895,
              42.996158411995374
            ],
            [
              -78.73949904838888,
              42.99624072651535
            ],
            [
              -78.73949868536,
              42.99628188441241
            ],
            [
              -78.7394978047133,
              42.996487673518466
            ],
            [
              -78.73949744168263,
              42.996528831413734
            ],
            [
              -78.73949707865154,
              42.996569989308725
            ],
            [
              -78.73949386173135,
              42.996775780691685
            ],
            [
              -78.73949303144369,
              42.99681693922238
            ],
            [
              -78.7394926684108,
              42.996858098015466
            ],
            [
              -78.73949095744678,
              42.997105044729125
            ],
            [
              -78.73949106166482,
              42.99714620198246
            ],
            [
              -78.73949069862705,
              42.99718735987297
            ],
            [
              -78.73949080284521,
              42.997228517125706
            ],
            [
              -78.7394892473427,
              42.99735233530938
            ],
            [
              -78.73948935069203,
              42.99739314958383
            ],
            [
              -78.73949013060523,
              42.99751662069921
            ],
            [
              -78.73948225665305,
              42.99772859200996
            ],
            [
              -78.73949304185383,
              42.99792819153962
            ],
            [
              -78.7394908097665,
              42.997969351974525
            ],
            [
              -78.73948904493852,
              42.9980105117716
            ],
            [
              -78.73948899455655,
              42.99817514139448
            ],
            [
              -78.73948863151564,
              42.998216300177795
            ],
            [
              -78.73948790542802,
              42.9982986159431
            ],
            [
              -78.73948800964837,
              42.99833977318782
            ],
            [
              -78.73948785504504,
              42.998463245557694
            ],
            [
              -78.73948795926596,
              42.99850440280122
            ],
            [
              -78.73948759795779,
              42.998546246636
            ],
            [
              -78.73948780466309,
              42.998627875167536
            ],
            [
              -78.7394874433566,
              42.99866971990161
            ],
            [
              -78.73948541794346,
              42.99879250886028
            ],
            [
              -78.73948505489543,
              42.99883366673892
            ],
            [
              -78.73948469271554,
              42.99887516759427
            ],
            [
              -78.7394843287982,
              42.998915982495326
            ],
            [
              -78.73948308504103,
              42.99916292938262
            ],
            [
              -78.73948272199002,
              42.99920408725856
            ],
            [
              -78.73948282621019,
              42.99924524449679
            ],
            [
              -78.73948246315865,
              42.999286402372164
            ],
            [
              -78.73948101094851,
              42.99945103387069
            ],
            [
              -78.73948018062147,
              42.999492192382064
            ],
            [
              -78.73947743079827,
              42.999697983922196
            ],
            [
              -78.73947706774135,
              42.99973914179429
            ],
            [
              -78.73947627214767,
              42.99979401938158
            ],
            [
              -78.73947590908958,
              42.999835177253004
            ],
            [
              -78.7394744568533,
              42.99999980873565
            ],
            [
              -78.73947409379552,
              43.000040967505775
            ],
            [
              -78.73947207092411,
              43.0001647853656
            ],
            [
              -78.73947170699331,
              43.000205600257395
            ],
            [
              -78.73947108595223,
              43.00032941620129
            ],
            [
              -78.73947072202013,
              43.00037023109191
            ],
            [
              -78.73947454187054,
              43.00058698893685
            ],
            [
              -78.73948222422324,
              43.00066826426264
            ],
            [
              -78.739479708012,
              43.000781793439735
            ],
            [
              -78.73947794310159,
              43.000822953216485
            ],
            [
              -78.73947664547282,
              43.00086411235544
            ],
            [
              -78.73946943204018,
              43.0011525676467
            ],
            [
              -78.73946860081736,
              43.00119338316888
            ],
            [
              -78.73946777046197,
              43.00123454166767
            ],
            [
              -78.73946647281853,
              43.001275700803546
            ],
            [
              -78.73946304716858,
              43.001399178472134
            ],
            [
              -78.73946174951885,
              43.00144033760679
            ],
            [
              -78.73945868779401,
              43.00152299948942
            ],
            [
              -78.7394569219814,
              43.00156381628371
            ],
            [
              -78.73945256258386,
              43.001687637297245
            ],
            [
              -78.73945079676278,
              43.00172845409026
            ],
            [
              -78.73944503460206,
              43.00185193493548
            ],
            [
              -78.73944420422336,
              43.00189309342934
            ],
            [
              -78.73944290655162,
              43.00193425256026
            ],
            [
              -78.73943040500114,
              43.00216440784874
            ],
            [
              -78.73942489369237,
              43.002387008978424
            ],
            [
              -78.73941715804601,
              43.00246933424231
            ],
            [
              -78.73941259013887,
              43.00251084080627
            ],
            [
              -78.73940802048928,
              43.00255166141618
            ],
            [
              -78.73939888290846,
              43.00263398858816
            ],
            [
              -78.73939384854764,
              43.0026758387642
            ],
            [
              -78.73938927800789,
              43.00271631729563
            ],
            [
              -78.7393847091961,
              43.002757480879964
            ],
            [
              -78.73937967307972,
              43.002798645100924
            ],
            [
              -78.73937463782475,
              43.002840152298155
            ],
            [
              -78.73936960082708,
              43.00288097354134
            ],
            [
              -78.73935906124804,
              43.00296330261672
            ],
            [
              -78.73935355779803,
              43.003004467472124
            ],
            [
              -78.73934758704031,
              43.003045632963946
            ],
            [
              -78.73932650774286,
              43.00321029200417
            ],
            [
              -78.73932100424955,
              43.0032514568563
            ],
            [
              -78.73931596805124,
              43.003292621071004
            ],
            [
              -78.73930542833182,
              43.00337495013575
            ],
            [
              -78.73929992481006,
              43.00341611498571
            ],
            [
              -78.73928845044085,
              43.003498445320716
            ],
            [
              -78.73928247959277,
              43.00353961080574
            ],
            [
              -78.73923237599305,
              43.003868938747104
            ],
            [
              -78.73922640507239,
              43.00391010422665
            ],
            [
              -78.73919161891345,
              43.00419859689845
            ],
            [
              -78.73918658168624,
              43.00423941812423
            ],
            [
              -78.73918201262919,
              43.00428058168984
            ],
            [
              -78.73917697625602,
              43.00432174589133
            ],
            [
              -78.73914769250369,
              43.004568730717246
            ],
            [
              -78.73914265608464,
              43.00460989491521
            ],
            [
              -78.73913621772114,
              43.00465106102104
            ],
            [
              -78.73909898807814,
              43.00489805573622
            ],
            [
              -78.73909348428549,
              43.00493922056568
            ],
            [
              -78.73908844780296,
              43.00498038565887
            ],
            [
              -78.73906419991256,
              43.00518620534452
            ],
            [
              -78.73905916338849,
              43.005227369534474
            ],
            [
              -78.73905459417507,
              43.00526853308817
            ],
            [
              -78.73904909032044,
              43.00530969791293
            ],
            [
              -78.73903257871521,
              43.005433193284134
            ],
            [
              -78.73902754215035,
              43.005474357470995
            ],
            [
              -78.73901149777629,
              43.00559785129983
            ],
            [
              -78.73900599386411,
              43.00563901612024
            ],
            [
              -78.73900095726506,
              43.005680180304495
            ],
            [
              -78.73899498601796,
              43.005721345759405
            ],
            [
              -78.73896653163308,
              43.00592717201881
            ],
            [
              -78.73896056033954,
              43.00596833747019
            ],
            [
              -78.73893620776255,
              43.00613299990511
            ],
            [
              -78.73893023642923,
              43.00617416535349
            ],
            [
              -78.73892473500929,
              43.006216359095724
            ],
            [
              -78.73891922838841,
              43.006256494977954
            ],
            [
              -78.7389137243571,
              43.006297659789375
            ],
            [
              -78.73890868764617,
              43.00633882486521
            ],
            [
              -78.73890318360064,
              43.00637998967552
            ],
            [
              -78.73888023269184,
              43.006544650181546
            ],
            [
              -78.73887472860932,
              43.0065858149891
            ],
            [
              -78.73886922451952,
              43.00662697979607
            ],
            [
              -78.73884907740522,
              43.00679163737878
            ],
            [
              -78.73884310595118,
              43.00683280281807
            ],
            [
              -78.7388376018187,
              43.00687396762183
            ],
            [
              -78.73883163034917,
              43.006915133059934
            ],
            [
              -78.73882015471682,
              43.006997463299484
            ],
            [
              -78.73878935559038,
              43.007200547932605
            ],
            [
              -78.73875997210129,
              43.00740911917093
            ],
            [
              -78.73873432017713,
              43.00761494060616
            ],
            [
              -78.73872928323908,
              43.007656104764735
            ],
            [
              -78.73872377896093,
              43.0076972704575
            ],
            [
              -78.73871780733722,
              43.007738435883994
            ],
            [
              -78.73870633313167,
              43.00782145205367
            ],
            [
              -78.73869532277526,
              43.00790309568081
            ],
            [
              -78.73868935111301,
              43.007944261104385
            ],
            [
              -78.73867740776485,
              43.00802659194973
            ],
            [
              -78.73867190514594,
              43.00806844269015
            ],
            [
              -78.73866593345463,
              43.008109609011555
            ],
            [
              -78.73865492385852,
              43.0081915956073
            ],
            [
              -78.73864941861751,
              43.00823241741612
            ],
            [
              -78.7386439142334,
              43.008273582200836
            ],
            [
              -78.73860948575032,
              43.00852057279972
            ],
            [
              -78.73860398131663,
              43.00856173848075
            ],
            [
              -78.73859847687342,
              43.00860290326102
            ],
            [
              -78.73859343976581,
              43.008644067406756
            ],
            [
              -78.73857879574692,
              43.00876755920706
            ],
            [
              -78.73857375861303,
              43.008808723350825
            ],
            [
              -78.73854158684057,
              43.00902415780808
            ],
            [
              -78.73851544078094,
              43.00922037643442
            ],
            [
              -78.73851180561131,
              43.009261538671325
            ],
            [
              -78.7384879179088,
              43.00942620028608
            ],
            [
              -78.73848241331481,
              43.009467365954976
            ],
            [
              -78.73845125498856,
              43.00971435202194
            ],
            [
              -78.73844575034266,
              43.00975551678686
            ],
            [
              -78.73843380632516,
              43.00983784758169
            ],
            [
              -78.73842783430459,
              43.00987901297821
            ],
            [
              -78.7384223296309,
              43.00992017864107
            ],
            [
              -78.73841635759482,
              43.009961344036434
            ],
            [
              -78.73839844143919,
              43.01008484021891
            ],
            [
              -78.73839340407976,
              43.01012600434556
            ],
            [
              -78.73838743200479,
              43.01016716973797
            ],
            [
              -78.73835944093786,
              43.010372995059235
            ],
            [
              -78.73835346881677,
              43.01041416044819
            ],
            [
              -78.73834796404441,
              43.01045532520356
            ],
            [
              -78.73834245926476,
              43.01049648995838
            ],
            [
              -78.738309897793,
              43.01074347784284
            ],
            [
              -78.73830439468733,
              43.010785328546476
            ],
            [
              -78.73829842076809,
              43.01082580887726
            ],
            [
              -78.73825297971784,
              43.01115512875854
            ],
            [
              -78.73824747481363,
              43.01119629350393
            ],
            [
              -78.7382419699021,
              43.01123745824877
            ],
            [
              -78.738215379966,
              43.0114432816
            ],
            [
              -78.73821034237591,
              43.01148444570918
            ],
            [
              -78.73820166927091,
              43.01156677202879
            ],
            [
              -78.73819709988888,
              43.01160827848038
            ],
            [
              -78.73819253136247,
              43.011650127907714
            ],
            [
              -78.73818702465128,
              43.01169060669426
            ],
            [
              -78.73818198616311,
              43.011731428724374
            ],
            [
              -78.73816640586975,
              43.01185492167216
            ],
            [
              -78.73816043347901,
              43.01189608704074
            ],
            [
              -78.73814802130566,
              43.01197841840832
            ],
            [
              -78.73814251625939,
              43.01201958314295
            ],
            [
              -78.7380980082586,
              43.0123489025323
            ],
            [
              -78.73809250659124,
              43.01239143916683
            ],
            [
              -78.73808793277045,
              43.01243123072718
            ],
            [
              -78.73808336238831,
              43.01247239419194
            ],
            [
              -78.73806097776291,
              43.01267821177703
            ],
            [
              -78.73805687471871,
              43.01271937460718
            ],
            [
              -78.73804866947503,
              43.01280204324231
            ],
            [
              -78.7380404624879,
              43.01288402592335
            ],
            [
              -78.73803776154273,
              43.01292518685608
            ],
            [
              -78.73803189226587,
              43.01300750935223
            ],
            [
              -78.73802919130979,
              43.0130486702839
            ],
            [
              -78.73801412683956,
              43.01337794978175
            ],
            [
              -78.73801236061433,
              43.01341910944708
            ],
            [
              -78.73800763259453,
              43.013583745847306
            ],
            [
              -78.7380063337401,
              43.013624904879464
            ],
            [
              -78.73800004600979,
              43.0139130143063
            ],
            [
              -78.73799874714399,
              43.013954173335996
            ],
            [
              -78.73799708417725,
              43.01403649103152
            ],
            [
              -78.73799625269119,
              43.0140776494287
            ],
            [
              -78.73799370482458,
              43.01436609675578
            ],
            [
              -78.73799333985838,
              43.01440691154292
            ],
            [
              -78.73799141604663,
              43.01457154412466
            ],
            [
              -78.73799058455062,
              43.01461270251798
            ],
            [
              -78.73798569883252,
              43.01490081089988
            ],
            [
              -78.73798486732888,
              43.01494196929075
            ],
            [
              -78.73798450321516,
              43.01498312704984
            ],
            [
              -78.7379832051791,
              43.01502462904775
            ],
            [
              -78.73797385286787,
              43.01539540094925
            ],
            [
              -78.73797302048999,
              43.01543621636048
            ],
            [
              -78.73797016094568,
              43.0156005062991
            ],
            [
              -78.73796979681953,
              43.01564166405338
            ],
            [
              -78.73796807945409,
              43.015888610841586
            ],
            [
              -78.73796818272353,
              43.015929767962284
            ],
            [
              -78.73796828685377,
              43.01597126805869
            ],
            [
              -78.73796859580348,
              43.01609439644217
            ],
            [
              -78.737968699074,
              43.016135553561405
            ],
            [
              -78.737966671886,
              43.01625902897497
            ],
            [
              -78.73796630775489,
              43.01630018672451
            ],
            [
              -78.73796594448393,
              43.01634168744972
            ],
            [
              -78.73796511208988,
              43.016382502854164
            ],
            [
              -78.73797310172459,
              43.01658622047712
            ],
            [
              -78.73797268846002,
              43.01679406607147
            ],
            [
              -78.7379727917358,
              43.01683522318564
            ],
            [
              -78.73797289501181,
              43.0168763802995
            ],
            [
              -78.7379725308824,
              43.0169175380446
            ],
            [
              -78.7379726358798,
              43.016959381109764
            ],
            [
              -78.73797175004344,
              43.01716516946645
            ],
            [
              -78.73797185331993,
              43.01720632657795
            ],
            [
              -78.73797179729776,
              43.01737026970065
            ],
            [
              -78.73797190057503,
              43.017411426810646
            ],
            [
              -78.73797163972023,
              43.01749374166129
            ],
            [
              -78.7379708098985,
              43.01753558598527
            ],
            [
              -78.73796711786083,
              43.0177406921585
            ],
            [
              -78.73796581889977,
              43.017781851160336
            ],
            [
              -78.73795522061653,
              43.01802880985407
            ],
            [
              -78.7379539233631,
              43.01807065480553
            ],
            [
              -78.73795355749515,
              43.01811112659023
            ],
            [
              -78.7379475962701,
              43.018343330092314
            ],
            [
              -78.73794581251056,
              43.01856386762333
            ],
            [
              -78.7379415513751,
              43.018728502341595
            ],
            [
              -78.73794025237805,
              43.01876966133608
            ],
            [
              -78.7379350563755,
              43.01893429821124
            ],
            [
              -78.73793328994893,
              43.01897545783559
            ],
            [
              -78.73793152229325,
              43.01901661746127
            ],
            [
              -78.73792715783799,
              43.019140095068686
            ],
            [
              -78.73792723594077,
              43.01935754236092
            ],
            [
              -78.73791510333179,
              43.019552027582215
            ],
            [
              -78.7379156731446,
              43.019592841069475
            ],
            [
              -78.73791577639238,
              43.01963399816355
            ],
            [
              -78.73791634706697,
              43.019675154626
            ],
            [
              -78.73791785259608,
              43.0197163098255
            ],
            [
              -78.73791702271225,
              43.0197581541329
            ],
            [
              -78.73791582520913,
              43.019839785161004
            ],
            [
              -78.73791592931835,
              43.01988128522906
            ],
            [
              -78.73791556427851,
              43.019922099976625
            ],
            [
              -78.73791457498649,
              43.020086730235604
            ],
            [
              -78.7379155775956,
              43.02030006142044
            ],
            [
              -78.73791046572634,
              43.02049830897211
            ],
            [
              -78.73791171033724,
              43.020621778971254
            ],
            [
              -78.7379118135861,
              43.02066293605791
            ],
            [
              -78.73791248838182,
              43.02074559347493
            ],
            [
              -78.73791259163166,
              43.02078675056071
            ],
            [
              -78.73791329224069,
              43.02087969634696
            ],
            [
              -78.73279512597246,
              43.020610397289026
            ],
            [
              -78.73280296266238,
              43.020757868016666
            ],
            [
              -78.732799312011,
              43.02291417164122
            ],
            [
              -78.73275748095668,
              43.02301300446675
            ],
            [
              -78.73209969611005,
              43.02298127857204
            ],
            [
              -78.73210020165565,
              43.02299705484537
            ],
            [
              -78.73176877787469,
              43.022997828137164
            ],
            [
              -78.73171268282252,
              43.022997557898314
            ],
            [
              -78.73169725691037,
              43.02299757789613
            ],
            [
              -78.73170348162452,
              43.023058962664635
            ],
            [
              -78.73169804905656,
              43.02507361835776
            ],
            [
              -78.73070126929709,
              43.02540828033686
            ],
            [
              -78.73046629929507,
              43.02547923582702
            ],
            [
              -78.73046371035689,
              43.025961122160595
            ],
            [
              -78.73046215686279,
              43.026289353628606
            ],
            [
              -78.73032846174628,
              43.02629089732563
            ],
            [
              -78.7301699911636,
              43.026292815632004
            ],
            [
              -78.73016671882517,
              43.0262928198303
            ],
            [
              -78.72874795906132,
              43.02631006517556
            ],
            [
              -78.72872892927228,
              43.026764191191525
            ],
            [
              -78.72654023503537,
              43.02678993017808
            ],
            [
              -78.7244842995347,
              43.02681374877263
            ],
            [
              -78.72449107646298,
              43.02752713334832
            ],
            [
              -78.72451516922179,
              43.03008434023075
            ],
            [
              -78.72452319724216,
              43.03093525634207
            ],
            [
              -78.72452571039197,
              43.0312158087321
            ],
            [
              -78.7245337143727,
              43.03205609244091
            ],
            [
              -78.72382399581198,
              43.032048391447454
            ],
            [
              -78.72384631233908,
              43.032813544832784
            ],
            [
              -78.72386051550836,
              43.03330055443186
            ],
            [
              -78.72340840161971,
              43.033296307008825
            ],
            [
              -78.72312974615767,
              43.03329390391165
            ],
            [
              -78.72313880865835,
              43.03357890690678
            ],
            [
              -78.72316343550355,
              43.03433548389754
            ],
            [
              -78.72316473189555,
              43.03449462321117
            ],
            [
              -78.72326852918712,
              43.034495525273684
            ],
            [
              -78.72332463624365,
              43.03449648558612
            ],
            [
              -78.72343685114193,
              43.0344987491036
            ],
            [
              -78.72349295898432,
              43.03450005230862
            ],
            [
              -78.72366127939947,
              43.03450258985823
            ],
            [
              -78.72371738646804,
              43.034503549978126
            ],
            [
              -78.72377349197411,
              43.034503824120314
            ],
            [
              -78.72382959669821,
              43.03450375525984
            ],
            [
              -78.72388570264923,
              43.0345036863704
            ],
            [
              -78.72394180658989,
              43.03450327447985
            ],
            [
              -78.72399791209642,
              43.034503548512
            ],
            [
              -78.7241101238947,
              43.03450443946888
            ],
            [
              -78.72427844277506,
              43.03450629016058
            ],
            [
              -78.72454539876105,
              43.03450150239808
            ],
            [
              -78.72450430820187,
              43.03472860414168
            ],
            [
              -78.72450823721586,
              43.0348109135471
            ],
            [
              -78.7245087991009,
              43.0348520699795
            ],
            [
              -78.72450982852911,
              43.03489322583487
            ],
            [
              -78.72451207608206,
              43.03505785156024
            ],
            [
              -78.7245126379724,
              43.035099007990816
            ],
            [
              -78.72451376175752,
              43.0351813217513
            ],
            [
              -78.72451432365031,
              43.03522247818099
            ],
            [
              -78.72451591498375,
              43.03530479046269
            ],
            [
              -78.72451694442505,
              43.03534594631474
            ],
            [
              -78.72452152975173,
              43.03551056914291
            ],
            [
              -78.72452255920061,
              43.03555172499338
            ],
            [
              -78.72452358865297,
              43.03559288174375
            ],
            [
              -78.72452461810474,
              43.03563403759362
            ],
            [
              -78.72453023293474,
              43.03583981626143
            ],
            [
              -78.7245312623955,
              43.035880972109425
            ],
            [
              -78.7245322918577,
              43.03592212795714
            ],
            [
              -78.72453332132136,
              43.03596328380451
            ],
            [
              -78.72453341568499,
              43.036004440805286
            ],
            [
              -78.72453018719361,
              43.03622772304414
            ],
            [
              -78.7245320876197,
              43.03644482447928
            ],
            [
              -78.72464383304644,
              43.03644468655948
            ],
            [
              -78.72687502065239,
              43.036448769436696
            ],
            [
              -78.72690778135642,
              43.037866251353044
            ],
            [
              -78.72732953006636,
              43.037867436369005
            ],
            [
              -78.72749411288648,
              43.03786722917403
            ],
            [
              -78.72796776130436,
              43.03786834645192
            ],
            [
              -78.72802947986128,
              43.03786826843738
            ],
            [
              -78.72834368707012,
              43.03786889967929
            ],
            [
              -78.72858728995875,
              43.03786927671416
            ],
            [
              -78.72882808949757,
              43.037869999770265
            ],
            [
              -78.72907496534445,
              43.037870371606196
            ],
            [
              -78.72931997093359,
              43.037870745295294
            ],
            [
              -78.72934054459868,
              43.0378710620259
            ],
            [
              -78.72955749752883,
              43.03787147099157
            ],
            [
              -78.72971413255695,
              43.03787161373425
            ],
            [
              -78.72978286540021,
              43.037871868778325
            ],
            [
              -78.7300087020653,
              43.03787226552046
            ],
            [
              -78.73009333211368,
              43.03787250000313
            ],
            [
              -78.730231732116,
              43.03787266541943
            ],
            [
              -78.73055154890376,
              43.03787328339955
            ],
            [
              -78.73074044795493,
              43.03787372620628
            ],
            [
              -78.73083863738607,
              43.0378739426726
            ],
            [
              -78.73105325127726,
              43.0378743518175
            ],
            [
              -78.73121222413454,
              43.037874489492324
            ],
            [
              -78.73129966080414,
              43.03787471945644
            ],
            [
              -78.73129724655125,
              43.03823210340819
            ],
            [
              -78.73123211906588,
              43.03837040775014
            ],
            [
              -78.73123350676369,
              43.03875351084175
            ],
            [
              -78.73123447353588,
              43.038961352925156
            ],
            [
              -78.73123583243928,
              43.039332451862414
            ],
            [
              -78.73123682065255,
              43.039549211266646
            ],
            [
              -78.73123687667086,
              43.03957253354554
            ],
            [
              -78.73123953784744,
              43.03990178772061
            ],
            [
              -78.73124216857497,
              43.04021835181452
            ],
            [
              -78.73124356427581,
              43.04041007343209
            ],
            [
              -78.73124361782676,
              43.04043236678357
            ],
            [
              -78.7312444273179,
              43.04057470155216
            ],
            [
              -78.73124539417253,
              43.040782543568994
            ],
            [
              -78.73124712484214,
              43.04091904565161
            ],
            [
              -78.731248560954,
              43.041127573900916
            ],
            [
              -78.7312498973808,
              43.041294601317745
            ],
            [
              -78.73125122228323,
              43.04145682798576
            ],
            [
              -78.73125208536602,
              43.04162145517528
            ],
            [
              -78.73125335672444,
              43.041761387587584
            ],
            [
              -78.73125341192937,
              43.04178436688285
            ],
            [
              -78.73125475003862,
              43.04195208112962
            ],
            [
              -78.73125560325371,
              43.04211259261033
            ],
            [
              -78.73125693972842,
              43.042279619998155
            ],
            [
              -78.73125758695925,
              43.042354388740115
            ],
            [
              -78.73125846573434,
              43.042525532419326
            ],
            [
              -78.73125968192264,
              43.04264248551762
            ],
            [
              -78.73126128870749,
              43.042922009422945
            ],
            [
              -78.73126188815623,
              43.04297688473622
            ],
            [
              -78.73073160560965,
              43.04296968049489
            ],
            [
              -78.7303509612014,
              43.0429643395216
            ],
            [
              -78.73012182732086,
              43.04296120388347
            ],
            [
              -78.72978513936557,
              43.04295649059218
            ],
            [
              -78.72934370504444,
              43.04295053809205
            ],
            [
              -78.72901075925499,
              43.04294581774827
            ],
            [
              -78.72901634837363,
              43.04530788728121
            ],
            [
              -78.72913632545524,
              43.05055355179744
            ],
            [
              -78.7269499816489,
              43.050346071708674
            ],
            [
              -78.72693065710361,
              43.053288484973834
            ],
            [
              -78.72692962374688,
              43.053446940687586
            ],
            [
              -78.72692494337531,
              43.05404681147134
            ],
            [
              -78.72751139792864,
              43.05343557701023
            ],
            [
              -78.72918656997011,
              43.053402929558985
            ],
            [
              -78.72918636840318,
              43.053317872034
            ],
            [
              -78.7291870542467,
              43.053212577855575
            ],
            [
              -78.72921276208845,
              43.05320637154008
            ],
            [
              -78.72926603140382,
              43.0531867540544
            ],
            [
              -78.72935058811885,
              43.05314720408228
            ],
            [
              -78.72938609360902,
              43.05313103805314
            ],
            [
              -78.7294613059322,
              43.053094929673236
            ],
            [
              -78.72952382033034,
              43.05302968459449
            ],
            [
              -78.7295592401514,
              43.05297750715135
            ],
            [
              -78.7295768489877,
              43.05290888966056
            ],
            [
              -78.72959860494761,
              43.05281420076919
            ],
            [
              -78.72962964428385,
              43.05269000415817
            ],
            [
              -78.72963402675232,
              43.05256618369129
            ],
            [
              -78.7296248694421,
              43.05245198472979
            ],
            [
              -78.72960222703081,
              43.05237038562499
            ],
            [
              -78.72956641238747,
              43.052256220722256
            ],
            [
              -78.72955275695233,
              43.05221713812053
            ],
            [
              -78.72956150260389,
              43.05215813524673
            ],
            [
              -78.72956606362838,
              43.05210942696883
            ],
            [
              -78.72959679801032,
              43.05205382574254
            ],
            [
              -78.72964581068324,
              43.05201466394106
            ],
            [
              -78.72967570582624,
              43.051999534816744
            ],
            [
              -78.72970373189777,
              43.05198509402512
            ],
            [
              -78.72975700000013,
              43.051965476308496
            ],
            [
              -78.72982381503877,
              43.051939324702175
            ],
            [
              -78.72990375585704,
              43.05192618929749
            ],
            [
              -78.72999726646854,
              43.05191612322259
            ],
            [
              -78.73008610974013,
              43.051909492806544
            ],
            [
              -78.73045557016465,
              43.05190901844453
            ],
            [
              -78.73049205509521,
              43.051911715335756
            ],
            [
              -78.73053602277226,
              43.051914402590924
            ],
            [
              -78.73059776607217,
              43.05191878183217
            ],
            [
              -78.73081148495076,
              43.05191507687149
            ],
            [
              -78.73089144114722,
              43.051908457282295
            ],
            [
              -78.73091716554154,
              43.05190945303657
            ],
            [
              -78.73099386941243,
              43.051911754920226
            ],
            [
              -78.7310209992929,
              43.05191377776277
            ],
            [
              -78.73107853358269,
              43.05191816217622
            ],
            [
              -78.73114072565244,
              43.051914652119905
            ],
            [
              -78.73123424428273,
              43.05190801477409
            ],
            [
              -78.73137595159172,
              43.051908517500955
            ],
            [
              -78.73154100325574,
              43.051893212972516
            ],
            [
              -78.73174162182681,
              43.051887808364356
            ],
            [
              -78.7318795703394,
              43.051881112866646
            ],
            [
              -78.73207973360127,
              43.05188085288196
            ],
            [
              -78.73215456596381,
              43.05188281344515
            ],
            [
              -78.73219525667461,
              43.0518841324241
            ],
            [
              -78.73229766089408,
              43.051877482651044
            ],
            [
              -78.73242205310903,
              43.051873890919225
            ],
            [
              -78.73252449841762,
              43.051883703690265
            ],
            [
              -78.73254694912868,
              43.05188470334581
            ],
            [
              -78.73264049667773,
              43.05189006893858
            ],
            [
              -78.7327335549268,
              43.05188651774335
            ],
            [
              -78.73280042441226,
              43.05188334365389
            ],
            [
              -78.73288504122755,
              43.05187020005963
            ],
            [
              -78.73296498129682,
              43.05185706251762
            ],
            [
              -78.73303599554482,
              43.05182747379515
            ],
            [
              -78.73311306646512,
              43.0517879308264
            ],
            [
              -78.73319150817058,
              43.051735695034616
            ],
            [
              -78.7332806668767,
              43.05166732622141
            ],
            [
              -78.73334265962468,
              43.051582187173175
            ],
            [
              -78.73336595528752,
              43.051546144257316
            ],
            [
              -78.73338692094273,
              43.05151353414185
            ],
            [
              -78.73344468932402,
              43.051422227024126
            ],
            [
              -78.73353783282941,
              43.051262277542826
            ],
            [
              -78.73356433076673,
              43.05119707750225
            ],
            [
              -78.73361274444656,
              43.05110543959932
            ],
            [
              -78.73367522812934,
              43.05103024599492
            ],
            [
              -78.73373587575271,
              43.05096877377104
            ],
            [
              -78.73379928525144,
              43.05088980615464
            ],
            [
              -78.73387021829446,
              43.05082763348444
            ],
            [
              -78.73398583947021,
              43.05068068800673
            ],
            [
              -78.73404785460549,
              43.05060549481024
            ],
            [
              -78.7341364229055,
              43.0504880806566
            ],
            [
              -78.73422964307957,
              43.050360713120426
            ],
            [
              -78.73428738474047,
              43.05025945931644
            ],
            [
              -78.73434933215432,
              43.05015648505635
            ],
            [
              -78.73438010584736,
              43.05011906015682
            ],
            [
              -78.73440479911443,
              43.050081300300306
            ],
            [
              -78.73445706728282,
              43.05003664452627
            ],
            [
              -78.73448229802763,
              43.05002735087789
            ],
            [
              -78.73454676308238,
              43.04999811283368
            ],
            [
              -78.73460703433831,
              43.04997505384878
            ],
            [
              -78.73465140185466,
              43.04995064306045
            ],
            [
              -78.73471774074747,
              43.04992277434248
            ],
            [
              -78.73482478169173,
              43.049901368242594
            ],
            [
              -78.73485750748544,
              43.04989720921667
            ],
            [
              -78.73490238810828,
              43.04989131920857
            ],
            [
              -78.73500947072615,
              43.04988637568691
            ],
            [
              -78.73511375800337,
              43.04988623742419
            ],
            [
              -78.73518670725477,
              43.04988408280177
            ],
            [
              -78.73523487496932,
              43.049883675903736
            ],
            [
              -78.73531766277081,
              43.049888710616415
            ],
            [
              -78.73538644547494,
              43.049903710156286
            ],
            [
              -78.73546932062638,
              43.04994407108121
            ],
            [
              -78.73553869660174,
              43.05000983095917
            ],
            [
              -78.73559401877792,
              43.050065319339126
            ],
            [
              -78.73563533555317,
              43.05013111558448
            ],
            [
              -78.73572535086508,
              43.05022188416114
            ],
            [
              -78.73578769979852,
              43.050282507714975
            ],
            [
              -78.73580144965646,
              43.05035828689515
            ],
            [
              -78.73579452311208,
              43.05039396553316
            ],
            [
              -78.73583626974725,
              43.050444328150405
            ],
            [
              -78.73591209360725,
              43.050469607242576
            ],
            [
              -78.73607080578577,
              43.05054004840305
            ],
            [
              -78.73618818989775,
              43.0505398916812
            ],
            [
              -78.73625742927236,
              43.05055008843454
            ],
            [
              -78.73635382967329,
              43.05057499676146
            ],
            [
              -78.73642964111025,
              43.05059513090044
            ],
            [
              -78.7365471376406,
              43.05064058934616
            ],
            [
              -78.73666463434422,
              43.05068604767061
            ],
            [
              -78.73678869169207,
              43.05073629872824
            ],
            [
              -78.73694741925382,
              43.0508122262499
            ],
            [
              -78.73707194352211,
              43.05086247637258
            ],
            [
              -78.73715479621427,
              43.05089289072315
            ],
            [
              -78.73722405500926,
              43.05091063231626
            ],
            [
              -78.73718141516915,
              43.04956793940545
            ],
            [
              -78.74034274278361,
              43.049557472390674
            ],
            [
              -78.74034581565445,
              43.05094549111135
            ],
            [
              -78.74034641845104,
              43.05118180009564
            ],
            [
              -78.74039295177754,
              43.05182344431847
            ]
          ]
        ]
      }
    },
    {
      "type": "Feature",
      "properties": {
        "name": "Ellicott Creek Fire Protection District"
      },
      "geometry": {
        "type": "MultiPolygon",
        "coordinates": [
          [
            [
              [
                -78.80039850068351,
                43.05137449870157
              ],
              [
                -78.80040145181997,
                43.05141565009821
              ],
              [
                -78.80042070688765,
                43.05170371342554
              ],
              [
                -78.80042365805559,
                43.051744864819156
              ],
              [
                -78.80044244566272,
                43.052032928112716
              ],
              [
                -78.80044492919103,
                43.05207408039056
              ],
              [
                -78.80044788039396,
                43.05211523178083
              ],
              [
                -78.80045968524934,
                43.05227983823822
              ],
              [
                -78.80046558769978,
                43.05236214101453
              ],
              [
                -78.8004685389311,
                43.05240329240211
              ],
              [
                -78.80047429620846,
                43.05244443846527
              ],
              [
                -78.80048426255944,
                43.05248557654139
              ],
              [
                -78.80049750264386,
                43.05252670840427
              ],
              [
                -78.80051448414292,
                43.052567833165206
              ],
              [
                -78.80053281301844,
                43.05259317942204
              ],
              [
                -78.80053661009201,
                43.05260894905996
              ],
              [
                -78.80056388170553,
                43.052650397257686
              ],
              [
                -78.80059582768995,
                43.05269115062499
              ],
              [
                -78.80064557811089,
                43.0527407875229
              ],
              [
                -78.8006831072434,
                43.05277329886658
              ],
              [
                -78.80070186637387,
                43.05278801115716
              ],
              [
                -78.80073563234673,
                43.05281435608332
              ],
              [
                -78.80075814503063,
                43.05283249098266
              ],
              [
                -78.80078768984335,
                43.052855414164085
              ],
              [
                -78.80081442255688,
                43.05287662780742
              ],
              [
                -78.8008411504407,
                43.05289646955419
              ],
              [
                -78.80087069531503,
                43.0529193927138
              ],
              [
                -78.8008950787868,
                43.05293752402978
              ],
              [
                -78.80092696208878,
                43.05296044272921
              ],
              [
                -78.80095228094878,
                43.05297857225441
              ],
              [
                -78.80098322408624,
                43.05300012082632
              ],
              [
                -78.80101041854631,
                43.05301961957109
              ],
              [
                -78.80103948737256,
                43.05304014276807
              ],
              [
                -78.80106808853986,
                43.05306066684735
              ],
              [
                -78.80109575072883,
                43.05308016378154
              ],
              [
                -78.80112529093168,
                43.053101714984116
              ],
              [
                -78.80123876181317,
                43.0531838129491
              ],
              [
                -78.80126455096512,
                43.053202627458674
              ],
              [
                -78.80129549675368,
                43.05322486188986
              ],
              [
                -78.80132081583102,
                43.05324299133224
              ],
              [
                -78.80146757275128,
                43.053348004975
              ],
              [
                -78.80148960965576,
                43.05336373981174
              ],
              [
                -78.80152477567655,
                43.05338905290888
              ],
              [
                -78.80154587481651,
                43.05340410357286
              ],
              [
                -78.80171467561244,
                43.05352656747776
              ],
              [
                -78.80175218509761,
                43.05355324793166
              ],
              [
                -78.80177094106963,
                43.053566931126426
              ],
              [
                -78.80180938840341,
                43.053594295720956
              ],
              [
                -78.80199599877126,
                43.05372667057526
              ],
              [
                -78.80205226581467,
                43.05376737705587
              ],
              [
                -78.80210853537079,
                43.053808769453305
              ],
              [
                -78.80215167569959,
                43.05384058363255
              ],
              [
                -78.80220747648526,
                43.05388163390225
              ],
              [
                -78.80222107714965,
                43.05389224010873
              ],
              [
                -78.80226374503341,
                43.05392268414983
              ],
              [
                -78.80227734571656,
                43.05393329034949
              ],
              [
                -78.80232001365344,
                43.0539637334691
              ],
              [
                -78.80233361313493,
                43.05397399668948
              ],
              [
                -78.80238987940704,
                43.054014360028894
              ],
              [
                -78.8024461457529,
                43.054054723340194
              ],
              [
                -78.80249069193569,
                43.05408687767327
              ],
              [
                -78.80254696085717,
                43.0541279268791
              ],
              [
                -78.8027837625035,
                43.054301361256854
              ],
              [
                -78.80284003059329,
                43.05434206734377
              ],
              [
                -78.80289629876073,
                43.05438277430272
              ],
              [
                -78.8029525669994,
                43.054423480333384
              ],
              [
                -78.8030088353125,
                43.054464186335906
              ],
              [
                -78.80306510369999,
                43.05450489231035
              ],
              [
                -78.80312137461429,
                43.054545941226685
              ],
              [
                -78.8031776480539,
                43.05458767605971
              ],
              [
                -78.80323392034231,
                43.054629410866916
              ],
              [
                -78.8032775307442,
                43.05466156668836
              ],
              [
                -78.80333239764367,
                43.054702618198064
              ],
              [
                -78.8033464651481,
                43.05471288039696
              ],
              [
                -78.8033877323074,
                43.0547436687817
              ],
              [
                -78.80340273766545,
                43.05475461511975
              ],
              [
                -78.80344493781038,
                43.054784715740055
              ],
              [
                -78.8034590041256,
                43.054794634952536
              ],
              [
                -78.80362779535467,
                43.05491229437569
              ],
              [
                -78.80368406456124,
                43.054953000040776
              ],
              [
                -78.80373564462955,
                43.05498994198666
              ],
              [
                -78.80379660688239,
                43.055035097228945
              ],
              [
                -78.803816769298,
                43.05504946332467
              ],
              [
                -78.80383973788379,
                43.05506382400995
              ],
              [
                -78.8038631741739,
                43.055078183789334
              ],
              [
                -78.80388707571039,
                43.055091856717794
              ],
              [
                -78.80391144372203,
                43.05510518576745
              ],
              [
                -78.8039362782087,
                43.055118170937945
              ],
              [
                -78.80396111270584,
                43.05513115610301
              ],
              [
                -78.8039864124482,
                43.055143454416175
              ],
              [
                -78.80401171097083,
                43.05515540975135
              ],
              [
                -78.80403794366185,
                43.055167020304644
              ],
              [
                -78.80431851861331,
                43.05528480604423
              ],
              [
                -78.80435934690492,
                43.055193152050116
              ],
              [
                -78.80444212334706,
                43.055061289859545
              ],
              [
                -78.80449964157958,
                43.05492879047216
              ],
              [
                -78.8045145288507,
                43.05490681131793
              ],
              [
                -78.80457505389901,
                43.054830210960446
              ],
              [
                -78.80468677316863,
                43.05468354381439
              ],
              [
                -78.8048405382859,
                43.05452410601684
              ],
              [
                -78.80500744357361,
                43.05437698964841
              ],
              [
                -78.8052014479561,
                43.05422296010415
              ],
              [
                -78.80528821510565,
                43.05416105639817
              ],
              [
                -78.80549350941018,
                43.05402552599536
              ],
              [
                -78.80556068397841,
                43.05397737910436
              ],
              [
                -78.805754846847,
                43.05386793502758
              ],
              [
                -78.80588933157361,
                43.05381005381026
              ],
              [
                -78.8060228310419,
                43.053738455359586
              ],
              [
                -78.8061134424266,
                43.053705353426274
              ],
              [
                -78.80622835208983,
                43.053666030552655
              ],
              [
                -78.80628526029808,
                43.05362476272458
              ],
              [
                -78.8063020720163,
                43.05361787047551
              ],
              [
                -78.80637125172447,
                43.053607446428046
              ],
              [
                -78.80641235804369,
                43.05359364731633
              ],
              [
                -78.80651506406394,
                43.05354268679796
              ],
              [
                -78.80655990678551,
                43.05352750844722
              ],
              [
                -78.80662719820103,
                43.05351228628071
              ],
              [
                -78.80669451696615,
                43.053504609467154
              ],
              [
                -78.80678421841228,
                43.053478368273865
              ],
              [
                -78.80694116245554,
                43.053423870810974
              ],
              [
                -78.80720378704237,
                43.05336505165437
              ],
              [
                -78.80737665524755,
                43.05331669688892
              ],
              [
                -78.80747288742964,
                43.05328632667193
              ],
              [
                -78.80752991188768,
                43.053277297628625
              ],
              [
                -78.80765802364321,
                43.05326812923792
              ],
              [
                -78.80778699567358,
                43.05323838052696
              ],
              [
                -78.80789632004529,
                43.05320729832596
              ],
              [
                -78.80799821274724,
                43.053189949603045
              ],
              [
                -78.80808236242115,
                43.0531808670313
              ],
              [
                -78.80819920949865,
                43.05316074496166
              ],
              [
                -78.80824218832899,
                43.053147627462224
              ],
              [
                -78.80829821701374,
                43.05312213720084
              ],
              [
                -78.80834400688212,
                43.053110386036664
              ],
              [
                -78.80844498529127,
                43.05309921226044
              ],
              [
                -78.80848982972041,
                43.05308471909888
              ],
              [
                -78.8085523931879,
                43.05305578610769
              ],
              [
                -78.80869625590611,
                43.05300542857562
              ],
              [
                -78.80876538426342,
                43.05298128328737
              ],
              [
                -78.80890548387642,
                43.0529254453068
              ],
              [
                -78.80897927877429,
                43.05289854779246
              ],
              [
                -78.8090829420142,
                43.052854442573974
              ],
              [
                -78.80927534393744,
                43.05277723651579
              ],
              [
                -78.80940053747287,
                43.05273789014816
              ],
              [
                -78.80947711529817,
                43.052704813267304
              ],
              [
                -78.80954806329207,
                43.05266694581536
              ],
              [
                -78.809730163885,
                43.05258701555312
              ],
              [
                -78.80980303023837,
                43.05256217719235
              ],
              [
                -78.80989645269149,
                43.0525311236443
              ],
              [
                -78.810142118097,
                43.05244077762217
              ],
              [
                -78.81022715372636,
                43.05241865867156
              ],
              [
                -78.81025047921965,
                43.05240283558022
              ],
              [
                -78.81068012394873,
                43.052235297088174
              ],
              [
                -78.81118639318625,
                43.05204839695368
              ],
              [
                -78.81132936055292,
                43.05201038498296
              ],
              [
                -78.81137698156968,
                43.051988339708394
              ],
              [
                -78.81139846642469,
                43.0519807514473
              ],
              [
                -78.81152272926525,
                43.0519434624576
              ],
              [
                -78.8115992998697,
                43.051909012267565
              ],
              [
                -78.81163386414102,
                43.051897282174764
              ],
              [
                -78.81181139631516,
                43.05184753949664
              ],
              [
                -78.81193377522308,
                43.05180682407197
              ],
              [
                -78.81205712244166,
                43.05177502392862
              ],
              [
                -78.81215518231123,
                43.05173435686752
              ],
              [
                -78.81221594597818,
                43.05172531801108
              ],
              [
                -78.8124000245269,
                43.051675561325965
              ],
              [
                -78.8125233252614,
                43.05163141277539
              ],
              [
                -78.81261490113724,
                43.05160790705042
              ],
              [
                -78.81279148488929,
                43.05155542095061
              ],
              [
                -78.81288309124685,
                43.0515401463478
              ],
              [
                -78.81301580990475,
                43.051513128021426
              ],
              [
                -78.81307937666146,
                43.05150339713076
              ],
              [
                -78.81322240563296,
                43.051482531414834
              ],
              [
                -78.81337472373158,
                43.05144449810229
              ],
              [
                -78.81342329685536,
                43.05142725170958
              ],
              [
                -78.8134858357919,
                43.05139282846466
              ],
              [
                -78.81352786532464,
                43.05137628113661
              ],
              [
                -78.81359605718663,
                43.05135282165842
              ],
              [
                -78.81369981975885,
                43.05133683599244
              ],
              [
                -78.81381015526739,
                43.051327696494035
              ],
              [
                -78.81399909439699,
                43.05132800178577
              ],
              [
                -78.81405145485077,
                43.05132309459021
              ],
              [
                -78.81418417252242,
                43.051296074910155
              ],
              [
                -78.81456658034797,
                43.05125757565231
              ],
              [
                -78.81490689658617,
                43.051218474345504
              ],
              [
                -78.81525193431757,
                43.05119170955644
              ],
              [
                -78.8153080591286,
                43.051192967706335
              ],
              [
                -78.81538854505789,
                43.05120515163276
              ],
              [
                -78.81544000359239,
                43.05120916297905
              ],
              [
                -78.81554003189028,
                43.05119524106756
              ],
              [
                -78.81571487595323,
                43.05117842247771
              ],
              [
                -78.81585323181086,
                43.05115893486172
              ],
              [
                -78.81596638943421,
                43.05115390324984
              ],
              [
                -78.81602064357034,
                43.05115516485284
              ],
              [
                -78.81620593947459,
                43.05118154000404
              ],
              [
                -78.81631493624451,
                43.05118955046188
              ],
              [
                -78.81657176017504,
                43.051208919884594
              ],
              [
                -78.81672890560134,
                43.05121134331098
              ],
              [
                -78.81681211852971,
                43.051202942178605
              ],
              [
                -78.81689342433766,
                43.0511849406794
              ],
              [
                -78.81695981954623,
                43.05118137540955
              ],
              [
                -78.81710949011745,
                43.051185872322186
              ],
              [
                -78.81747802066657,
                43.051187862724895
              ],
              [
                -78.81759304762647,
                43.051182824779914
              ],
              [
                -78.8178773908888,
                43.05118292834247
              ],
              [
                -78.81791670077007,
                43.05118970817188
              ],
              [
                -78.8179597232037,
                43.05118893402784
              ],
              [
                -78.8180223665788,
                43.05118263113365
              ],
              [
                -78.81818230226442,
                43.05118093114315
              ],
              [
                -78.8183319336306,
                43.05117513638927
              ],
              [
                -78.81842173671856,
                43.051177695752024
              ],
              [
                -78.81850034611493,
                43.051188510345035
              ],
              [
                -78.81852281493272,
                43.05119395177127
              ],
              [
                -78.81856872985142,
                43.05121580779952
              ],
              [
                -78.81862022268268,
                43.051228734993494
              ],
              [
                -78.81869696676527,
                43.05124092428574
              ],
              [
                -78.81886066751362,
                43.05124538915269
              ],
              [
                -78.81916181541823,
                43.05123722354009
              ],
              [
                -78.81928996321157,
                43.05123901725021
              ],
              [
                -78.81938165427135,
                43.051246373616074
              ],
              [
                -78.8194696171984,
                43.0512571673502
              ],
              [
                -78.8195276180667,
                43.05125979145944
              ],
              [
                -78.81967725335146,
                43.05125468088841
              ],
              [
                -78.8200364456786,
                43.05126079803588
              ],
              [
                -78.8201234206341,
                43.05125787431381
              ],
              [
                -78.82022721300477,
                43.0512501140665
              ],
              [
                -78.8204965807353,
                43.05124749831972
              ],
              [
                -78.82066869163667,
                43.05124988532207
              ],
              [
                -78.82079777746705,
                43.05125236134826
              ],
              [
                -78.82104561939136,
                43.05124635922281
              ],
              [
                -78.82123550683808,
                43.0512500803472
              ],
              [
                -78.82140482770544,
                43.051256587741356
              ],
              [
                -78.82160593771044,
                43.051259598954964
              ],
              [
                -78.82175465219677,
                43.05125860328396
              ],
              [
                -78.82192779953698,
                43.051287052327595
              ],
              [
                -78.82197831258665,
                43.05128831890554
              ],
              [
                -78.82203347301895,
                43.0512820303198
              ],
              [
                -78.8221222532592,
                43.051261952567195
              ],
              [
                -78.82216059638216,
                43.05126050065745
              ],
              [
                -78.82223637924307,
                43.05126583008342
              ],
              [
                -78.82241231415793,
                43.05128947092586
              ],
              [
                -78.82245158995431,
                43.051287331020355
              ],
              [
                -78.82249551307143,
                43.051277635941375
              ],
              [
                -78.82255806808817,
                43.05124869530464
              ],
              [
                -78.82254959948733,
                43.05123567995942
              ],
              [
                -78.82253733093489,
                43.05120758165933
              ],
              [
                -78.82255602148128,
                43.051203426892734
              ],
              [
                -78.82260745913504,
                43.051201947460946
              ],
              [
                -78.8226439688912,
                43.05121010252029
              ],
              [
                -78.8226683194027,
                43.051218282997084
              ],
              [
                -78.82275081352704,
                43.05126544098761
              ],
              [
                -78.8227863880116,
                43.051273597957994
              ],
              [
                -78.8228509443338,
                43.051278264516114
              ],
              [
                -78.82298000893519,
                43.05127525052656
              ],
              [
                -78.82317648129049,
                43.051288557939
              ],
              [
                -78.82338503932195,
                43.05128263306896
              ],
              [
                -78.8234926315023,
                43.05128995278637
              ],
              [
                -78.8236741360774,
                43.05130260480334
              ],
              [
                -78.8239510481561,
                43.051315741927866
              ],
              [
                -78.82424383823457,
                43.051323357360694
              ],
              [
                -78.82434859773893,
                43.051323822737885
              ],
              [
                -78.82460869563961,
                43.051342481278624
              ],
              [
                -78.82479116821048,
                43.051363360880856
              ],
              [
                -78.82487631278725,
                43.05137072665586
              ],
              [
                -78.82502979030932,
                43.051391667070284
              ],
              [
                -78.82521503534092,
                43.05140362279356
              ],
              [
                -78.82548738904745,
                43.05144694762622
              ],
              [
                -78.82563526577992,
                43.05147064287818
              ],
              [
                -78.82573722765125,
                43.05147317075671
              ],
              [
                -78.82583085115053,
                43.05149560875744
              ],
              [
                -78.82586922676045,
                43.05150238693403
              ],
              [
                -78.82600766120801,
                43.051503465371326
              ],
              [
                -78.82608531805785,
                43.0515094742242
              ],
              [
                -78.82624538155135,
                43.05154000233482
              ],
              [
                -78.82630155561888,
                43.05155360208486
              ],
              [
                -78.82649903928233,
                43.05158542228942
              ],
              [
                -78.8266300807387,
                43.05160915202489
              ],
              [
                -78.8268022037005,
                43.05161427357601
              ],
              [
                -78.8268714020568,
                43.05161001064292
              ],
              [
                -78.82691815784415,
                43.05160716733707
              ],
              [
                -78.8270827097448,
                43.05158966823752
              ],
              [
                -78.8271388351342,
                43.05159092058391
              ],
              [
                -78.82719496596108,
                43.051593544790734
              ],
              [
                -78.82735580782135,
                43.05158428460144
              ],
              [
                -78.82757650817976,
                43.05157421050325
              ],
              [
                -78.82774016532485,
                43.051567001614764
              ],
              [
                -78.82805151094567,
                43.051536154488154
              ],
              [
                -78.82818611412135,
                43.05151460213955
              ],
              [
                -78.82860288773101,
                43.05141699076996
              ],
              [
                -78.82867202011738,
                43.05139626409412
              ],
              [
                -78.82879534137129,
                43.05136033026771
              ],
              [
                -78.82883269981289,
                43.05134653113798
              ],
              [
                -78.8289252274287,
                43.05132849791949
              ],
              [
                -78.82894211124095,
                43.051340465807954
              ],
              [
                -78.82899721213212,
                43.051319426072816
              ],
              [
                -78.82912932552253,
                43.051260150718804
              ],
              [
                -78.82915545716183,
                43.051245689645484
              ],
              [
                -78.82920771903355,
                43.05121642450891
              ],
              [
                -78.82926417200956,
                43.05118269166815
              ],
              [
                -78.82932715986396,
                43.05114585707857
              ],
              [
                -78.82943777929137,
                43.05109142921448
              ],
              [
                -78.82953396533252,
                43.05105280914062
              ],
              [
                -78.82955827827541,
                43.05105138493439
              ],
              [
                -78.82959655521545,
                43.05103346787947
              ],
              [
                -78.82997831110606,
                43.050835092211344
              ],
              [
                -78.83013420288802,
                43.050757929747405
              ],
              [
                -78.83019768908628,
                43.0507289829254
              ],
              [
                -78.83026208302239,
                43.05069317371044
              ],
              [
                -78.83030876914364,
                43.05067318042236
              ],
              [
                -78.83040117569081,
                43.05062565042488
              ],
              [
                -78.83053925560172,
                43.05053892255993
              ],
              [
                -78.83058961940603,
                43.05050314436492
              ],
              [
                -78.83066056008808,
                43.050467321680244
              ],
              [
                -78.83072773308677,
                43.0504246475969
              ],
              [
                -78.83075287353672,
                43.050396469301255
              ],
              [
                -78.83073780098542,
                43.05036974983914
              ],
              [
                -78.83069937042171,
                43.050349254414016
              ],
              [
                -78.8306524298872,
                43.05030614101908
              ],
              [
                -78.8307553844566,
                43.050323067231034
              ],
              [
                -78.83085924006761,
                43.0503317600024
              ],
              [
                -78.8308887134686,
                43.05033444005155
              ],
              [
                -78.83091527609025,
                43.050311060292955
              ],
              [
                -78.83093019005203,
                43.05029833795424
              ],
              [
                -78.83101412254246,
                43.05023710589324
              ],
              [
                -78.83107978317855,
                43.05016768282701
              ],
              [
                -78.83114406003295,
                43.05010306436834
              ],
              [
                -78.83118687989167,
                43.05005221134392
              ],
              [
                -78.83119475129821,
                43.050032644722556
              ],
              [
                -78.83121978364258,
                43.04997771450797
              ],
              [
                -78.83127732235802,
                43.04986578001863
              ],
              [
                -78.83128098345458,
                43.0498458795373
              ],
              [
                -78.83127240545235,
                43.049806113022434
              ],
              [
                -78.83125453519176,
                43.04978145663653
              ],
              [
                -78.83123198842688,
                43.04975681127781
              ],
              [
                -78.8312412696444,
                43.049738956473455
              ],
              [
                -78.83126367273947,
                43.04972793274191
              ],
              [
                -78.83133009160555,
                43.0497305326336
              ],
              [
                -78.83137121181514,
                43.04972221212003
              ],
              [
                -78.83139828310648,
                43.04970912039453
              ],
              [
                -78.83142997284574,
                43.04968161370061
              ],
              [
                -78.83153609403561,
                43.04955654069593
              ],
              [
                -78.83159660920745,
                43.04948712848453
              ],
              [
                -78.831634699196,
                43.049423252497085
              ],
              [
                -78.83168295008117,
                43.04932779984498
              ],
              [
                -78.83177029778744,
                43.049186304552165
              ],
              [
                -78.83182141785105,
                43.04910662336118
              ],
              [
                -78.83183806484949,
                43.04905994261012
              ],
              [
                -78.83184261947336,
                43.04902975091672
              ],
              [
                -78.8318386235371,
                43.048966652186024
              ],
              [
                -78.83185309527387,
                43.04884452074419
              ],
              [
                -78.83193658840258,
                43.048674909728206
              ],
              [
                -78.83198680856229,
                43.048604147762944
              ],
              [
                -78.83205832677001,
                43.04848052132834
              ],
              [
                -78.83208056849284,
                43.04842971177662
              ],
              [
                -78.83209987681992,
                43.0483473557894
              ],
              [
                -78.83211543010809,
                43.048261578209754
              ],
              [
                -78.83212164995544,
                43.0481806225681
              ],
              [
                -78.83215867023007,
                43.04808382310844
              ],
              [
                -78.83217278717784,
                43.047989816337385
              ],
              [
                -78.8321814005722,
                43.047922574488496
              ],
              [
                -78.83219054813713,
                43.04787179428188
              ],
              [
                -78.8321838181958,
                43.04782653620135
              ],
              [
                -78.83218182563941,
                43.047796358724106
              ],
              [
                -78.83217328062054,
                43.04776482359364
              ],
              [
                -78.83216272920349,
                43.04769968126321
              ],
              [
                -78.83213613124855,
                43.04759821845426
              ],
              [
                -78.83213034496576,
                43.047555016167635
              ],
              [
                -78.83212085364458,
                43.04752073838784
              ],
              [
                -78.83209977597731,
                43.0473966272077
              ],
              [
                -78.83206080361386,
                43.04724168715057
              ],
              [
                -78.83203494730755,
                43.047092205276236
              ],
              [
                -78.83200362918548,
                43.04697977747772
              ],
              [
                -78.83197998165875,
                43.04691397762605
              ],
              [
                -78.83193373558727,
                43.04681049959132
              ],
              [
                -78.83192238228723,
                43.04677828458641
              ],
              [
                -78.83188094163815,
                43.04670703575661
              ],
              [
                -78.83184224716261,
                43.046620689139516
              ],
              [
                -78.83181780866417,
                43.04659056038708
              ],
              [
                -78.83174815129506,
                43.04647958764563
              ],
              [
                -78.83167255614791,
                43.046287685596674
              ],
              [
                -78.83166871276192,
                43.04626231377137
              ],
              [
                -78.83165272218417,
                43.04623971210474
              ],
              [
                -78.831623477649,
                43.04617735316667
              ],
              [
                -78.83150101860004,
                43.04596017248975
              ],
              [
                -78.83144156728248,
                43.04582859890339
              ],
              [
                -78.83136250099035,
                43.0457032404491
              ],
              [
                -78.83132641189877,
                43.04556681450965
              ],
              [
                -78.83131496796997,
                43.04551196326712
              ],
              [
                -78.83127265994341,
                43.04545717889247
              ],
              [
                -78.83107531569665,
                43.045223010278264
              ],
              [
                -78.83099627025199,
                43.045102454066075
              ],
              [
                -78.830944606172,
                43.04504631791129
              ],
              [
                -78.8308646535594,
                43.04493262307278
              ],
              [
                -78.83080732872948,
                43.044864151987156
              ],
              [
                -78.83063530693451,
                43.0446470765945
              ],
              [
                -78.83059004689832,
                43.0445552570043
              ],
              [
                -78.8305684072473,
                43.044523064074944
              ],
              [
                -78.83051742038974,
                43.04440244599843
              ],
              [
                -78.83043559345727,
                43.04428738299374
              ],
              [
                -78.83034524252422,
                43.04414558625
              ],
              [
                -78.83028299254354,
                43.044014704009754
              ],
              [
                -78.83021534057745,
                43.04393596473881
              ],
              [
                -78.83010228984978,
                43.04373042334318
              ],
              [
                -78.83006184478798,
                43.043672890683204
              ],
              [
                -78.83001568287071,
                43.04358930420287
              ],
              [
                -78.82999112281222,
                43.04352830752222
              ],
              [
                -78.82993093419414,
                43.04344475033533
              ],
              [
                -78.82989226924785,
                43.04336457740152
              ],
              [
                -78.82981054647229,
                43.04327489388263
              ],
              [
                -78.82975331496135,
                43.04322905842321
              ],
              [
                -78.82965277597408,
                43.043111291319505
              ],
              [
                -78.82957938291196,
                43.04299963837705
              ],
              [
                -78.82955872068811,
                43.0429777324068
              ],
              [
                -78.82946674735875,
                43.042896988049876
              ],
              [
                -78.82942259157373,
                43.04284700859478
              ],
              [
                -78.8293859954332,
                43.04281621949296
              ],
              [
                -78.82932968067948,
                43.0427655801909
              ],
              [
                -78.82917571928387,
                43.04261843158777
              ],
              [
                -78.82910993518688,
                43.04253831572904
              ],
              [
                -78.82900861116624,
                43.04245759107787
              ],
              [
                -78.82892787532687,
                43.04238025191101
              ],
              [
                -78.82883783427306,
                43.04231459381283
              ],
              [
                -78.82875057861696,
                43.042244128013685
              ],
              [
                -78.82866147587391,
                43.042179153713896
              ],
              [
                -78.82850939884051,
                43.04203474306244
              ],
              [
                -78.8282195256564,
                43.04180899987397
              ],
              [
                -78.82816695774488,
                43.04175972387481
              ],
              [
                -78.82810786122916,
                43.04171457752027
              ],
              [
                -78.82802997665353,
                43.041648205926464
              ],
              [
                -78.8279492758075,
                43.041579097394596
              ],
              [
                -78.8279249011692,
                43.04156405856831
              ],
              [
                -78.8278761464797,
                43.04153260900959
              ],
              [
                -78.8278189915684,
                43.04150529308114
              ],
              [
                -78.8277759134088,
                43.04149029417673
              ],
              [
                -78.82773469473705,
                43.04147254748113
              ],
              [
                -78.82771030930348,
                43.04145476482786
              ],
              [
                -78.82768962920854,
                43.041428056894965
              ],
              [
                -78.82764432423592,
                43.04132320311245
              ],
              [
                -78.82762723251123,
                43.041258073349844
              ],
              [
                -78.82760737884307,
                43.04120392559577
              ],
              [
                -78.82755185406069,
                43.04111624236126
              ],
              [
                -78.8275395607806,
                43.04108197104106
              ],
              [
                -78.82753564325914,
                43.04103739258188
              ],
              [
                -78.82752432053995,
                43.041012036552345
              ],
              [
                -78.82749517245193,
                43.04097231357961
              ],
              [
                -78.82743694981122,
                43.04091138813308
              ],
              [
                -78.82738992756846,
                43.040844951163365
              ],
              [
                -78.82729220794025,
                43.04072854692373
              ],
              [
                -78.8272028671442,
                43.04060252232906
              ],
              [
                -78.82708260249956,
                43.040460443676395
              ],
              [
                -78.82707038971182,
                43.04044640768857
              ],
              [
                -78.82703374459503,
                43.04040258485361
              ],
              [
                -78.82699899699861,
                43.04036561747799
              ],
              [
                -78.82695198255784,
                43.040301237258305
              ],
              [
                -78.82685037207617,
                43.04014642854724
              ],
              [
                -78.82677044968547,
                43.04003684638919
              ],
              [
                -78.82668482447399,
                43.03990395305867
              ],
              [
                -78.82662369248854,
                43.03981628127571
              ],
              [
                -78.82656251732577,
                43.03971763433104
              ],
              [
                -78.82646058379093,
                43.039480511795226
              ],
              [
                -78.82643771640541,
                43.039373208100635
              ],
              [
                -78.826432020221,
                43.0393516127355
              ],
              [
                -78.82642153322365,
                43.03930087461714
              ],
              [
                -78.82640343511403,
                43.039217227001416
              ],
              [
                -78.82638341803334,
                43.03912123633379
              ],
              [
                -78.82634474149211,
                43.03903626050396
              ],
              [
                -78.82631630165447,
                43.038938914902836
              ],
              [
                -78.82630109040878,
                43.038875839675995
              ],
              [
                -78.82628932204936,
                43.038737302491334
              ],
              [
                -78.82626576925367,
                43.03845611153401
              ],
              [
                -78.8262691471689,
                43.038364186879654
              ],
              [
                -78.82627877330624,
                43.03819679430684
              ],
              [
                -78.82626768859497,
                43.037994461269946
              ],
              [
                -78.82622496940637,
                43.03783266740257
              ],
              [
                -78.82621718811068,
                43.03775654330581
              ],
              [
                -78.82621289300889,
                43.03761593147116
              ],
              [
                -78.82618549048333,
                43.03754396471663
              ],
              [
                -78.82616463384957,
                43.03747198406589
              ],
              [
                -78.82615485261499,
                43.037362938531516
              ],
              [
                -78.82613280944803,
                43.03722716689942
              ],
              [
                -78.82608653457105,
                43.03711202430577
              ],
              [
                -78.82606472416398,
                43.03703524399356
              ],
              [
                -78.82605224058396,
                43.03695227033232
              ],
              [
                -78.8260389787256,
                43.03690908350936
              ],
              [
                -78.82601623334233,
                43.03683230516792
              ],
              [
                -78.82599148806125,
                43.036722604485355
              ],
              [
                -78.82596692394443,
                43.03665886306786
              ],
              [
                -78.82593094406454,
                43.03654575732832
              ],
              [
                -78.82589977221795,
                43.03646625301381
              ],
              [
                -78.82581756748061,
                43.03625035155228
              ],
              [
                -78.82576479955777,
                43.036148256546824
              ],
              [
                -78.82574573038812,
                43.0360550075141
              ],
              [
                -78.82570429335048,
                43.03598101249502
              ],
              [
                -78.82567781375297,
                43.035905613884985
              ],
              [
                -78.82565711212092,
                43.03587273203847
              ],
              [
                -78.82560639576873,
                43.03581659047223
              ],
              [
                -78.82559134253671,
                43.0357932999798
              ],
              [
                -78.8255865429536,
                43.03576175636139
              ],
              [
                -78.8255761544097,
                43.03573571218601
              ],
              [
                -78.82557136832934,
                43.035707598296575
              ],
              [
                -78.8255646662055,
                43.03566782728316
              ],
              [
                -78.825538311009,
                43.035623982152124
              ],
              [
                -78.82551562877232,
                43.03556298044948
              ],
              [
                -78.82547602599013,
                43.03547937813551
              ],
              [
                -78.82545713006238,
                43.035430029588255
              ],
              [
                -78.82544547215633,
                43.03531892916857
              ],
              [
                -78.82542847074043,
                43.03527575017314
              ],
              [
                -78.82536826137789,
                43.035183274032505
              ],
              [
                -78.8253314885468,
                43.03510583924396
              ],
              [
                -78.8252984480483,
                43.035026338696355
              ],
              [
                -78.82523449072103,
                43.034931811649436
              ],
              [
                -78.82520526887944,
                43.03487219560344
              ],
              [
                -78.825136342921,
                43.03470291115148
              ],
              [
                -78.82508551908472,
                43.03461933239646
              ],
              [
                -78.82502522473892,
                43.03450490488457
              ],
              [
                -78.82494042501646,
                43.03434114143952
              ],
              [
                -78.82485212033014,
                43.03411805048476
              ],
              [
                -78.8246064272267,
                43.0336997941568
              ],
              [
                -78.82421379656599,
                43.033127506522945
              ],
              [
                -78.82393715993814,
                43.03232586658745
              ],
              [
                -78.82381712626155,
                43.03163845003397
              ],
              [
                -78.82394254575715,
                43.03107158898754
              ],
              [
                -78.82334647117862,
                43.03107352653131
              ],
              [
                -78.82300981558431,
                43.03106222787829
              ],
              [
                -78.82220422979604,
                43.031047449228076
              ],
              [
                -78.82221737721589,
                43.03082105663212
              ],
              [
                -78.82220673886047,
                43.03036834940036
              ],
              [
                -78.82219810770086,
                43.029709852216214
              ],
              [
                -78.82219870092739,
                43.02938059290032
              ],
              [
                -78.8222057047538,
                43.029257792788535
              ],
              [
                -78.82219513723467,
                43.029064375338905
              ],
              [
                -78.82220363862287,
                43.02884553874057
              ],
              [
                -78.82220173478363,
                43.02847512743173
              ],
              [
                -78.82220370854873,
                43.02801964987958
              ],
              [
                -78.82220058380835,
                43.027816614417226
              ],
              [
                -78.82219944415475,
                43.02728157189479
              ],
              [
                -78.82219474681752,
                43.02703463871199
              ],
              [
                -78.8221836531622,
                43.02670540363229
              ],
              [
                -78.82217006269906,
                43.02633501657271
              ],
              [
                -78.82215805751923,
                43.02613234255717
              ],
              [
                -78.82215865021956,
                43.025923467769466
              ],
              [
                -78.82214924501486,
                43.025306128861864
              ],
              [
                -78.82214848587743,
                43.02511029087173
              ],
              [
                -78.82215793383817,
                43.02489453803861
              ],
              [
                -78.82215373470844,
                43.024293651030526
              ],
              [
                -78.82215941345062,
                43.02310556561476
              ],
              [
                -78.82217314442032,
                43.02242712827956
              ],
              [
                -78.82218645456085,
                43.02212253632567
              ],
              [
                -78.82220839669885,
                43.02163306189899
              ],
              [
                -78.82220831426041,
                43.02161179751547
              ],
              [
                -78.82221137336575,
                43.02071284732085
              ],
              [
                -78.822213484751,
                43.020172310619195
              ],
              [
                -78.82221558860397,
                43.01999155655697
              ],
              [
                -78.82222940174955,
                43.01873177109845
              ],
              [
                -78.8222420428205,
                43.017893165288605
              ],
              [
                -78.82225131598545,
                43.017270983952805
              ],
              [
                -78.82226174787021,
                43.016344922498654
              ],
              [
                -78.8222672622402,
                43.01583833300682
              ],
              [
                -78.8222723503621,
                43.014377923219975
              ],
              [
                -78.82229938763471,
                43.01291300763029
              ],
              [
                -78.82229940744269,
                43.01243592534846
              ],
              [
                -78.82229944843688,
                43.0114821036397
              ],
              [
                -78.82229936466656,
                43.01146049624398
              ],
              [
                -78.82232644820262,
                43.01000792789022
              ],
              [
                -78.82233171989127,
                43.008595190097786
              ],
              [
                -78.82234929115162,
                43.00746195298343
              ],
              [
                -78.82235065839744,
                43.00721191948696
              ],
              [
                -78.8223635558205,
                43.00439123893973
              ],
              [
                -78.82236395588775,
                43.004253360152134
              ],
              [
                -78.82238821252291,
                43.003518993192195
              ],
              [
                -78.82239225758971,
                43.00311598492682
              ],
              [
                -78.82238539602623,
                43.002792570270586
              ],
              [
                -78.82238949585114,
                43.00264473825983
              ],
              [
                -78.82240412154876,
                43.0020781064884
              ],
              [
                -78.8224066033955,
                43.00139248758954
              ],
              [
                -78.82230847874547,
                43.001394064418406
              ],
              [
                -78.82199729973883,
                43.001403288156006
              ],
              [
                -78.82194122678776,
                43.00140374804284
              ],
              [
                -78.8218851473016,
                43.00140283600413
              ],
              [
                -78.82182906241044,
                43.00140020905965
              ],
              [
                -78.82177298680799,
                43.00139998291372
              ],
              [
                -78.82160475205016,
                43.00139724646019
              ],
              [
                -78.82154867512568,
                43.00139667722924
              ],
              [
                -78.82149259952685,
                43.001396450945926
              ],
              [
                -78.82143652127947,
                43.00139553868485
              ],
              [
                -78.8213804403854,
                43.00139394044596
              ],
              [
                -78.82121217796902,
                43.00138434391453
              ],
              [
                -78.82115609047617,
                43.00138103068978
              ],
              [
                -78.82110000034413,
                43.00137703148722
              ],
              [
                -78.82104437618246,
                43.00137268831148
              ],
              [
                -78.82076350592571,
                43.00136503982556
              ],
              [
                -78.82070742771609,
                43.00136412720715
              ],
              [
                -78.82065135092162,
                43.001363900514185
              ],
              [
                -78.82048312421944,
                43.001363220262775
              ],
              [
                -78.8204270499714,
                43.001363336432554
              ],
              [
                -78.82037097572308,
                43.00136345257486
              ],
              [
                -78.82009060052555,
                43.001363003948704
              ],
              [
                -78.82003452504966,
                43.001363119928726
              ],
              [
                -78.81992237523386,
                43.00136300882604
              ],
              [
                -78.81986630098375,
                43.00136312472112
              ],
              [
                -78.81941770968413,
                43.00136507982081
              ],
              [
                -78.81936163674297,
                43.00136553844385
              ],
              [
                -78.81930556248831,
                43.0013656540642
              ],
              [
                -78.81908126415505,
                43.00136577329568
              ],
              [
                -78.81906070359454,
                43.00136581564265
              ],
              [
                -78.81902518989904,
                43.00136588877869
              ],
              [
                -78.81896911564269,
                43.001366004234214
              ],
              [
                -78.81891304007563,
                43.00136577668703
              ],
              [
                -78.81885696581895,
                43.001365892087605
              ],
              [
                -78.81852051250439,
                43.00136486904056
              ],
              [
                -78.81846443693905,
                43.0013646412736
              ],
              [
                -78.81829621677957,
                43.001365672684074
              ],
              [
                -78.81824014121386,
                43.00136544480722
              ],
              [
                -78.8180719145977,
                43.0013651039896
              ],
              [
                -78.81801583903284,
                43.00136487600285
              ],
              [
                -78.81784761494897,
                43.00136487782828
              ],
              [
                -78.8177915406888,
                43.001364992706904
              ],
              [
                -78.8175672424184,
                43.00136545194916
              ],
              [
                -78.81751116815661,
                43.00136556669042
              ],
              [
                -78.81745509259218,
                43.001365338428975
              ],
              [
                -78.81734294406756,
                43.00136556777415
              ],
              [
                -78.81728686980475,
                43.00136568240553
              ],
              [
                -78.81717472127816,
                43.00136591158585
              ],
              [
                -78.81711864571396,
                43.00136568315955
              ],
              [
                -78.81706257015006,
                43.00136545470576
              ],
              [
                -78.81700649588625,
                43.00136556919978
              ],
              [
                -78.81695041909613,
                43.00136534069353
              ],
              [
                -78.81689434223365,
                43.001364769182096
              ],
              [
                -78.81683826537211,
                43.00136419764312
              ],
              [
                -78.81678218851147,
                43.00136362607669
              ],
              [
                -78.81672610775708,
                43.00136202555694
              ],
              [
                -78.8166700231118,
                43.00135939608384
              ],
              [
                -78.81661393847115,
                43.00135676658326
              ],
              [
                -78.81655785124062,
                43.00135345110463
              ],
              [
                -78.81650175882812,
                43.00134876369732
              ],
              [
                -78.81644566123741,
                43.00134270436134
              ],
              [
                -78.81638955847222,
                43.001335273096686
              ],
              [
                -78.81633344930985,
                43.00132646990579
              ],
              [
                -78.8162773387984,
                43.00131698073428
              ],
              [
                -78.8162212231225,
                43.001306119634016
              ],
              [
                -78.81616510358097,
                43.00129422958025
              ],
              [
                -78.8161089814714,
                43.00128165354831
              ],
              [
                -78.81607248534762,
                43.001269037582574
              ],
              [
                -78.81605285420675,
                43.00126770558754
              ],
              [
                -78.8159967204966,
                43.00125204272263
              ],
              [
                -78.81594058293334,
                43.001235350904174
              ],
              [
                -78.81592326623512,
                43.00122818355839
              ],
              [
                -78.81588443892932,
                43.001216943281285
              ],
              [
                -78.8158282923757,
                43.00119785058031
              ],
              [
                -78.81580208436962,
                43.00118727149717
              ],
              [
                -78.81577213809935,
                43.001176699999746
              ],
              [
                -78.81574218414919,
                43.001164413620344
              ],
              [
                -78.81315945392772,
                43.00115728160161
              ],
              [
                -78.81231084336305,
                43.00241154047255
              ],
              [
                -78.81059592906045,
                43.00458566948465
              ],
              [
                -78.81056975969209,
                43.00458572144327
              ],
              [
                -78.81051368247388,
                43.00458583276305
              ],
              [
                -78.8104015318261,
                43.00458708424588
              ],
              [
                -78.81034545586888,
                43.00458753845848
              ],
              [
                -78.8100089938353,
                43.0045888912586
              ],
              [
                -78.80995291787274,
                43.004589345278895
              ],
              [
                -78.80944822161982,
                43.00459034345035
              ],
              [
                -78.8092799911956,
                43.00459101865408
              ],
              [
                -78.80911176076663,
                43.00459169361058
              ],
              [
                -78.808999607592,
                43.00459260074698
              ],
              [
                -78.80894353161653,
                43.00459305427277
              ],
              [
                -78.80866314921809,
                43.00459463553906
              ],
              [
                -78.80843884278603,
                43.00459576286743
              ],
              [
                -78.80832668708803,
                43.00459598339394
              ],
              [
                -78.80827061110317,
                43.00459643659006
              ],
              [
                -78.8080463046541,
                43.00459756314923
              ],
              [
                -78.80799022866516,
                43.00459801620797
              ],
              [
                -78.80787807668443,
                43.00459892224307
              ],
              [
                -78.80782199944385,
                43.00459903224413
              ],
              [
                -78.80742946001759,
                43.00460048743515
              ],
              [
                -78.80737338277385,
                43.0046005972164
              ],
              [
                -78.8073173067758,
                43.00460104994547
              ],
              [
                -78.80726122953111,
                43.00460115967178
              ],
              [
                -78.80681262401114,
                43.0046058092241
              ],
              [
                -78.80675654800311,
                43.004606261678475
              ],
              [
                -78.80670047199413,
                43.00460671410537
              ],
              [
                -78.80619578664458,
                43.00461078471365
              ],
              [
                -78.80613970938676,
                43.00461089389049
              ],
              [
                -78.8060836321286,
                43.004611003039855
              ],
              [
                -78.80602755487016,
                43.004611112161776
              ],
              [
                -78.80569109008631,
                43.004611766318575
              ],
              [
                -78.80563501282568,
                43.004611875248145
              ],
              [
                -78.8054106988383,
                43.0046109387903
              ],
              [
                -78.80535463270189,
                43.00461447733844
              ],
              [
                -78.80524247570384,
                43.00461400888973
              ],
              [
                -78.80518639843943,
                43.0046141175995
              ],
              [
                -78.80513032240859,
                43.00461456925718
              ],
              [
                -78.80507424390973,
                43.00461433493667
              ],
              [
                -78.80501816417792,
                43.00461375761331
              ],
              [
                -78.80496208198123,
                43.00461249431172
              ],
              [
                -78.80490599608888,
                43.00461020205656
              ],
              [
                -78.80484990896828,
                43.00460756679852
              ],
              [
                -78.80479382185237,
                43.00460493151301
              ],
              [
                -78.80473772981958,
                43.004601267276264
              ],
              [
                -78.80468163778853,
                43.00459726003424
              ],
              [
                -78.80462554207152,
                43.004592223838586
              ],
              [
                -78.80456944390207,
                43.00458650166465
              ],
              [
                -78.80451334205162,
                43.00457975053708
              ],
              [
                -78.80445723898326,
                43.00457265640659
              ],
              [
                -78.80440113346812,
                43.00456487629781
              ],
              [
                -78.804345027967,
                43.00455709616146
              ],
              [
                -78.80423280594718,
                43.004538449027656
              ],
              [
                -78.8041766943483,
                43.00452895393173
              ],
              [
                -78.8041205778553,
                43.004518429884435
              ],
              [
                -78.80406445892415,
                43.00450687688102
              ],
              [
                -78.80400834001394,
                43.00449532385001
              ],
              [
                -78.80395221867003,
                43.00448308484059
              ],
              [
                -78.80389609612132,
                43.004470502828205
              ],
              [
                -78.80350323768911,
                43.004382427070944
              ],
              [
                -78.80344712389423,
                43.00437224566573
              ],
              [
                -78.8033910113396,
                43.004362750186075
              ],
              [
                -78.80333490125251,
                43.00435359765192
              ],
              [
                -78.80327879485262,
                43.00434547401648
              ],
              [
                -78.80322269091388,
                43.00433803630438
              ],
              [
                -78.80316658698858,
                43.00433059856471
              ],
              [
                -78.80311048796713,
                43.004324532699215
              ],
              [
                -78.80305438895662,
                43.00431846680616
              ],
              [
                -78.80299829484498,
                43.00431377278733
              ],
              [
                -78.80266177060942,
                43.00429726926372
              ],
              [
                -78.8017084472154,
                43.004295319360594
              ],
              [
                -78.80165236778653,
                43.00429508336519
              ],
              [
                -78.80142805862012,
                43.00429516802576
              ],
              [
                -78.80137198163136,
                43.00429527486609
              ],
              [
                -78.80125982644064,
                43.00429514548883
              ],
              [
                -78.80120374823927,
                43.004294909271266
              ],
              [
                -78.80097943784276,
                43.00429499305498
              ],
              [
                -78.80092429425855,
                43.00429475492325
              ],
              [
                -78.80075512987986,
                43.00429541937225
              ],
              [
                -78.80069905288839,
                43.004295525882874
              ],
              [
                -78.8006429746877,
                43.00429528939055
              ],
              [
                -78.80036258366992,
                43.00429444949459
              ],
              [
                -78.80030650547086,
                43.00429421283738
              ],
              [
                -78.80025042847879,
                43.004294319128206
              ],
              [
                -78.79997004592424,
                43.00429553612126
              ],
              [
                -78.79991303431314,
                43.004295644015784
              ],
              [
                -78.7998578907304,
                43.00429540537028
              ],
              [
                -78.79980181130486,
                43.00429516846814
              ],
              [
                -78.79929711233379,
                43.00429440699358
              ],
              [
                -78.79924103293563,
                43.00429382683885
              ],
              [
                -78.7991849523119,
                43.00429324665893
              ],
              [
                -78.7990727971208,
                43.00429311513862
              ],
              [
                -78.79878164966621,
                43.004289547821884
              ],
              [
                -78.79878149649399,
                43.00451317052057
              ],
              [
                -78.79878257493905,
                43.004554325822724
              ],
              [
                -78.79879328726308,
                43.004677777652425
              ],
              [
                -78.79879436571936,
                43.00471893295328
              ],
              [
                -78.79880130380606,
                43.004965864772316
              ],
              [
                -78.79880238227351,
                43.00500702007098
              ],
              [
                -78.79880852964122,
                43.005295109792314
              ],
              [
                -78.79880914320451,
                43.00533695281941
              ],
              [
                -78.7988102192872,
                43.00537742216439
              ],
              [
                -78.79881176508573,
                43.005418576580176
              ],
              [
                -78.79882071646021,
                43.005706661001135
              ],
              [
                -78.79882226227487,
                43.005747815414374
              ],
              [
                -78.79882334077523,
                43.005788971607345
              ],
              [
                -78.79883290345295,
                43.00611821217862
              ],
              [
                -78.79883398196475,
                43.00615936746858
              ],
              [
                -78.79883506047808,
                43.00620052275826
              ],
              [
                -78.79883634281155,
                43.00629998476692
              ],
              [
                -78.7988423418201,
                43.00654554547233
              ],
              [
                -78.79884753543887,
                43.00669438889035
              ],
              [
                -78.79884814664521,
                43.00673554505594
              ],
              [
                -78.79884922517964,
                43.0067767003413
              ],
              [
                -78.79885246079219,
                43.006900166195386
              ],
              [
                -78.79885353933281,
                43.006941321479474
              ],
              [
                -78.79886187993327,
                43.00718825055765
              ],
              [
                -78.79886342581656,
                43.007229404959496
              ],
              [
                -78.79886450437115,
                43.00727056024108
              ],
              [
                -78.79887514610276,
                43.007640956901426
              ],
              [
                -78.79887622467348,
                43.00768211217989
              ],
              [
                -78.7988833073758,
                43.00797020000062
              ],
              [
                -78.79888438596177,
                43.008011356176816
              ],
              [
                -78.79889348201914,
                43.00834059749344
              ],
              [
                -78.7988945606162,
                43.00838175276664
              ],
              [
                -78.7988967178182,
                43.008464064212305
              ],
              [
                -78.79889779641995,
                43.00850521948457
              ],
              [
                -78.79890779176995,
                43.00895793188021
              ],
              [
                -78.79890887038908,
                43.00899908714878
              ],
              [
                -78.79891041635402,
                43.00904024153681
              ],
              [
                -78.79892616401793,
                43.009534100349924
              ],
              [
                -78.7989277100093,
                43.0095752547338
              ],
              [
                -78.79893033464953,
                43.0096575643809
              ],
              [
                -78.79893141329782,
                43.00969871964414
              ],
              [
                -78.79894299061367,
                43.01006911437805
              ],
              [
                -78.79894406927868,
                43.01011026963817
              ],
              [
                -78.79894899527635,
                43.010316047714774
              ],
              [
                -78.79895007395038,
                43.01035720297304
              ],
              [
                -78.79895176394822,
                43.0104395143691
              ],
              [
                -78.7989528426266,
                43.01048066962643
              ],
              [
                -78.79896517555292,
                43.01093337745645
              ],
              [
                -78.79896578689127,
                43.0109745335906
              ],
              [
                -78.79897610658762,
                43.01138608789052
              ],
              [
                -78.79897718530138,
                43.01142724314073
              ],
              [
                -78.79897779665396,
                43.011468399271216
              ],
              [
                -78.7989788753705,
                43.01150955452082
              ],
              [
                -78.79898966262431,
                43.01192110789998
              ],
              [
                -78.79899074135791,
                43.011962263146174
              ],
              [
                -78.79899289882977,
                43.01204457363763
              ],
              [
                -78.79899879111014,
                43.012259267231485
              ],
              [
                -78.7989992711397,
                43.01239645724689
              ],
              [
                -78.79900192548422,
                43.01262076029246
              ],
              [
                -78.79900206949664,
                43.0126619172948
              ],
              [
                -78.79900268088144,
                43.01270307341618
              ],
              [
                -78.79900235752241,
                43.012744231298605
              ],
              [
                -78.79900236021697,
                43.01327927671738
              ],
              [
                -78.799002504233,
                43.01332043371495
              ],
              [
                -78.79900218087228,
                43.01336159159297
              ],
              [
                -78.79900139284632,
                43.01393779660857
              ],
              [
                -78.799001213502,
                43.014020111474686
              ],
              [
                -78.79900135752098,
                43.01406126846692
              ],
              [
                -78.79900247436731,
                43.014513997142984
              ],
              [
                -78.79900215100353,
                43.014555155012374
              ],
              [
                -78.79900258307138,
                43.014678625976664
              ],
              [
                -78.79900225970727,
                43.01471978384487
              ],
              [
                -78.7990020097351,
                43.01504904327649
              ],
              [
                -78.79900916461214,
                43.0150901870503
              ],
              [
                -78.79900758310873,
                43.015172504542015
              ],
              [
                -78.79900646899605,
                43.01525482205195
              ],
              [
                -78.79900567824134,
                43.01529598079677
              ],
              [
                -78.79900564293479,
                43.015419452625714
              ],
              [
                -78.79900578696379,
                43.01546060960785
              ],
              [
                -78.79900607502267,
                43.01554292357127
              ],
              [
                -78.79900668644649,
                43.01558407967175
              ],
              [
                -78.79900729787123,
                43.01562523577195
              ],
              [
                -78.7990088440891,
                43.015666391010534
              ],
              [
                -78.7990094555163,
                43.01570754711012
              ],
              [
                -78.79901006694445,
                43.0157487032094
              ],
              [
                -78.79901114576899,
                43.01578985842761
              ],
              [
                -78.79901129220407,
                43.01583170135672
              ],
              [
                -78.79901096644225,
                43.01587217326698
              ],
              [
                -78.79901157787349,
                43.01591332936506
              ],
              [
                -78.79901125451222,
                43.015954487224406
              ],
              [
                -78.79901093115063,
                43.015995645083414
              ],
              [
                -78.79900967299406,
                43.01603680470372
              ],
              [
                -78.79900794743824,
                43.01607796520446
              ],
              [
                -78.79899461031619,
                43.01640724921838
              ],
              [
                -78.79899335214141,
                43.01644840883556
              ],
              [
                -78.79900216214449,
                43.01669533660732
              ],
              [
                -78.79900043656701,
                43.016736497103246
              ],
              [
                -78.79899644908166,
                43.016932687477585
              ],
              [
                -78.79899860506491,
                43.01714807388174
              ],
              [
                -78.79899828169182,
                43.01718923173219
              ],
              [
                -78.79899815106424,
                43.017419026568916
              ],
              [
                -78.79899970085054,
                43.018796764767906
              ],
              [
                -78.79899321984163,
                43.01934897158092
              ],
              [
                -78.79898915417692,
                43.01952286851625
              ],
              [
                -78.79899069688683,
                43.01956299390279
              ],
              [
                -78.79900002787517,
                43.020092190499085
              ],
              [
                -78.79899707591015,
                43.02031718976007
              ],
              [
                -78.79899560304383,
                43.020564135840374
              ],
              [
                -78.79899527966002,
                43.020605293666215
              ],
              [
                -78.79899510032719,
                43.02068760933637
              ],
              [
                -78.79899477694273,
                43.020728767161295
              ],
              [
                -78.79899405959713,
                43.021058026226875
              ],
              [
                -78.79899420364994,
                43.02109918406853
              ],
              [
                -78.79899503267171,
                43.02146959740918
              ],
              [
                -78.79899546483283,
                43.02159306912398
              ],
              [
                -78.79899518946402,
                43.021647945921494
              ],
              [
                -78.79899511890514,
                43.0218948893019
              ],
              [
                -78.79899447213288,
                43.021977205834254
              ],
              [
                -78.79899555107282,
                43.02201836100747
              ],
              [
                -78.79899903760312,
                43.02221316521006
              ],
              [
                -78.79899371952341,
                43.02242993740531
              ],
              [
                -78.79899084428418,
                43.022676886036706
              ],
              [
                -78.79899005344377,
                43.02271804472812
              ],
              [
                -78.79899019749908,
                43.022759201657614
              ],
              [
                -78.79899034155468,
                43.0228003585868
              ],
              [
                -78.79899001816165,
                43.022841516396504
              ],
              [
                -78.7989901622207,
                43.0228826742253
              ],
              [
                -78.7989910265625,
                43.023129615790694
              ],
              [
                -78.79899117062054,
                43.023170772717194
              ],
              [
                -78.79899145873749,
                43.023253086569376
              ],
              [
                -78.79899160279643,
                43.023294243495016
              ],
              [
                -78.7989923583714,
                43.02337655736475
              ],
              [
                -78.79899296988489,
                43.02341771340866
              ],
              [
                -78.79899358139927,
                43.02345886945229
              ],
              [
                -78.79899879693778,
                43.02374695998742
              ],
              [
                -78.79899940846342,
                43.02378811692882
              ],
              [
                -78.79900109896788,
                43.023870428129456
              ],
              [
                -78.79900217795048,
                43.02391158328887
              ],
              [
                -78.79900667320886,
                43.02399388920239
              ],
              [
                -78.79900868711373,
                43.02403504259906
              ],
              [
                -78.79901224747321,
                43.024117350272306
              ],
              [
                -78.79901426138616,
                43.02415850366799
              ],
              [
                -78.79901782176407,
                43.024240812239455
              ],
              [
                -78.79901983568509,
                43.024281965634124
              ],
              [
                -78.79902184960893,
                43.02432311902846
              ],
              [
                -78.79901357940449,
                43.024364291803145
              ],
              [
                -78.79902774730829,
                43.02440542229219
              ],
              [
                -78.79904882170031,
                43.02481695534781
              ],
              [
                -78.79906205480444,
                43.02485808759121
              ],
              [
                -78.79905191469824,
                43.0248992638894
              ],
              [
                -78.79906353107963,
                43.025146186001
              ],
              [
                -78.79906554506321,
                43.025187339388204
              ],
              [
                -78.79906802651671,
                43.02522849189391
              ],
              [
                -78.79907004050622,
                43.025269645280424
              ],
              [
                -78.79908198037158,
                43.025475408683086
              ],
              [
                -78.79908446184838,
                43.0255165611863
              ],
              [
                -78.79908647585908,
                43.0255577145704
              ],
              [
                -78.79908848987573,
                43.02559886885437
              ],
              [
                -78.7990985599852,
                43.02580463576814
              ],
              [
                -78.7991005740155,
                43.02584578914988
              ],
              [
                -78.79910305552065,
                43.02588694164998
              ],
              [
                -78.79910506955687,
                43.025928095031006
              ],
              [
                -78.79911359320653,
                43.026092708570715
              ],
              [
                -78.79911560725705,
                43.02613386195005
              ],
              [
                -78.79912164942547,
                43.02625732208609
              ],
              [
                -78.79912366348721,
                43.026298475464074
              ],
              [
                -78.79913326636436,
                43.02650424413067
              ],
              [
                -78.7991474876176,
                43.0266938832877
              ],
              [
                -78.79915948451418,
                43.02691576731536
              ],
              [
                -78.79916196610465,
                43.02695691980628
              ],
              [
                -78.79917498579134,
                43.027203838270786
              ],
              [
                -78.79917746740458,
                43.027244990759236
              ],
              [
                -78.79917948153854,
                43.027286144128986
              ],
              [
                -78.79918955225361,
                43.02749191187283
              ],
              [
                -78.79919156640442,
                43.02753306524054
              ],
              [
                -78.79919404804285,
                43.02757421772621
              ],
              [
                -78.79920660051503,
                43.02782113794175
              ],
              [
                -78.79920861468884,
                43.027862291306725
              ],
              [
                -78.79921062886548,
                43.027903444671395
              ],
              [
                -78.79921311053256,
                43.02794459715389
              ],
              [
                -78.79922613064896,
                43.02819151556898
              ],
              [
                -78.7992286123388,
                43.028232668049014
              ],
              [
                -78.79923310824142,
                43.02831497479015
              ],
              [
                -78.79923512245043,
                43.028356128151025
              ],
              [
                -78.7992445817906,
                43.02852073894542
              ],
              [
                -78.79924659601458,
                43.0285618923046
              ],
              [
                -78.79924861024135,
                43.028603045663445
              ],
              [
                -78.79925109196387,
                43.028644198139986
              ],
              [
                -78.79926116315846,
                43.02884996582755
              ],
              [
                -78.79926317740515,
                43.028891119184
              ],
              [
                -78.79926968765783,
                43.02901457836931
              ],
              [
                -78.79927170191603,
                43.0290557317244
              ],
              [
                -78.79927371617704,
                43.029096885079156
              ],
              [
                -78.7992838296103,
                43.02931465683844
              ],
              [
                -78.7992947939435,
                43.02950841774407
              ],
              [
                -78.7992992900314,
                43.02959072356359
              ],
              [
                -78.7993017718334,
                43.029631876931944
              ],
              [
                -78.79930378613489,
                43.0296730302819
              ],
              [
                -78.7993082822477,
                43.02975533609868
              ],
              [
                -78.7993102965579,
                43.029796489447655
              ],
              [
                -78.79932130438462,
                43.030002254420545
              ],
              [
                -78.79933283389197,
                43.03022379620693
              ],
              [
                -78.79934486466622,
                43.03045493947116
              ],
              [
                -78.79935184277136,
                43.03057839863506
              ],
              [
                -78.7993538571398,
                43.03061955197718
              ],
              [
                -78.79936284966004,
                43.03078416357747
              ],
              [
                -78.79936533155265,
                43.030825316035454
              ],
              [
                -78.79936781344868,
                43.03086646849305
              ],
              [
                -78.799369827838,
                43.03090762183277
              ],
              [
                -78.79938579869419,
                43.03119569257148
              ],
              [
                -78.79938781431021,
                43.031237188882386
              ],
              [
                -78.79938982752296,
                43.03127799924515
              ],
              [
                -78.79939230945482,
                43.0313191516989
              ],
              [
                -78.79939432387653,
                43.03136030503487
              ],
              [
                -78.79940687798424,
                43.03160722506117
              ],
              [
                -78.79940889242587,
                43.03164837839478
              ],
              [
                -78.79941849715878,
                43.03185414594037
              ],
              [
                -78.79942051162007,
                43.03189530017215
              ],
              [
                -78.79942252608102,
                43.0319364535034
              ],
              [
                -78.79943151899124,
                43.03210106505948
              ],
              [
                -78.7994420180031,
                43.03229516971083
              ],
              [
                -78.79945587157732,
                43.0325125912941
              ],
              [
                -78.79947216637572,
                43.032759503299154
              ],
              [
                -78.79947464842944,
                43.032800656640376
              ],
              [
                -78.79948565615547,
                43.03300642148909
              ],
              [
                -78.79948767069928,
                43.03304757481099
              ],
              [
                -78.79949572890254,
                43.03321218809525
              ],
              [
                -78.79949774346352,
                43.03325334231564
              ],
              [
                -78.79951324803716,
                43.03354141289836
              ],
              [
                -78.79951526261836,
                43.033582566215834
              ],
              [
                -78.79951727720234,
                43.03362371953296
              ],
              [
                -78.79951929178912,
                43.03366487284977
              ],
              [
                -78.79953990534858,
                43.03407640601622
              ],
              [
                -78.79954191996968,
                43.03411756022949
              ],
              [
                -78.79956005165728,
                43.03448794003197
              ],
              [
                -78.79956080304008,
                43.03470195651245
              ],
              [
                -78.79957505530146,
                43.03489948373126
              ],
              [
                -78.79957487677581,
                43.03498179829431
              ],
              [
                -78.79957548882818,
                43.035022955150495
              ],
              [
                -78.79958067428254,
                43.03543451646066
              ],
              [
                -78.79958035125489,
                43.03547567508037
              ],
              [
                -78.7995886990905,
                43.03572260195569
              ],
              [
                -78.79958931115831,
                43.035763757906224
              ],
              [
                -78.79958992322709,
                43.035804913856474
              ],
              [
                -78.79959100284441,
                43.03584606892293
              ],
              [
                -78.79959222699034,
                43.03592838172209
              ],
              [
                -78.79959237151458,
                43.03596953855459
              ],
              [
                -78.7995897107458,
                43.036010700687626
              ],
              [
                -78.79958704997362,
                43.03605186282029
              ],
              [
                -78.79958625939601,
                43.036093021418814
              ],
              [
                -78.79959007636315,
                43.03638111483129
              ],
              [
                -78.7995906884402,
                43.03642227077705
              ],
              [
                -78.7995913005182,
                43.036463426722484
              ],
              [
                -78.7995914450445,
                43.03650458355114
              ],
              [
                -78.79959403789735,
                43.03671036415592
              ],
              [
                -78.79959464998124,
                43.03675152009928
              ],
              [
                -78.79959738739443,
                43.0369984584203
              ],
              [
                -78.79959799948419,
                43.03703961436158
              ],
              [
                -78.79959814401786,
                43.037080771186034
              ],
              [
                -78.7996030407775,
                43.037410019602945
              ],
              [
                -78.79960318531643,
                43.03745117642474
              ],
              [
                -78.79960332985566,
                43.03749233324622
              ],
              [
                -78.7996034743952,
                43.0375334900674
              ],
              [
                -78.79960452011807,
                43.0376981164656
              ],
              [
                -78.79960466466258,
                43.03773927418549
              ],
              [
                -78.79960894941003,
                43.038027365730024
              ],
              [
                -78.79960956152051,
                43.03806852166375
              ],
              [
                -78.79961337875649,
                43.03835661497516
              ],
              [
                -78.79961352330712,
                43.03839777179009
              ],
              [
                -78.7996147475445,
                43.03848008365183
              ],
              [
                -78.79961489209664,
                43.03852124046587
              ],
              [
                -78.79961626089585,
                43.03864471003907
              ],
              [
                -78.79961640544984,
                43.03868586685192
              ],
              [
                -78.7996198997512,
                43.039015116925675
              ],
              [
                -78.79962051188151,
                43.03905627285219
              ],
              [
                -78.79962386167442,
                43.03934436699678
              ],
              [
                -78.79962598722092,
                43.03955014928179
              ],
              [
                -78.79962659936204,
                43.03959130520437
              ],
              [
                -78.7996273560704,
                43.039673617932316
              ],
              [
                -78.79962796821401,
                43.039714773854016
              ],
              [
                -78.79962959234298,
                43.040044028302766
              ],
              [
                -78.79962973691298,
                43.04008518510545
              ],
              [
                -78.79963031519588,
                43.04024981231323
              ],
              [
                -78.79962999218601,
                43.04029096999817
              ],
              [
                -78.79962966917581,
                43.04033212768275
              ],
              [
                -78.79963442185674,
                43.04062021911124
              ],
              [
                -78.79963503401702,
                43.04066137502605
              ],
              [
                -78.79963763645102,
                43.04140219914885
              ],
              [
                -78.79963778103325,
                43.04144335594172
              ],
              [
                -78.79963692274795,
                43.04173145701844
              ],
              [
                -78.7996370673345,
                43.04177261470912
              ],
              [
                -78.79963948221123,
                43.04206070958292
              ],
              [
                -78.79964260217398,
                43.042283295689685
              ],
              [
                -78.79964668386461,
                43.04251342453041
              ],
              [
                -78.79964729605705,
                43.04255458043143
              ],
              [
                -78.79964744065153,
                43.04259573721596
              ],
              [
                -78.79965046782705,
                43.04292498884629
              ],
              [
                -78.7996510800272,
                43.04296614474432
              ],
              [
                -78.79965831568612,
                43.04329538839841
              ],
              [
                -78.79965939550073,
                43.04333654340982
              ],
              [
                -78.79966540681775,
                43.043583475255836
              ],
              [
                -78.79966776410835,
                43.043722032868395
              ],
              [
                -78.79967544467333,
                43.04404475910431
              ],
              [
                -78.79968021840139,
                43.044205605537464
              ],
              [
                -78.79968405813665,
                43.04436679670691
              ],
              [
                -78.79968602744272,
                43.044527992307835
              ],
              [
                -78.79968659632384,
                43.04468987560212
              ],
              [
                -78.79969055664021,
                43.04488536406411
              ],
              [
                -78.79969971381813,
                43.04509593450913
              ],
              [
                -78.79970590977287,
                43.045129191402026
              ],
              [
                -78.79971257094189,
                43.045161761464186
              ],
              [
                -78.79972156900563,
                43.045193984131984
              ],
              [
                -78.79973337158638,
                43.045225858520645
              ],
              [
                -78.79974750986366,
                43.04525704254053
              ],
              [
                -78.79976398384048,
                43.04528753619078
              ],
              [
                -78.79978326113932,
                43.04531733858597
              ],
              [
                -78.79980253725095,
                43.04534679800468
              ],
              [
                -78.79983118749372,
                43.045382414143035
              ],
              [
                -78.79984903063306,
                43.04540330188153
              ],
              [
                -78.79987344459607,
                43.04543103669103
              ],
              [
                -78.79989458764976,
                43.04545946363529
              ],
              [
                -78.79991853524142,
                43.04548754229269
              ],
              [
                -78.79994014716313,
                43.045516311316206
              ],
              [
                -78.7999598922405,
                43.04554611279505
              ],
              [
                -78.79997683281492,
                43.04557626255456
              ],
              [
                -78.79999284180387,
                43.04560710002562
              ],
              [
                -78.80000791554473,
                43.04563828224025
              ],
              [
                -78.80002158643427,
                43.045669467108816
              ],
              [
                -78.80003338926238,
                43.04570134146336
              ],
              [
                -78.80004332281933,
                43.04573356233137
              ],
              [
                -78.80005232114084,
                43.045765784969376
              ],
              [
                -78.80005945018645,
                43.045798354121665
              ],
              [
                -78.80006470874915,
                43.04583092771576
              ],
              [
                -78.80006856565066,
                43.04586384603898
              ],
              [
                -78.80007289018032,
                43.04589676347628
              ],
              [
                -78.80007627825881,
                43.045929339711435
              ],
              [
                -78.80007919992404,
                43.0459622598049
              ],
              [
                -78.80008404884516,
                43.04601129608602
              ],
              [
                -78.80010133230815,
                43.046271582478816
              ],
              [
                -78.80012335720573,
                43.04668311105578
              ],
              [
                -78.80012630792383,
                43.0467242633944
              ],
              [
                -78.80015052637546,
                43.04709463075315
              ],
              [
                -78.80015300949603,
                43.04713578307378
              ],
              [
                -78.80015797575064,
                43.04721808861424
              ],
              [
                -78.80017137503343,
                43.04743756735255
              ],
              [
                -78.80018280721687,
                43.0476296126942
              ],
              [
                -78.80020947694106,
                43.048164604309065
              ],
              [
                -78.80021149250565,
                43.04820575750675
              ],
              [
                -78.80023459919403,
                43.04865844178659
              ],
              [
                -78.8002370824381,
                43.0486995940939
              ],
              [
                -78.80025338491596,
                43.04894650527099
              ],
              [
                -78.80025633825282,
                43.04898834353515
              ],
              [
                -78.80025835146063,
                43.04902881078036
              ],
              [
                -78.8002775725671,
                43.04944034534293
              ],
              [
                -78.80027958822242,
                43.04948149853005
              ],
              [
                -78.800282071532,
                43.049522650830276
              ],
              [
                -78.8003044214759,
                43.04989302241659
              ],
              [
                -78.80030643716522,
                43.049934175599866
              ],
              [
                -78.80033281885832,
                43.05038685351338
              ],
              [
                -78.8003353022425,
                43.05042800580579
              ],
              [
                -78.80036308735963,
                43.05088068101191
              ],
              [
                -78.80036557078526,
                43.05092183330002
              ],
              [
                -78.80039850068351,
                43.05137449870157
              ]
            ]
          ],
          [
            [
              [
                -78.82516487884418,
                43.033513425575755
              ],
              [
                -78.82516850250137,
                43.033513417918826
              ],
              [
                -78.82517224138734,
                43.03351306704234
              ],
              [
                -78.82517586381738,
                43.033513059387786
              ],
              [
                -78.82517948612777,
                43.03351270875737
              ],
              [
                -78.82518322501011,
                43.033512356980324
              ],
              [
                -78.82518672939815,
                43.033511663622896
              ],
              [
                -78.82519035048131,
                43.033511312994754
              ],
              [
                -78.8251939714447,
                43.033510619390775
              ],
              [
                -78.82519747448568,
                43.033509583059875
              ],
              [
                -78.82520097764629,
                43.033508889704635
              ],
              [
                -78.82520436288446,
                43.03350785362249
              ],
              [
                -78.82520774934962,
                43.033506817537656
              ],
              [
                -78.82521113458753,
                43.03350578145531
              ],
              [
                -78.82521440324989,
                43.033504745619254
              ],
              [
                -78.82530311187948,
                43.0333845147076
              ],
              [
                -78.8253860825999,
                43.03326189502834
              ],
              [
                -78.82546320401197,
                43.033137572781484
              ],
              [
                -78.82553447111479,
                43.03301120501324
              ],
              [
                -78.82559965336499,
                43.03288313519851
              ],
              [
                -78.82565744673323,
                43.03277840425878
              ],
              [
                -78.82571875098847,
                43.03267469478059
              ],
              [
                -78.82578356868963,
                43.0325723488288
              ],
              [
                -78.82587781366591,
                43.03243427097005
              ],
              [
                -78.82597849761004,
                43.032298580211645
              ],
              [
                -78.82608550281563,
                43.03216561976247
              ],
              [
                -78.82619871403195,
                43.03203573192551
              ],
              [
                -78.82630020281287,
                43.031926792201354
              ],
              [
                -78.82632166258821,
                43.03191508455489
              ],
              [
                -78.82634265348898,
                43.0319030358241
              ],
              [
                -78.82636317415825,
                43.03189030213578
              ],
              [
                -78.82638299280427,
                43.03187722695854
              ],
              [
                -78.82640210684302,
                43.03186346642195
              ],
              [
                -78.82642075200681,
                43.03184936480215
              ],
              [
                -78.82643857734806,
                43.031834921944586
              ],
              [
                -78.82645581588496,
                43.03181979437862
              ],
              [
                -78.82647235374925,
                43.03180466739836
              ],
              [
                -78.82648818701361,
                43.03178885686067
              ],
              [
                -78.82650320045634,
                43.03177270508654
              ],
              [
                -78.82651751052296,
                43.0317558688528
              ],
              [
                -78.82653111869134,
                43.03173903320848
              ],
              [
                -78.82654390704276,
                43.03172185722878
              ],
              [
                -78.82655575900215,
                43.03170434026154
              ],
              [
                -78.8265669089412,
                43.03168648180887
              ],
              [
                -78.82657724163568,
                43.03166862329164
              ],
              [
                -78.8265867519374,
                43.03165008236953
              ],
              [
                -78.826595328431,
                43.03163154343143
              ],
              [
                -78.82660308265336,
                43.03161266326432
              ],
              [
                -78.82661714054309,
                43.03159102498815
              ],
              [
                -78.82663224879978,
                43.031569385377466
              ],
              [
                -78.82664829465605,
                43.03154808674748
              ],
              [
                -78.82666539358362,
                43.031527471828426
              ],
              [
                -78.8266833123072,
                43.031507197239534
              ],
              [
                -78.8267022852037,
                43.03148726428248
              ],
              [
                -78.8267220780267,
                43.031468015530734
              ],
              [
                -78.82674269187139,
                43.03144910710525
              ],
              [
                -78.82676435878884,
                43.03143088328853
              ],
              [
                -78.82678672893223,
                43.0314130009479
              ],
              [
                -78.82680992022497,
                43.03139580190797
              ],
              [
                -78.82683381351987,
                43.031378945246
              ],
              [
                -78.82685852932366,
                43.03136311575721
              ],
              [
                -78.82688406492113,
                43.03134762659439
              ],
              [
                -78.82691018730569,
                43.03133282302944
              ],
              [
                -78.82693701427259,
                43.031318703911005
              ],
              [
                -78.82696442679332,
                43.0313052685918
              ],
              [
                -78.82723146996588,
                43.03118053886219
              ],
              [
                -78.82737797712218,
                43.03104783596822
              ],
              [
                -78.82776561247603,
                43.030916674209344
              ],
              [
                -78.82853161954932,
                43.03053123545313
              ],
              [
                -78.82853379272615,
                43.03051922663177
              ],
              [
                -78.82853526266413,
                43.03050687634084
              ],
              [
                -78.82853626509544,
                43.030494527051474
              ],
              [
                -78.82853668481599,
                43.030482521986684
              ],
              [
                -78.82853651909551,
                43.030470175199994
              ],
              [
                -78.82853576684556,
                43.0304578296699
              ],
              [
                -78.82853443297468,
                43.030445485385854
              ],
              [
                -78.82853251516734,
                43.03043348532901
              ],
              [
                -78.82853001069336,
                43.03042114355278
              ],
              [
                -78.82852692473767,
                43.030409145998405
              ],
              [
                -78.8285233688238,
                43.03039714945072
              ],
              [
                -78.82851911349404,
                43.0303851544013
              ],
              [
                -78.82851439202601,
                43.030373503326445
              ],
              [
                -78.82850908648162,
                43.030361852602375
              ],
              [
                -78.82850319564136,
                43.03035020403207
              ],
              [
                -78.82849683989058,
                43.03033889943347
              ],
              [
                -78.82848757647012,
                43.0303317167769
              ],
              [
                -78.8284780811364,
                43.030324533716126
              ],
              [
                -78.82846811967227,
                43.0303176964295
              ],
              [
                -78.82845792384093,
                43.03031085874375
              ],
              [
                -78.8284473784414,
                43.03030436478194
              ],
              [
                -78.82843660263482,
                43.03029855726492
              ],
              [
                -78.8284255910998,
                43.03029240727553
              ],
              [
                -78.82841423258813,
                43.03028694398041
              ],
              [
                -78.82840264107728,
                43.03028182415926
              ],
              [
                -78.82839081642966,
                43.03027670483611
              ],
              [
                -78.8283787587827,
                43.03027192898678
              ],
              [
                -78.82836646936333,
                43.03026749660858
              ],
              [
                -78.82835394708154,
                43.03026375067991
              ],
              [
                -78.828341309459,
                43.0302600049968
              ],
              [
                -78.82832855404162,
                43.03025625956444
              ],
              [
                -78.82831556944238,
                43.03025320057356
              ],
              [
                -78.82830246841208,
                43.03025048480663
              ],
              [
                -78.82828925095406,
                43.030248113163736
              ],
              [
                -78.82827580294583,
                43.030246084088716
              ],
              [
                -78.82826247028066,
                43.03024405476528
              ],
              [
                -78.82824890597817,
                43.0302427118883
              ],
              [
                -78.82823534426691,
                43.03024171198038
              ],
              [
                -78.82822178255608,
                43.03024071207081
              ],
              [
                -78.82820810700335,
                43.03024039835559
              ],
              [
                -78.82819443158706,
                43.030240427614615
              ],
              [
                -78.82818087396709,
                43.030240456619985
              ],
              [
                -78.82816720250787,
                43.03024117271983
              ],
              [
                -78.82815364897716,
                43.03024223064176
              ],
              [
                -78.828140095446,
                43.03024328856206
              ],
              [
                -78.82812666120964,
                43.030245032177966
              ],
              [
                -78.82811322833544,
                43.03024711876558
              ],
              [
                -78.82809991202963,
                43.03024920510227
              ],
              [
                -78.8280868328141,
                43.030251976882745
              ],
              [
                -78.82802188923996,
                43.0302620629576
              ],
              [
                -78.82795647269181,
                43.030270778101844
              ],
              [
                -78.82789081372012,
                43.03027777794561
              ],
              [
                -78.82787176669257,
                43.03027884757267
              ],
              [
                -78.82785283474131,
                43.03027923189851
              ],
              [
                -78.8278339001978,
                43.030279272350406
              ],
              [
                -78.82781484895071,
                43.030278970072274
              ],
              [
                -78.82779591032374,
                43.03027798159809
              ],
              [
                -78.82777708554458,
                43.03027630692525
              ],
              [
                -78.8277582619935,
                43.03027463224671
              ],
              [
                -78.82773955106403,
                43.030272271372205
              ],
              [
                -78.82772095644144,
                43.030269225194154
              ],
              [
                -78.82770247579877,
                43.03026583489334
              ],
              [
                -78.82768422816325,
                43.03026210111589
              ],
              [
                -78.82766609451176,
                43.030258024115994
              ],
              [
                -78.8276481937347,
                43.03025326066376
              ],
              [
                -78.82763064253503,
                43.03024815348638
              ],
              [
                -78.82754132044226,
                43.030211989539374
              ],
              [
                -78.82745048888506,
                43.030178228675105
              ],
              [
                -78.82735826184575,
                43.030146529471196
              ],
              [
                -78.82726452519505,
                43.03011689036721
              ],
              [
                -78.8272068719158,
                43.03010878270369
              ],
              [
                -78.82714875521758,
                43.030101704026734
              ],
              [
                -78.8270904096,
                43.030095998612744
              ],
              [
                -78.8270318388631,
                43.03009200762905
              ],
              [
                -78.82697315441088,
                43.030089046686236
              ],
              [
                -78.82691435881661,
                43.03008745695441
              ],
              [
                -78.82685545221236,
                43.03008758320971
              ],
              [
                -78.82679666746701,
                43.03008873720384
              ],
              [
                -78.82673788691686,
                43.030091263963754
              ],
              [
                -78.82667626598392,
                43.030084535475574
              ],
              [
                -78.8266144161211,
                43.0300791802458
              ],
              [
                -78.82655233719012,
                43.03007485349771
              ],
              [
                -78.82649014724468,
                43.03007224273295
              ],
              [
                -78.82642784614599,
                43.03007100317503
              ],
              [
                -78.82636555169302,
                43.03007113637405
              ],
              [
                -78.82630326142038,
                43.03007264053483
              ],
              [
                -78.82626599804809,
                43.03007786518004
              ],
              [
                -78.82622861674439,
                43.030082746186984
              ],
              [
                -78.82619099578599,
                43.03008659876169
              ],
              [
                -78.82614566151432,
                43.03009012561267
              ],
              [
                -78.82610009004067,
                43.03009262312008
              ],
              [
                -78.82605451328534,
                43.03009409259221
              ],
              [
                -78.82600881332336,
                43.03009418950246
              ],
              [
                -78.82596322833137,
                43.03009325722216
              ],
              [
                -78.8259176367144,
                43.03009095393319
              ],
              [
                -78.82589295953684,
                43.03008723349773
              ],
              [
                -78.8258680518017,
                43.030083856521685
              ],
              [
                -78.82584302897384,
                43.030081165736505
              ],
              [
                -78.82581801007898,
                43.03007916179006
              ],
              [
                -78.82579275829013,
                43.030077843383744
              ],
              [
                -78.82576750907926,
                43.03007686794255
              ],
              [
                -78.8257422639183,
                43.03007692141579
              ],
              [
                -78.82571702010686,
                43.03007731785677
              ],
              [
                -78.82570689479851,
                43.030088315438206
              ],
              [
                -78.82569723833564,
                43.030099654101846
              ],
              [
                -78.82568804937242,
                43.03011099177468
              ],
              [
                -78.82567944705465,
                43.03012267118074
              ],
              [
                -78.82567119579025,
                43.03013469281896
              ],
              [
                -78.82566352982232,
                43.0301467132173
              ],
              [
                -78.82565887355814,
                43.030151182666806
              ],
              [
                -78.82565398304664,
                43.03015599468802
              ],
              [
                -78.82564885804688,
                43.03016046422935
              ],
              [
                -78.82564361512804,
                43.03016459104393
              ],
              [
                -78.82563802127399,
                43.0301687186012
              ],
              [
                -78.82563242741917,
                43.0301728461582
              ],
              [
                -78.82562648127997,
                43.030176631484565
              ],
              [
                -78.82562041857084,
                43.03018041705739
              ],
              [
                -78.8256142392918,
                43.030184202876654
              ],
              [
                -78.82560782429755,
                43.03018764621839
              ],
              [
                -78.82560129138447,
                43.03019074683319
              ],
              [
                -78.8255946419015,
                43.030193847694385
              ],
              [
                -78.82558775805241,
                43.030196949051245
              ],
              [
                -78.82558087285733,
                43.03019970833457
              ],
              [
                -78.82557375451964,
                43.030202467210735
              ],
              [
                -78.8255665170363,
                43.03020488336245
              ],
              [
                -78.8255592794307,
                43.0302069565378
              ],
              [
                -78.8255518074591,
                43.030209030208695
              ],
              [
                -78.82554433548701,
                43.03021110387909
              ],
              [
                -78.82553674302095,
                43.03021249185163
              ],
              [
                -78.82552903533386,
                43.03021422304369
              ],
              [
                -78.82552132752487,
                43.030215611259315
              ],
              [
                -78.82551361714002,
                43.03021665650367
              ],
              [
                -78.82550578883726,
                43.03021735902083
              ],
              [
                -78.82550088740011,
                43.03021908427302
              ],
              [
                -78.82549610253196,
                43.03022080927828
              ],
              [
                -78.82549131778482,
                43.03022287725928
              ],
              [
                -78.82548664948891,
                43.03022460291776
              ],
              [
                -78.82548210168206,
                43.03022701337323
              ],
              [
                -78.82547766786885,
                43.030229080611186
              ],
              [
                -78.8254733531999,
                43.03023149057306
              ],
              [
                -78.82546915509987,
                43.030233900288124
              ],
              [
                -78.82546495699953,
                43.03023631000307
              ],
              [
                -78.8254609933856,
                43.03023906219797
              ],
              [
                -78.82545714756766,
                43.03024181414354
              ],
              [
                -78.82545341831869,
                43.030244565842324
              ],
              [
                -78.8254498069868,
                43.03024766026775
              ],
              [
                -78.82544631210283,
                43.03025041147053
              ],
              [
                -78.8254429351359,
                43.03025350539994
              ],
              [
                -78.82543979265537,
                43.03025694180936
              ],
              [
                -78.82543664882644,
                43.03026003524539
              ],
              [
                -78.82543385728027,
                43.030263470912324
              ],
              [
                -78.82543106573381,
                43.03026690657918
              ],
              [
                -78.82542850732573,
                43.0302703417528
              ],
              [
                -78.82542606794082,
                43.03027377667459
              ],
              [
                -78.82542374389796,
                43.030277211352335
              ],
              [
                -78.82541439920287,
                43.03027860392339
              ],
              [
                -78.82540505192894,
                43.030279652622724
              ],
              [
                -78.82539558931232,
                43.03028070156527
              ],
              [
                -78.82538600755122,
                43.03028140778282
              ],
              [
                -78.82537654223864,
                43.03028177077715
              ],
              [
                -78.8253669590089,
                43.03028179104386
              ],
              [
                -78.82535749112151,
                43.03028181106587
              ],
              [
                -78.82534790654422,
                43.03028148835768
              ],
              [
                -78.82533843718893,
                43.030280822428864
              ],
              [
                -78.82532896660678,
                43.03028015650186
              ],
              [
                -78.82531949590454,
                43.03027914759813
              ],
              [
                -78.82531002520255,
                43.030278138693625
              ],
              [
                -78.8253031292041,
                43.03027815327344
              ],
              [
                -78.82529611933425,
                43.03027885494611
              ],
              [
                -78.8252892246829,
                43.030279212498414
              ],
              [
                -78.8252823327258,
                43.03028025599695
              ],
              [
                -78.82527544199552,
                43.0302812994925
              ],
              [
                -78.82526866660731,
                43.03028234274379
              ],
              [
                -78.82526189256595,
                43.030283728968016
              ],
              [
                -78.82525523509366,
                43.03028511494543
              ],
              [
                -78.8252485801951,
                43.03028684389321
              ],
              [
                -78.82524204186555,
                43.03028857259419
              ],
              [
                -78.82523562010502,
                43.030290301048424
              ],
              [
                -78.82522931883432,
                43.03029271519998
              ],
              [
                -78.82522301498922,
                43.03029478638047
              ],
              [
                -78.82521694685641,
                43.03029720003861
              ],
              [
                -78.82521088006986,
                43.03029995666977
              ],
              [
                -78.82520493108278,
                43.03030271395184
              ],
              [
                -78.82519921400342,
                43.030305469843306
              ],
              [
                -78.8251936160667,
                43.030308568458885
              ],
              [
                -78.82518813592588,
                43.03031166682528
              ],
              [
                -78.82518277247355,
                43.03031510792097
              ],
              [
                -78.82517752681711,
                43.03031854876751
              ],
              [
                -78.82517251429897,
                43.0303219891212
              ],
              [
                -78.82516762092334,
                43.03032577219908
              ],
              [
                -78.825162960686,
                43.030329554784096
              ],
              [
                -78.82515853358706,
                43.0303333368763
              ],
              [
                -78.82514249941168,
                43.03035703701074
              ],
              [
                -78.82512540984341,
                43.03038039639637
              ],
              [
                -78.82510726733187,
                43.03040341412729
              ],
              [
                -78.82508818844943,
                43.03042609085702
              ],
              [
                -78.82506817185286,
                43.030448084511974
              ],
              [
                -78.82504710108383,
                43.030469736513346
              ],
              [
                -78.8250252116201,
                43.03049070428737
              ],
              [
                -78.82500226798992,
                43.03051133220711
              ],
              [
                -78.82497850320678,
                43.03053127500342
              ],
              [
                -78.82495391861957,
                43.030550876549334
              ],
              [
                -78.82492851276811,
                43.030569451795294
              ],
              [
                -78.82490216931188,
                43.030587685138144
              ],
              [
                -78.8248926627001,
                43.03060725484449
              ],
              [
                -78.82488210192939,
                43.03062648469887
              ],
              [
                -78.82487072258617,
                43.03064537240343
              ],
              [
                -78.82485840687623,
                43.03066391910665
              ],
              [
                -78.82484527271382,
                43.03068246753561
              ],
              [
                -78.82483131741233,
                43.030700332643555
              ],
              [
                -78.82481642451187,
                43.030717855851734
              ],
              [
                -78.82480071426673,
                43.03073503780622
              ],
              [
                -78.82478418299537,
                43.030751878514444
              ],
              [
                -78.82476695095237,
                43.03076837862258
              ],
              [
                -78.82474889653467,
                43.03078419361031
              ],
              [
                -78.82473014011788,
                43.030799667999844
              ],
              [
                -78.82471056255328,
                43.03081445726562
              ],
              [
                -78.82469039955976,
                43.030828905686626
              ],
              [
                -78.82466941676223,
                43.030843011956435
              ],
              [
                -78.82465317488551,
                43.03087391405706
              ],
              [
                -78.82463553046819,
                43.03090482001253
              ],
              [
                -78.82461648204114,
                43.0309350420726
              ],
              [
                -78.824596143723,
                43.03096458089621
              ],
              [
                -78.82457440285901,
                43.03099412357262
              ],
              [
                -78.82455148977928,
                43.03102263888678
              ],
              [
                -78.82454275308814,
                43.03102985979914
              ],
              [
                -78.82453448402478,
                43.03103742360159
              ],
              [
                -78.82452645066758,
                43.03104532898265
              ],
              [
                -78.82451888481876,
                43.031053233377946
              ],
              [
                -78.82451155210971,
                43.03106113728141
              ],
              [
                -78.82450468825219,
                43.031069383172564
              ],
              [
                -78.82449817667543,
                43.031077971297094
              ],
              [
                -78.82449213126475,
                43.031086215462814
              ],
              [
                -78.8244864394778,
                43.03109514483541
              ],
              [
                -78.82448109740206,
                43.03110407347082
              ],
              [
                -78.82447622406622,
                43.03111300201853
              ],
              [
                -78.82447181700935,
                43.031121928683405
              ],
              [
                -78.82446776346097,
                43.03113119757941
              ],
              [
                -78.82446405962443,
                43.03114046573845
              ],
              [
                -78.82446094243866,
                43.03115007563753
              ],
              [
                -78.82445817362242,
                43.031159341826374
              ],
              [
                -78.8244558736593,
                43.03116895000351
              ],
              [
                -78.82445392463576,
                43.03117855744121
              ],
              [
                -78.8244525596942,
                43.03118816364834
              ],
              [
                -78.82445154446555,
                43.031197769118684
              ],
              [
                -78.82445099797525,
                43.03120737360144
              ],
              [
                -78.82445091899648,
                43.03121697709928
              ],
              [
                -78.82445119096178,
                43.031226580757924
              ],
              [
                -78.82445204835281,
                43.0312365261593
              ],
              [
                -78.82445325533868,
                43.031246126947835
              ],
              [
                -78.82445492860982,
                43.03125572675394
              ],
              [
                -78.824457069278,
                43.03126498259919
              ],
              [
                -78.8244596775745,
                43.03127458043527
              ],
              [
                -78.82446263681273,
                43.0312841775319
              ],
              [
                -78.8244822311225,
                43.031511187333436
              ],
              [
                -78.82450579751394,
                43.03173784757674
              ],
              [
                -78.82452072835684,
                43.03187878018454
              ],
              [
                -78.82454150128142,
                43.03201935659819
              ],
              [
                -78.82456799964875,
                43.03215923678492
              ],
              [
                -78.82460033883243,
                43.032298417796966
              ],
              [
                -78.8246385188744,
                43.03243690052955
              ],
              [
                -78.82468230911599,
                43.03257468456306
              ],
              [
                -78.82470346881551,
                43.032635004622556
              ],
              [
                -78.82477564177435,
                43.03276827096509
              ],
              [
                -78.82484174394943,
                43.032903264049466
              ],
              [
                -78.82490177642609,
                43.03303964360846
              ],
              [
                -78.8249557342456,
                43.03317740606112
              ],
              [
                -78.82496099544308,
                43.03320757684186
              ],
              [
                -78.82496765910832,
                43.033237401685156
              ],
              [
                -78.82497560756315,
                43.03326722471549
              ],
              [
                -78.82498484068383,
                43.03329670115642
              ],
              [
                -78.82499547505067,
                43.03332583166166
              ],
              [
                -78.82500751201131,
                43.03335495920397
              ],
              [
                -78.82502083364659,
                43.033383741056
              ],
              [
                -78.82503543861213,
                43.03341183424409
              ],
              [
                -78.82505132714712,
                43.033439924719254
              ],
              [
                -78.82506850146942,
                43.0334673265243
              ],
              [
                -78.825070030054,
                43.03346972412755
              ],
              [
                -78.82507167644123,
                43.03347212148194
              ],
              [
                -78.82507355597944,
                43.03347451834385
              ],
              [
                -78.82507543551777,
                43.03347691520574
              ],
              [
                -78.8250774316317,
                43.03347931182135
              ],
              [
                -78.82507954297502,
                43.033481365217554
              ],
              [
                -78.82508177212104,
                43.033483418364895
              ],
              [
                -78.82508411784616,
                43.03348547216611
              ],
              [
                -78.82508658014336,
                43.033487524820835
              ],
              [
                -78.82508904366786,
                43.03348957747292
              ],
              [
                -78.82509173911627,
                43.03349162963506
              ],
              [
                -78.82509443444575,
                43.03349333882139
              ],
              [
                -78.82509712977533,
                43.03349504800766
              ],
              [
                -78.82510005825601,
                43.033496756701325
              ],
              [
                -78.82510298673685,
                43.03349846539494
              ],
              [
                -78.82510603167411,
                43.03349983086647
              ],
              [
                -78.82510907673073,
                43.033501539313676
              ],
              [
                -78.82511223824372,
                43.03350290453874
              ],
              [
                -78.82511539841046,
                43.03350392679063
              ],
              [
                -78.82511867772631,
                43.03350529176668
              ],
              [
                -78.82512207104425,
                43.0335063135258
              ],
              [
                -78.82512546570875,
                43.03350767825797
              ],
              [
                -78.82512885890758,
                43.033508357041164
              ],
              [
                -78.82513236880132,
                43.03350937855368
              ],
              [
                -78.82513587857582,
                43.03351005709037
              ],
              [
                -78.82513938712326,
                43.03351073562955
              ],
              [
                -78.8251430134734,
                43.03351141391972
              ],
              [
                -78.8251466398236,
                43.03351209220977
              ],
              [
                -78.82515026482729,
                43.03351242752656
              ],
              [
                -78.82515388860392,
                43.033512762845845
              ],
              [
                -78.82515751360769,
                43.03351309816242
              ],
              [
                -78.82516113726483,
                43.03351309050574
              ],
              [
                -78.82516487884418,
                43.033513425575755
              ]
            ]
          ]
        ]
      }
    },
    {
      "type": "Feature",
      "properties": {
        "name": "East Amherst Fire Protection District"
      },
      "geometry": {
        "type": "Polygon",
        "coordinates": [
          [
            [
              -78.71916637557234,
              43.03430908680291
            ],
            [
              -78.71917013581687,
              43.03325820082514
            ],
            [
              -78.72312974615767,
              43.03329390391165
            ],
            [
              -78.72340840161971,
              43.033296307008825
            ],
            [
              -78.72386051550836,
              43.03330055443186
            ],
            [
              -78.72384631233908,
              43.032813544832784
            ],
            [
              -78.72382399581198,
              43.032048391447454
            ],
            [
              -78.7245337143727,
              43.03205609244091
            ],
            [
              -78.72452571039197,
              43.0312158087321
            ],
            [
              -78.72452319724216,
              43.03093525634207
            ],
            [
              -78.72451516922179,
              43.03008434023075
            ],
            [
              -78.72449107646298,
              43.02752713334832
            ],
            [
              -78.7244842995347,
              43.02681374877263
            ],
            [
              -78.72654023503537,
              43.02678993017808
            ],
            [
              -78.72872892927228,
              43.026764191191525
            ],
            [
              -78.72874795906132,
              43.02631006517556
            ],
            [
              -78.73016671882517,
              43.0262928198303
            ],
            [
              -78.7301699911636,
              43.026292815632004
            ],
            [
              -78.73032846174628,
              43.02629089732563
            ],
            [
              -78.73046215686279,
              43.026289353628606
            ],
            [
              -78.73046371035689,
              43.025961122160595
            ],
            [
              -78.73046629929507,
              43.02547923582702
            ],
            [
              -78.73070126929709,
              43.02540828033686
            ],
            [
              -78.73169804905656,
              43.02507361835776
            ],
            [
              -78.73170348162452,
              43.023058962664635
            ],
            [
              -78.73169725691037,
              43.02299757789613
            ],
            [
              -78.73171268282252,
              43.022997557898314
            ],
            [
              -78.73176877787469,
              43.022997828137164
            ],
            [
              -78.73210020165565,
              43.02299705484537
            ],
            [
              -78.73209969611005,
              43.02298127857204
            ],
            [
              -78.73275748095668,
              43.02301300446675
            ],
            [
              -78.732799312011,
              43.02291417164122
            ],
            [
              -78.73280296266238,
              43.020757868016666
            ],
            [
              -78.73279512597246,
              43.020610397289026
            ],
            [
              -78.73791329224069,
              43.02087969634696
            ],
            [
              -78.73791259163166,
              43.02078675056071
            ],
            [
              -78.73791248838182,
              43.02074559347493
            ],
            [
              -78.7379118135861,
              43.02066293605791
            ],
            [
              -78.73791171033724,
              43.020621778971254
            ],
            [
              -78.73791046572634,
              43.02049830897211
            ],
            [
              -78.7379155775956,
              43.02030006142044
            ],
            [
              -78.73791457498649,
              43.020086730235604
            ],
            [
              -78.73791556427851,
              43.019922099976625
            ],
            [
              -78.73791592931835,
              43.01988128522906
            ],
            [
              -78.73791582520913,
              43.019839785161004
            ],
            [
              -78.73791702271225,
              43.0197581541329
            ],
            [
              -78.73791785259608,
              43.0197163098255
            ],
            [
              -78.73791634706697,
              43.019675154626
            ],
            [
              -78.73791577639238,
              43.01963399816355
            ],
            [
              -78.7379156731446,
              43.019592841069475
            ],
            [
              -78.73791510333179,
              43.019552027582215
            ],
            [
              -78.73792723594077,
              43.01935754236092
            ],
            [
              -78.73792715783799,
              43.019140095068686
            ],
            [
              -78.73793152229325,
              43.01901661746127
            ],
            [
              -78.73793328994893,
              43.01897545783559
            ],
            [
              -78.7379350563755,
              43.01893429821124
            ],
            [
              -78.73794025237805,
              43.01876966133608
            ],
            [
              -78.7379415513751,
              43.018728502341595
            ],
            [
              -78.73794581251056,
              43.01856386762333
            ],
            [
              -78.7379475962701,
              43.018343330092314
            ],
            [
              -78.73795355749515,
              43.01811112659023
            ],
            [
              -78.7379539233631,
              43.01807065480553
            ],
            [
              -78.73795522061653,
              43.01802880985407
            ],
            [
              -78.73796581889977,
              43.017781851160336
            ],
            [
              -78.73796711786083,
              43.0177406921585
            ],
            [
              -78.7379708098985,
              43.01753558598527
            ],
            [
              -78.73797163972023,
              43.01749374166129
            ],
            [
              -78.73797190057503,
              43.017411426810646
            ],
            [
              -78.73797179729776,
              43.01737026970065
            ],
            [
              -78.73797185331993,
              43.01720632657795
            ],
            [
              -78.73797175004344,
              43.01716516946645
            ],
            [
              -78.7379726358798,
              43.016959381109764
            ],
            [
              -78.7379725308824,
              43.0169175380446
            ],
            [
              -78.73797289501181,
              43.0168763802995
            ],
            [
              -78.7379727917358,
              43.01683522318564
            ],
            [
              -78.73797268846002,
              43.01679406607147
            ],
            [
              -78.73797310172459,
              43.01658622047712
            ],
            [
              -78.73796511208988,
              43.016382502854164
            ],
            [
              -78.73796594448393,
              43.01634168744972
            ],
            [
              -78.73796630775489,
              43.01630018672451
            ],
            [
              -78.737966671886,
              43.01625902897497
            ],
            [
              -78.737968699074,
              43.016135553561405
            ],
            [
              -78.73796859580348,
              43.01609439644217
            ],
            [
              -78.73796828685377,
              43.01597126805869
            ],
            [
              -78.73796818272353,
              43.015929767962284
            ],
            [
              -78.73796807945409,
              43.015888610841586
            ],
            [
              -78.73796979681953,
              43.01564166405338
            ],
            [
              -78.73797016094568,
              43.0156005062991
            ],
            [
              -78.73797302048999,
              43.01543621636048
            ],
            [
              -78.73797385286787,
              43.01539540094925
            ],
            [
              -78.7379832051791,
              43.01502462904775
            ],
            [
              -78.73798450321516,
              43.01498312704984
            ],
            [
              -78.73798486732888,
              43.01494196929075
            ],
            [
              -78.73798569883252,
              43.01490081089988
            ],
            [
              -78.73799058455062,
              43.01461270251798
            ],
            [
              -78.73799141604663,
              43.01457154412466
            ],
            [
              -78.73799333985838,
              43.01440691154292
            ],
            [
              -78.73799370482458,
              43.01436609675578
            ],
            [
              -78.73799625269119,
              43.0140776494287
            ],
            [
              -78.73799708417725,
              43.01403649103152
            ],
            [
              -78.73799874714399,
              43.013954173335996
            ],
            [
              -78.73800004600979,
              43.0139130143063
            ],
            [
              -78.7380063337401,
              43.013624904879464
            ],
            [
              -78.73800763259453,
              43.013583745847306
            ],
            [
              -78.73801236061433,
              43.01341910944708
            ],
            [
              -78.73801412683956,
              43.01337794978175
            ],
            [
              -78.73802919130979,
              43.0130486702839
            ],
            [
              -78.73803189226587,
              43.01300750935223
            ],
            [
              -78.73803776154273,
              43.01292518685608
            ],
            [
              -78.7380404624879,
              43.01288402592335
            ],
            [
              -78.73804866947503,
              43.01280204324231
            ],
            [
              -78.73805687471871,
              43.01271937460718
            ],
            [
              -78.73806097776291,
              43.01267821177703
            ],
            [
              -78.73808336238831,
              43.01247239419194
            ],
            [
              -78.73808793277045,
              43.01243123072718
            ],
            [
              -78.73809250659124,
              43.01239143916683
            ],
            [
              -78.7380980082586,
              43.0123489025323
            ],
            [
              -78.73814251625939,
              43.01201958314295
            ],
            [
              -78.73814802130566,
              43.01197841840832
            ],
            [
              -78.73816043347901,
              43.01189608704074
            ],
            [
              -78.73816640586975,
              43.01185492167216
            ],
            [
              -78.73818198616311,
              43.011731428724374
            ],
            [
              -78.73818702465128,
              43.01169060669426
            ],
            [
              -78.73819253136247,
              43.011650127907714
            ],
            [
              -78.73819709988888,
              43.01160827848038
            ],
            [
              -78.73820166927091,
              43.01156677202879
            ],
            [
              -78.73821034237591,
              43.01148444570918
            ],
            [
              -78.738215379966,
              43.0114432816
            ],
            [
              -78.7382419699021,
              43.01123745824877
            ],
            [
              -78.73824747481363,
              43.01119629350393
            ],
            [
              -78.73825297971784,
              43.01115512875854
            ],
            [
              -78.73829842076809,
              43.01082580887726
            ],
            [
              -78.73830439468733,
              43.010785328546476
            ],
            [
              -78.738309897793,
              43.01074347784284
            ],
            [
              -78.73834245926476,
              43.01049648995838
            ],
            [
              -78.73834796404441,
              43.01045532520356
            ],
            [
              -78.73835346881677,
              43.01041416044819
            ],
            [
              -78.73835944093786,
              43.010372995059235
            ],
            [
              -78.73838743200479,
              43.01016716973797
            ],
            [
              -78.73839340407976,
              43.01012600434556
            ],
            [
              -78.73839844143919,
              43.01008484021891
            ],
            [
              -78.73841635759482,
              43.009961344036434
            ],
            [
              -78.7384223296309,
              43.00992017864107
            ],
            [
              -78.73842783430459,
              43.00987901297821
            ],
            [
              -78.73843380632516,
              43.00983784758169
            ],
            [
              -78.73844575034266,
              43.00975551678686
            ],
            [
              -78.73845125498856,
              43.00971435202194
            ],
            [
              -78.73848241331481,
              43.009467365954976
            ],
            [
              -78.7384879179088,
              43.00942620028608
            ],
            [
              -78.73851180561131,
              43.009261538671325
            ],
            [
              -78.73851544078094,
              43.00922037643442
            ],
            [
              -78.73854158684057,
              43.00902415780808
            ],
            [
              -78.73857375861303,
              43.008808723350825
            ],
            [
              -78.73857879574692,
              43.00876755920706
            ],
            [
              -78.73859343976581,
              43.008644067406756
            ],
            [
              -78.73859847687342,
              43.00860290326102
            ],
            [
              -78.73860398131663,
              43.00856173848075
            ],
            [
              -78.73860948575032,
              43.00852057279972
            ],
            [
              -78.7386439142334,
              43.008273582200836
            ],
            [
              -78.73864941861751,
              43.00823241741612
            ],
            [
              -78.73865492385852,
              43.0081915956073
            ],
            [
              -78.73866593345463,
              43.008109609011555
            ],
            [
              -78.73867190514594,
              43.00806844269015
            ],
            [
              -78.73867740776485,
              43.00802659194973
            ],
            [
              -78.73868935111301,
              43.007944261104385
            ],
            [
              -78.73869532277526,
              43.00790309568081
            ],
            [
              -78.73870633313167,
              43.00782145205367
            ],
            [
              -78.73871780733722,
              43.007738435883994
            ],
            [
              -78.73872377896093,
              43.0076972704575
            ],
            [
              -78.73872928323908,
              43.007656104764735
            ],
            [
              -78.73873432017713,
              43.00761494060616
            ],
            [
              -78.73875997210129,
              43.00740911917093
            ],
            [
              -78.73878935559038,
              43.007200547932605
            ],
            [
              -78.73882015471682,
              43.006997463299484
            ],
            [
              -78.73883163034917,
              43.006915133059934
            ],
            [
              -78.7388376018187,
              43.00687396762183
            ],
            [
              -78.73884310595118,
              43.00683280281807
            ],
            [
              -78.73884907740522,
              43.00679163737878
            ],
            [
              -78.73886922451952,
              43.00662697979607
            ],
            [
              -78.73887472860932,
              43.0065858149891
            ],
            [
              -78.73888023269184,
              43.006544650181546
            ],
            [
              -78.73890318360064,
              43.00637998967552
            ],
            [
              -78.73890868764617,
              43.00633882486521
            ],
            [
              -78.7389137243571,
              43.006297659789375
            ],
            [
              -78.73891922838841,
              43.006256494977954
            ],
            [
              -78.73892473500929,
              43.006216359095724
            ],
            [
              -78.73893023642923,
              43.00617416535349
            ],
            [
              -78.73893620776255,
              43.00613299990511
            ],
            [
              -78.73896056033954,
              43.00596833747019
            ],
            [
              -78.73896653163308,
              43.00592717201881
            ],
            [
              -78.73899498601796,
              43.005721345759405
            ],
            [
              -78.73900095726506,
              43.005680180304495
            ],
            [
              -78.73900599386411,
              43.00563901612024
            ],
            [
              -78.73901149777629,
              43.00559785129983
            ],
            [
              -78.73902754215035,
              43.005474357470995
            ],
            [
              -78.73903257871521,
              43.005433193284134
            ],
            [
              -78.73904909032044,
              43.00530969791293
            ],
            [
              -78.73905459417507,
              43.00526853308817
            ],
            [
              -78.73905916338849,
              43.005227369534474
            ],
            [
              -78.73906419991256,
              43.00518620534452
            ],
            [
              -78.73908844780296,
              43.00498038565887
            ],
            [
              -78.73909348428549,
              43.00493922056568
            ],
            [
              -78.73909898807814,
              43.00489805573622
            ],
            [
              -78.73913621772114,
              43.00465106102104
            ],
            [
              -78.73914265608464,
              43.00460989491521
            ],
            [
              -78.73914769250369,
              43.004568730717246
            ],
            [
              -78.73917697625602,
              43.00432174589133
            ],
            [
              -78.73918201262919,
              43.00428058168984
            ],
            [
              -78.73918658168624,
              43.00423941812423
            ],
            [
              -78.73919161891345,
              43.00419859689845
            ],
            [
              -78.73922640507239,
              43.00391010422665
            ],
            [
              -78.73923237599305,
              43.003868938747104
            ],
            [
              -78.73928247959277,
              43.00353961080574
            ],
            [
              -78.73928845044085,
              43.003498445320716
            ],
            [
              -78.73929992481006,
              43.00341611498571
            ],
            [
              -78.73930542833182,
              43.00337495013575
            ],
            [
              -78.73931596805124,
              43.003292621071004
            ],
            [
              -78.73932100424955,
              43.0032514568563
            ],
            [
              -78.73932650774286,
              43.00321029200417
            ],
            [
              -78.73934758704031,
              43.003045632963946
            ],
            [
              -78.73935355779803,
              43.003004467472124
            ],
            [
              -78.73935906124804,
              43.00296330261672
            ],
            [
              -78.73936960082708,
              43.00288097354134
            ],
            [
              -78.73937463782475,
              43.002840152298155
            ],
            [
              -78.73937967307972,
              43.002798645100924
            ],
            [
              -78.7393847091961,
              43.002757480879964
            ],
            [
              -78.73938927800789,
              43.00271631729563
            ],
            [
              -78.73939384854764,
              43.0026758387642
            ],
            [
              -78.73939888290846,
              43.00263398858816
            ],
            [
              -78.73940802048928,
              43.00255166141618
            ],
            [
              -78.73941259013887,
              43.00251084080627
            ],
            [
              -78.73941715804601,
              43.00246933424231
            ],
            [
              -78.73942489369237,
              43.002387008978424
            ],
            [
              -78.73943040500114,
              43.00216440784874
            ],
            [
              -78.73944290655162,
              43.00193425256026
            ],
            [
              -78.73944420422336,
              43.00189309342934
            ],
            [
              -78.73944503460206,
              43.00185193493548
            ],
            [
              -78.73945079676278,
              43.00172845409026
            ],
            [
              -78.73945256258386,
              43.001687637297245
            ],
            [
              -78.7394569219814,
              43.00156381628371
            ],
            [
              -78.73945868779401,
              43.00152299948942
            ],
            [
              -78.73946174951885,
              43.00144033760679
            ],
            [
              -78.73946304716858,
              43.001399178472134
            ],
            [
              -78.73946647281853,
              43.001275700803546
            ],
            [
              -78.73946777046197,
              43.00123454166767
            ],
            [
              -78.73946860081736,
              43.00119338316888
            ],
            [
              -78.73946943204018,
              43.0011525676467
            ],
            [
              -78.73947664547282,
              43.00086411235544
            ],
            [
              -78.73947794310159,
              43.000822953216485
            ],
            [
              -78.739479708012,
              43.000781793439735
            ],
            [
              -78.73948222422324,
              43.00066826426264
            ],
            [
              -78.73947454187054,
              43.00058698893685
            ],
            [
              -78.73947072202013,
              43.00037023109191
            ],
            [
              -78.73947108595223,
              43.00032941620129
            ],
            [
              -78.73947170699331,
              43.000205600257395
            ],
            [
              -78.73947207092411,
              43.0001647853656
            ],
            [
              -78.73947409379552,
              43.000040967505775
            ],
            [
              -78.7394744568533,
              42.99999980873565
            ],
            [
              -78.73947590908958,
              42.999835177253004
            ],
            [
              -78.73947627214767,
              42.99979401938158
            ],
            [
              -78.73947706774135,
              42.99973914179429
            ],
            [
              -78.73947743079827,
              42.999697983922196
            ],
            [
              -78.73948018062147,
              42.999492192382064
            ],
            [
              -78.73948101094851,
              42.99945103387069
            ],
            [
              -78.73948246315865,
              42.999286402372164
            ],
            [
              -78.73948282621019,
              42.99924524449679
            ],
            [
              -78.73948272199002,
              42.99920408725856
            ],
            [
              -78.73948308504103,
              42.99916292938262
            ],
            [
              -78.7394843287982,
              42.998915982495326
            ],
            [
              -78.73948469271554,
              42.99887516759427
            ],
            [
              -78.73948505489543,
              42.99883366673892
            ],
            [
              -78.73948541794346,
              42.99879250886028
            ],
            [
              -78.7394874433566,
              42.99866971990161
            ],
            [
              -78.73948780466309,
              42.998627875167536
            ],
            [
              -78.73948759795779,
              42.998546246636
            ],
            [
              -78.73948795926596,
              42.99850440280122
            ],
            [
              -78.73948785504504,
              42.998463245557694
            ],
            [
              -78.73948800964837,
              42.99833977318782
            ],
            [
              -78.73948790542802,
              42.9982986159431
            ],
            [
              -78.73948863151564,
              42.998216300177795
            ],
            [
              -78.73948899455655,
              42.99817514139448
            ],
            [
              -78.73948904493852,
              42.9980105117716
            ],
            [
              -78.7394908097665,
              42.997969351974525
            ],
            [
              -78.73949304185383,
              42.99792819153962
            ],
            [
              -78.73948225665305,
              42.99772859200996
            ],
            [
              -78.73949013060523,
              42.99751662069921
            ],
            [
              -78.73948935069203,
              42.99739314958383
            ],
            [
              -78.7394892473427,
              42.99735233530938
            ],
            [
              -78.73949080284521,
              42.997228517125706
            ],
            [
              -78.73949069862705,
              42.99718735987297
            ],
            [
              -78.73949106166482,
              42.99714620198246
            ],
            [
              -78.73949095744678,
              42.997105044729125
            ],
            [
              -78.7394926684108,
              42.996858098015466
            ],
            [
              -78.73949303144369,
              42.99681693922238
            ],
            [
              -78.73949386173135,
              42.996775780691685
            ],
            [
              -78.73949707865154,
              42.996569989308725
            ],
            [
              -78.73949744168263,
              42.996528831413734
            ],
            [
              -78.7394978047133,
              42.996487673518466
            ],
            [
              -78.73949868536,
              42.99628188441241
            ],
            [
              -78.73949904838888,
              42.99624072651535
            ],
            [
              -78.73949883994895,
              42.996158411995374
            ],
            [
              -78.73949920297724,
              42.99611725409739
            ],
            [
              -78.73949982481268,
              42.99599378103926
            ],
            [
              -78.73950018783738,
              42.995952622239926
            ],
            [
              -78.73950127691589,
              42.995829148540714
            ],
            [
              -78.73950117269584,
              42.99578799127791
            ],
            [
              -78.7395015357211,
              42.99574683337727
            ],
            [
              -78.73950143150117,
              42.99570567611387
            ],
            [
              -78.73950241635428,
              42.995541045144705
            ],
            [
              -78.73950231213225,
              42.99549988697962
            ],
            [
              -78.73950013050501,
              42.99537641773318
            ],
            [
              -78.7394940007931,
              42.99516995309518
            ],
            [
              -78.73950329348882,
              42.9949648384212
            ],
            [
              -78.73950531702594,
              42.994841363425586
            ],
            [
              -78.73950568004473,
              42.994800205518125
            ],
            [
              -78.73950583462462,
              42.99467673306902
            ],
            [
              -78.73950573040572,
              42.99463557579788
            ],
            [
              -78.73949648644448,
              42.994306328192884
            ],
            [
              -78.73949544776538,
              42.99426517219402
            ],
            [
              -78.7394953435549,
              42.994224014919894
            ],
            [
              -78.73949575696756,
              42.994018226369704
            ],
            [
              -78.73949611998947,
              42.99397706845634
            ],
            [
              -78.7394988695533,
              42.993771277610065
            ],
            [
              -78.73949969980202,
              42.993730119057446
            ],
            [
              -78.73950243457958,
              42.99351849668744
            ],
            [
              -78.73950753500357,
              42.99331853325181
            ],
            [
              -78.73950628790507,
              42.99319506178294
            ],
            [
              -78.73950618455972,
              42.99315424747847
            ],
            [
              -78.73950680550021,
              42.99303043137887
            ],
            [
              -78.73950670215508,
              42.99298961707322
            ],
            [
              -78.73950659707332,
              42.99294811681256
            ],
            [
              -78.73950696008379,
              42.992906958891446
            ],
            [
              -78.7395097095719,
              42.99270116710625
            ],
            [
              -78.73950867091413,
              42.99266001109589
            ],
            [
              -78.7395062305936,
              42.99261885699774
            ],
            [
              -78.7395051919397,
              42.99257770098674
            ],
            [
              -78.73950394486751,
              42.992454230402
            ],
            [
              -78.73950430787782,
              42.99241307247731
            ],
            [
              -78.73950679942922,
              42.992289938866286
            ],
            [
              -78.73950762878715,
              42.992248437325564
            ],
            [
              -78.73950752457588,
              42.9922072800369
            ],
            [
              -78.73950695314684,
              42.99216612338546
            ],
            [
              -78.73950638171867,
              42.99212496673368
            ],
            [
              -78.73950534307396,
              42.99208381071915
            ],
            [
              -78.73950477164776,
              42.99204265406676
            ],
            [
              -78.73950466743915,
              42.99200149677664
            ],
            [
              -78.73950456323077,
              42.991960339486184
            ],
            [
              -78.7395044590226,
              42.99191918219546
            ],
            [
              -78.73950435481235,
              42.99187802400423
            ],
            [
              -78.73950425060463,
              42.99183686671288
            ],
            [
              -78.7395046136123,
              42.99179570878377
            ],
            [
              -78.73950497661957,
              42.99175455085436
            ],
            [
              -78.73950616984713,
              42.991672234357196
            ],
            [
              -78.7395070000668,
              42.9916310757894
            ],
            [
              -78.73950855629367,
              42.991507601359245
            ],
            [
              -78.7395084520845,
              42.99146644406522
            ],
            [
              -78.73950777645243,
              42.99138412921364
            ],
            [
              -78.73950440349871,
              42.99134366233604
            ],
            [
              -78.73950110178792,
              42.99114679709615
            ],
            [
              -78.73920490867678,
              42.99115440338884
            ],
            [
              -78.7389806430281,
              42.99115333666092
            ],
            [
              -78.7389245769235,
              42.99115306990985
            ],
            [
              -78.73886851168416,
              42.991153146108815
            ],
            [
              -78.73864424813385,
              42.9911524216976
            ],
            [
              -78.73858818203107,
              42.99115215478176
            ],
            [
              -78.7384199824989,
              42.99115135387112
            ],
            [
              -78.73836391639773,
              42.99115108684544
            ],
            [
              -78.73830785029696,
              42.991150819792274
            ],
            [
              -78.73825178419662,
              42.991150552711666
            ],
            [
              -78.73802752065946,
              42.991149827092045
            ],
            [
              -78.7379714554207,
              42.991149902851625
            ],
            [
              -78.7379153901817,
              42.99114997858373
            ],
            [
              -78.73785932285698,
              42.99114971131251
            ],
            [
              -78.73769112542239,
              42.991149252306634
            ],
            [
              -78.73763505932527,
              42.991148984923925
            ],
            [
              -78.73757899408622,
              42.99114906049127
            ],
            [
              -78.73752292798962,
              42.9911487930536
            ],
            [
              -78.73729866617552,
              42.991148751960935
            ],
            [
              -78.73724259970952,
              42.99114882736515
            ],
            [
              -78.73718653275861,
              42.99114821678521
            ],
            [
              -78.7370183327666,
              42.99114672785815
            ],
            [
              -78.73674033238689,
              42.99114298504862
            ],
            [
              -78.73645767744154,
              42.99114679332134
            ],
            [
              -78.7364016122014,
              42.991146868311965
            ],
            [
              -78.7363455461102,
              42.99114660029761
            ],
            [
              -78.73628948001947,
              42.99114633225577
            ],
            [
              -78.73623341477928,
              42.991146407163995
            ],
            [
              -78.7360652165097,
              42.99114560279135
            ],
            [
              -78.7360091491944,
              42.99114533461382
            ],
            [
              -78.73573535292059,
              42.991141240776855
            ],
            [
              -78.735448490864,
              42.99114368024447
            ],
            [
              -78.73516816174728,
              42.99114336649788
            ],
            [
              -78.73483177367127,
              42.991145184150035
            ],
            [
              -78.73477570720209,
              42.99114525834587
            ],
            [
              -78.73449537762215,
              42.99114425699483
            ],
            [
              -78.73443931153899,
              42.99114398804672
            ],
            [
              -78.73415898074171,
              42.9911429858734
            ],
            [
              -78.73410291549904,
              42.991143059738064
            ],
            [
              -78.73387865368915,
              42.99114301194455
            ],
            [
              -78.73382258760897,
              42.991142742694336
            ],
            [
              -78.73359831911462,
              42.99113995053105
            ],
            [
              -78.73330023018116,
              42.99113725467311
            ],
            [
              -78.73303765963841,
              42.99113828435427
            ],
            [
              -78.73275733220366,
              42.99113865065834
            ],
            [
              -78.73270126696133,
              42.99113872383644
            ],
            [
              -78.7323648746743,
              42.99113881935082
            ],
            [
              -78.73230880654782,
              42.991138206383106
            ],
            [
              -78.73202847371591,
              42.9911358270798
            ],
            [
              -78.7319724076478,
              42.99113555692334
            ],
            [
              -78.73163601332006,
              42.9911353073196
            ],
            [
              -78.73157994807791,
              42.991135379948446
            ],
            [
              -78.73124355415338,
              42.991134786212086
            ],
            [
              -78.73118748808857,
              42.99113451567111
            ],
            [
              -78.7309632217864,
              42.99113309025655
            ],
            [
              -78.73090715572398,
              42.99113281957825
            ],
            [
              -78.73045863419426,
              42.9911340829409
            ],
            [
              -78.73040256813249,
              42.99113381201545
            ],
            [
              -78.73006616769113,
              42.99113047099785
            ],
            [
              -78.72975733390912,
              42.991128122665785
            ],
            [
              -78.72948821831554,
              42.9911274376839
            ],
            [
              -78.72922518172405,
              42.991129488150385
            ],
            [
              -78.72900092075113,
              42.99112977377752
            ],
            [
              -78.72894485550738,
              42.991129845115665
            ],
            [
              -78.72866452482695,
              42.99112882948539
            ],
            [
              -78.72860845958323,
              42.99112890065875
            ],
            [
              -78.72821600287149,
              42.99112939810334
            ],
            [
              -78.72815993601554,
              42.99112878310172
            ],
            [
              -78.72793566817998,
              42.99112666579973
            ],
            [
              -78.7278796021327,
              42.99112639363842
            ],
            [
              -78.72748714943208,
              42.99112860347224
            ],
            [
              -78.72743108055563,
              42.99112764513746
            ],
            [
              -78.72716569146147,
              42.99112214830202
            ],
            [
              -78.72687041851205,
              42.99112423386159
            ],
            [
              -78.72659008628449,
              42.991122527195294
            ],
            [
              -78.72653402104137,
              42.99112259735256
            ],
            [
              -78.72619762914663,
              42.991123360698566
            ],
            [
              -78.72614156469587,
              42.99112377364127
            ],
            [
              -78.72580516688319,
              42.991121449033194
            ],
            [
              -78.72574910084722,
              42.99112117582831
            ],
            [
              -78.72535663738124,
              42.99111926262654
            ],
            [
              -78.72530057134868,
              42.99111898920191
            ],
            [
              -78.7250202411923,
              42.9911176216669
            ],
            [
              -78.72470813873042,
              42.991115949714725
            ],
            [
              -78.7244035191502,
              42.99111701151855
            ],
            [
              -78.7243474526805,
              42.99111708060628
            ],
            [
              -78.72429138822069,
              42.991117492642765
            ],
            [
              -78.72423532140964,
              42.991116875718646
            ],
            [
              -78.7240110596514,
              42.991116808591514
            ],
            [
              -78.72395499362533,
              42.9911165345078
            ],
            [
              -78.7233382708111,
              42.99111557564208
            ],
            [
              -78.72328220556642,
              42.99111564420651
            ],
            [
              -78.72266548043787,
              42.99111365278252
            ],
            [
              -78.72260941519332,
              42.99111372101742
            ],
            [
              -78.7221048221277,
              42.99111227603074
            ],
            [
              -78.72204875611177,
              42.99111200101328
            ],
            [
              -78.72154416152995,
              42.99110986759942
            ],
            [
              -78.72148809551801,
              42.99110959230734
            ],
            [
              -78.72098348872261,
              42.991101968777656
            ],
            [
              -78.72092742118947,
              42.991101007255395
            ],
            [
              -78.72081528459933,
              42.99109839817291
            ],
            [
              -78.72075921630768,
              42.99109709359051
            ],
            [
              -78.72064707774153,
              42.99109414136696
            ],
            [
              -78.7205349396492,
              42.99109084605426
            ],
            [
              -78.72047887060742,
              42.991089198356704
            ],
            [
              -78.72036673329463,
              42.991086245857
            ],
            [
              -78.72031065588314,
              42.991080825321596
            ],
            [
              -78.72004665734413,
              42.991070508613994
            ],
            [
              -78.71974994024592,
              42.99105337072365
            ],
            [
              -78.71874057749896,
              42.99096950965264
            ],
            [
              -78.71868450108713,
              42.99096443129788
            ],
            [
              -78.718460192526,
              42.990942745692735
            ],
            [
              -78.71819989355404,
              42.99091458546564
            ],
            [
              -78.71789941459627,
              42.990885785934346
            ],
            [
              -78.71784333683296,
              42.99088002121157
            ],
            [
              -78.7175629439607,
              42.990849825275504
            ],
            [
              -78.71750686551503,
              42.99084371740995
            ],
            [
              -78.71700216472048,
              42.9907914892067
            ],
            [
              -78.71694608712563,
              42.990785724044045
            ],
            [
              -78.71655354425341,
              42.990745367135474
            ],
            [
              -78.71649746674187,
              42.99073960175283
            ],
            [
              -78.71616100066524,
              42.990705008881136
            ],
            [
              -78.71610492322662,
              42.99069924330603
            ],
            [
              -78.71548807012836,
              42.99063547718908
            ],
            [
              -78.71543199281508,
              42.99062971128408
            ],
            [
              -78.71487121610133,
              42.99057067791152
            ],
            [
              -78.7148151381728,
              42.99056456872623
            ],
            [
              -78.71414220848408,
              42.990494000182274
            ],
            [
              -78.71408613069661,
              42.990487890639535
            ],
            [
              -78.71391789762635,
              42.99047024780349
            ],
            [
              -78.71363610740077,
              42.99043970086054
            ],
            [
              -78.71335712212989,
              42.990409835994704
            ],
            [
              -78.71313281259856,
              42.99038642505416
            ],
            [
              -78.7130767357291,
              42.9903806579944
            ],
            [
              -78.71195519879062,
              42.99026565400672
            ],
            [
              -78.71165098110443,
              42.99023341248175
            ],
            [
              -78.71133835497719,
              42.990202208488014
            ],
            [
              -78.71072150958976,
              42.99013738683068
            ],
            [
              -78.71066543246137,
              42.99013127561079
            ],
            [
              -78.71021682024964,
              42.99008512868703
            ],
            [
              -78.71016074392337,
              42.99007936019766
            ],
            [
              -78.70965605745597,
              42.99002744255633
            ],
            [
              -78.7095999800077,
              42.990021673793386
            ],
            [
              -78.70954390379609,
              42.99001590500163
            ],
            [
              -78.70853452836677,
              42.98991000418207
            ],
            [
              -78.70847845235511,
              42.98990423486797
            ],
            [
              -78.70842237512764,
              42.98989846552773
            ],
            [
              -78.70836629913684,
              42.98989269615863
            ],
            [
              -78.7076373102879,
              42.98981734888195
            ],
            [
              -78.7073550644359,
              42.98978953079617
            ],
            [
              -78.70707654764563,
              42.98975793521624
            ],
            [
              -78.70634756331229,
              42.98968326477547
            ],
            [
              -78.70604942089653,
              42.98964894395603
            ],
            [
              -78.70578681128727,
              42.98962796052332
            ],
            [
              -78.70539427688914,
              42.989584478515226
            ],
            [
              -78.70533819955905,
              42.98957836468485
            ],
            [
              -78.70500174452111,
              42.98954236707354
            ],
            [
              -78.70473537922712,
              42.98951178181407
            ],
            [
              -78.70444099496882,
              42.989487056223766
            ],
            [
              -78.7042727712711,
              42.98947077111266
            ],
            [
              -78.70421669672481,
              42.98946534268731
            ],
            [
              -78.70416062218834,
              42.989459914234494
            ],
            [
              -78.70410454643543,
              42.989454485755466
            ],
            [
              -78.70376809881172,
              42.98942157131825
            ],
            [
              -78.7034769811839,
              42.989395124916854
            ],
            [
              -78.70320737277868,
              42.98937722972016
            ],
            [
              -78.7031512990762,
              42.9893721437507
            ],
            [
              -78.70309522671472,
              42.98936774370994
            ],
            [
              -78.70303915436118,
              42.9893633436417
            ],
            [
              -78.70298308268083,
              42.98935928652408
            ],
            [
              -78.70292701167274,
              42.98935557235708
            ],
            [
              -78.70287094010973,
              42.989352201142005
            ],
            [
              -78.70281486977906,
              42.989348829898155
            ],
            [
              -78.70275880011845,
              42.98934580160495
            ],
            [
              -78.7027027317907,
              42.989343459240516
            ],
            [
              -78.70264666346714,
              42.98934111684857
            ],
            [
              -78.70259059581086,
              42.98933911740728
            ],
            [
              -78.70253452815815,
              42.989337117938504
            ],
            [
              -78.70225325168276,
              42.9893257492423
            ],
            [
              -78.70197385587868,
              42.98931986556633
            ],
            [
              -78.70186172460465,
              42.989317923865755
            ],
            [
              -78.70180565897022,
              42.98931695297428
            ],
            [
              -78.70163746019307,
              42.98931369715822
            ],
            [
              -78.70158139390827,
              42.989312383178735
            ],
            [
              -78.70146926200252,
              42.98931009811554
            ],
            [
              -78.70141319572438,
              42.989308784053684
            ],
            [
              -78.7013571294486,
              42.989307469964345
            ],
            [
              -78.70105344226275,
              42.989303666959714
            ],
            [
              -78.70074042741241,
              42.98930776123011
            ],
            [
              -78.70068436506604,
              42.98930850468004
            ],
            [
              -78.7006283020661,
              42.98930890512438
            ],
            [
              -78.70051617736694,
              42.98931039188696
            ],
            [
              -78.70046011306154,
              42.98931010629263
            ],
            [
              -78.70040404753036,
              42.98930982067211
            ],
            [
              -78.70034798322587,
              42.989309535022876
            ],
            [
              -78.70029191892183,
              42.989309249346185
            ],
            [
              -78.70023585396828,
              42.989308620663884
            ],
            [
              -78.70012372211632,
              42.989306334282446
            ],
            [
              -78.70006765716693,
              42.989305705517765
            ],
            [
              -78.69989946362153,
              42.9893045050152
            ],
            [
              -78.69984339744964,
              42.989303876141875
            ],
            [
              -78.69967520455977,
              42.98930301828793
            ],
            [
              -78.69961914091061,
              42.98930307525983
            ],
            [
              -78.69958079857288,
              42.98930295757154
            ],
            [
              -78.69695789239402,
              42.989288119282
            ],
            [
              -78.67701114410335,
              42.98925744079934
            ],
            [
              -78.67696584952563,
              42.9933734905701
            ],
            [
              -78.67702013659449,
              42.997537649292305
            ],
            [
              -78.67702393762195,
              42.999718992441935
            ],
            [
              -78.67702053218888,
              43.00025848730739
            ],
            [
              -78.68194666829292,
              43.00025836756717
            ],
            [
              -78.68206031889662,
              43.00211561126529
            ],
            [
              -78.68211047639743,
              43.00482493641128
            ],
            [
              -78.68224066961788,
              43.00734242155005
            ],
            [
              -78.68230754207211,
              43.00972644019733
            ],
            [
              -78.68238986643819,
              43.01172729990341
            ],
            [
              -78.68240457200726,
              43.013165139479334
            ],
            [
              -78.6822398621798,
              43.014691758850475
            ],
            [
              -78.68221904430945,
              43.01716739181371
            ],
            [
              -78.68215085383592,
              43.018210765486124
            ],
            [
              -78.68219493102417,
              43.02055232240543
            ],
            [
              -78.68217596944498,
              43.02207097656534
            ],
            [
              -78.68204231349904,
              43.02208513056186
            ],
            [
              -78.68200617867744,
              43.02240438043859
            ],
            [
              -78.68143880243282,
              43.022640926267734
            ],
            [
              -78.68129410298211,
              43.02379254389642
            ],
            [
              -78.68110275560211,
              43.02554332898358
            ],
            [
              -78.6833743294125,
              43.02581908068348
            ],
            [
              -78.68507880247472,
              43.02649797796769
            ],
            [
              -78.68715277942586,
              43.02727498726813
            ],
            [
              -78.68818368758865,
              43.0270644897004
            ],
            [
              -78.68892785185224,
              43.02701681684366
            ],
            [
              -78.68954639466654,
              43.027063233172655
            ],
            [
              -78.69005231837603,
              43.02721140010997
            ],
            [
              -78.69054988556275,
              43.02728446887746
            ],
            [
              -78.69100399292687,
              43.02732904990975
            ],
            [
              -78.69136007314341,
              43.02733351693735
            ],
            [
              -78.69179918447063,
              43.02736660620109
            ],
            [
              -78.69263088255904,
              43.02734877236027
            ],
            [
              -78.6937107941385,
              43.02737866416548
            ],
            [
              -78.69484616064133,
              43.027376493223024
            ],
            [
              -78.69692635069863,
              43.027386349958185
            ],
            [
              -78.69693889936373,
              43.02611626470307
            ],
            [
              -78.69706840356663,
              43.02612333858932
            ],
            [
              -78.70123920328132,
              43.02610265496222
            ],
            [
              -78.70375934912934,
              43.02608871274172
            ],
            [
              -78.7039103411506,
              43.026087181859445
            ],
            [
              -78.70651043837304,
              43.02608029731075
            ],
            [
              -78.70667824966382,
              43.026073257048395
            ],
            [
              -78.71064287268159,
              43.026046965126326
            ],
            [
              -78.71064183243136,
              43.02622222821729
            ],
            [
              -78.71064038777568,
              43.02642801576689
            ],
            [
              -78.71063894027884,
              43.026632432306165
            ],
            [
              -78.7106374934809,
              43.02683719091368
            ],
            [
              -78.71063558344444,
              43.02704400788827
            ],
            [
              -78.71063413875702,
              43.027249796308354
            ],
            [
              -78.7106326954772,
              43.02745626977224
            ],
            [
              -78.71063125289996,
              43.02766308710455
            ],
            [
              -78.71062980747789,
              43.027868531626396
            ],
            [
              -78.7106283634671,
              43.0280746629924
            ],
            [
              -78.71062692228138,
              43.02828216535341
            ],
            [
              -78.71062503131351,
              43.02849824351832
            ],
            [
              -78.71062452014016,
              43.028703343994515
            ],
            [
              -78.71062447859025,
              43.028909473770454
            ],
            [
              -78.71062443703987,
              43.02911560263877
            ],
            [
              -78.71062392657494,
              43.02932104696858
            ],
            [
              -78.71062412927394,
              43.02941913799009
            ],
            [
              -78.71062388431693,
              43.02952683284642
            ],
            [
              -78.71062383922532,
              43.0297312468145
            ],
            [
              -78.71062333017566,
              43.02993737707327
            ],
            [
              -78.71062328650264,
              43.03014247697776
            ],
            [
              -78.71062277674227,
              43.03034826424611
            ],
            [
              -78.71062273307038,
              43.03055336413585
            ],
            [
              -78.71062233245752,
              43.030811969618625
            ],
            [
              -78.7106221484515,
              43.030949160342125
            ],
            [
              -78.71062221889606,
              43.031209480164435
            ],
            [
              -78.71062210931221,
              43.03138268330377
            ],
            [
              -78.71062170842112,
              43.03141492351863
            ],
            [
              -78.7106216690079,
              43.03162208212298
            ],
            [
              -78.7106216225064,
              43.0318258100651
            ],
            [
              -78.7106211127399,
              43.03203159727275
            ],
            [
              -78.71062107190978,
              43.03223806900364
            ],
            [
              -78.71062056143067,
              43.032443512320775
            ],
            [
              -78.71062051564198,
              43.03264758410913
            ],
            [
              -78.71062047481436,
              43.032854055817744
            ],
            [
              -78.7106199650437,
              43.03305984298829
            ],
            [
              -78.71061945739585,
              43.0332666581773
            ],
            [
              -78.71061987772353,
              43.03347004346553
            ],
            [
              -78.71061901695033,
              43.03395844332754
            ],
            [
              -78.71062195430788,
              43.034248597844126
            ],
            [
              -78.71068133159339,
              43.03424853178942
            ],
            [
              -78.71069582597073,
              43.03424885863648
            ],
            [
              -78.71071078717657,
              43.034248841986006
            ],
            [
              -78.7107257483824,
              43.0342488253336
            ],
            [
              -78.71074024205055,
              43.0342488091997
            ],
            [
              -78.71075520325633,
              43.03424879254344
            ],
            [
              -78.7107701644621,
              43.03424877588522
            ],
            [
              -78.71078465813024,
              43.034248759745715
            ],
            [
              -78.71079961933597,
              43.03424874308362
            ],
            [
              -78.71081458054172,
              43.03424872641959
            ],
            [
              -78.71082954245746,
              43.03424905272893
            ],
            [
              -78.71084403612558,
              43.03424903658187
            ],
            [
              -78.71085899733137,
              43.03424901991205
            ],
            [
              -78.71087395853716,
              43.03424900324025
            ],
            [
              -78.71088845220525,
              43.03424898708761
            ],
            [
              -78.71090341341102,
              43.03424897041196
            ],
            [
              -78.71091837461678,
              43.03424895373437
            ],
            [
              -78.71093286828481,
              43.03424893757606
            ],
            [
              -78.71094783020305,
              43.034249264770125
            ],
            [
              -78.71096279140883,
              43.03424924808673
            ],
            [
              -78.71097728630406,
              43.034249231921464
            ],
            [
              -78.71099224750984,
              43.03424921523422
            ],
            [
              -78.7110072087156,
              43.034249198544984
            ],
            [
              -78.71102170238365,
              43.034249182375454
            ],
            [
              -78.71103666358938,
              43.03424916568239
            ],
            [
              -78.71105162479509,
              43.034249148987385
            ],
            [
              -78.71106611846311,
              43.034249132812214
            ],
            [
              -78.7110810803802,
              43.034249459088656
            ],
            [
              -78.7111385875148,
              43.03424939488417
            ],
            [
              -78.71119983708677,
              43.03425035539794
            ],
            [
              -78.71121433075498,
              43.034250339204014
            ],
            [
              -78.71122929267311,
              43.034250665461045
            ],
            [
              -78.71124425459139,
              43.03425099171617
            ],
            [
              -78.71125874825977,
              43.03425097551662
            ],
            [
              -78.71127371017823,
              43.03425130176785
            ],
            [
              -78.711344310508,
              43.03425225175076
            ],
            [
              -78.71140368922177,
              43.03425287127187
            ],
            [
              -78.71141818360374,
              43.03425319802743
            ],
            [
              -78.71143314481021,
              43.034253181282544
            ],
            [
              -78.71144810673012,
              43.034253507511
            ],
            [
              -78.71146260039895,
              43.034253491285625
            ],
            [
              -78.71147756231908,
              43.03425381751022
            ],
            [
              -78.71149252423935,
              43.03425414373285
            ],
            [
              -78.7115070179083,
              43.03425412750187
            ],
            [
              -78.7115219798288,
              43.03425445372067
            ],
            [
              -78.71153694103553,
              43.03425443696222
            ],
            [
              -78.71155143541854,
              43.03425476370088
            ],
            [
              -78.7115663966253,
              43.034254746938565
            ],
            [
              -78.71158135854625,
              43.0342550731496
            ],
            [
              -78.7115958534425,
              43.03425505690596
            ],
            [
              -78.7116108153637,
              43.03425538311315
            ],
            [
              -78.711625777285,
              43.03425570931838
            ],
            [
              -78.71169170153267,
              43.03425632135254
            ],
            [
              -78.71175949092621,
              43.034254530423134
            ],
            [
              -78.71177398316458,
              43.03425382820774
            ],
            [
              -78.71178894365563,
              43.03425346844106
            ],
            [
              -78.71180390414652,
              43.034253108672395
            ],
            [
              -78.71181839709955,
              43.0342527494267
            ],
            [
              -78.71183335759008,
              43.03425238965419
            ],
            [
              -78.71184831808043,
              43.034252029879745
            ],
            [
              -78.71186281031717,
              43.03425132765312
            ],
            [
              -78.7118777708071,
              43.03425096787483
            ],
            [
              -78.71189226375914,
              43.034250608619736
            ],
            [
              -78.7119072242487,
              43.0342502488376
            ],
            [
              -78.7119221847381,
              43.03424988905348
            ],
            [
              -78.71193667768962,
              43.034249529792795
            ],
            [
              -78.71195163746239,
              43.034248827029536
            ],
            [
              -78.71196659795116,
              43.034248467239635
            ],
            [
              -78.71198109090209,
              43.034248107973326
            ],
            [
              -78.71199605138861,
              43.034247747279366
            ],
            [
              -78.71201101187684,
              43.034247387483646
            ],
            [
              -78.71202550411057,
              43.03424668523644
            ],
            [
              -78.7120946960962,
              43.0342448925313
            ],
            [
              -78.71215407624423,
              43.03424619761367
            ],
            [
              -78.7121685706284,
              43.03424652427422
            ],
            [
              -78.71218353255033,
              43.034246850406504
            ],
            [
              -78.71219849447246,
              43.034247176536866
            ],
            [
              -78.7122129900842,
              43.03424750319038
            ],
            [
              -78.71222795200849,
              43.034247830217055
            ],
            [
              -78.71224291393106,
              43.03424815634158
            ],
            [
              -78.71225740831612,
              43.03424848299086
            ],
            [
              -78.71227237023899,
              43.034248809111546
            ],
            [
              -78.71228733216202,
              43.03424913523028
            ],
            [
              -78.71230182654753,
              43.034249461873905
            ],
            [
              -78.71231678847086,
              43.03424978798882
            ],
            [
              -78.71238411748706,
              43.03425142696921
            ],
            [
              -78.71245003957958,
              43.034251009640684
            ],
            [
              -78.71246500078492,
              43.03425099276092
            ],
            [
              -78.71247996127104,
              43.03425063290392
            ],
            [
              -78.71249445493861,
              43.03425061654788
            ],
            [
              -78.71255523411507,
              43.03425020496275
            ],
            [
              -78.71261461355746,
              43.03425116683088
            ],
            [
              -78.71262910794512,
              43.034251493433054
            ],
            [
              -78.71264406987056,
              43.03425181950517
            ],
            [
              -78.71265903107597,
              43.03425180260003
            ],
            [
              -78.712673525464,
              43.03425212919659
            ],
            [
              -78.71268848738981,
              43.03425245526286
            ],
            [
              -78.7127034493158,
              43.034252781327204
            ],
            [
              -78.71271794370426,
              43.03425310791814
            ],
            [
              -78.71273290490994,
              43.03425309100335
            ],
            [
              -78.71274786683628,
              43.034253417061876
            ],
            [
              -78.71276236122513,
              43.03425374364717
            ],
            [
              -78.7128198717503,
              43.03425470752236
            ],
            [
              -78.71287925047942,
              43.0342553262779
            ],
            [
              -78.71289374486933,
              43.034255652846554
            ],
            [
              -78.71290870607554,
              43.03425563590879
            ],
            [
              -78.71292366800338,
              43.034255961944325
            ],
            [
              -78.71293816167196,
              43.034255945532095
            ],
            [
              -78.71295312360003,
              43.03425627156377
            ],
            [
              -78.71296808480635,
              43.034256254618256
            ],
            [
              -78.71298257919695,
              43.03425658117565
            ],
            [
              -78.71299754040331,
              43.03425656422623
            ],
            [
              -78.71301250233184,
              43.034256890250184
            ],
            [
              -78.71302699600055,
              43.034256873826706
            ],
            [
              -78.7130419579293,
              43.03425719984676
            ],
            [
              -78.71305691913578,
              43.034257182889604
            ],
            [
              -78.71307141352705,
              43.03425750943579
            ],
            [
              -78.71308637473359,
              43.03425749247478
            ],
            [
              -78.71310133666277,
              43.03425781848707
            ],
            [
              -78.71311629859213,
              43.03425814449745
            ],
            [
              -78.71313079226107,
              43.03425812806081
            ],
            [
              -78.71314575419062,
              43.034258454067306
            ],
            [
              -78.71316071539736,
              43.0342584370966
            ],
            [
              -78.71317520978944,
              43.034258763629616
            ],
            [
              -78.71319017099623,
              43.03425874665504
            ],
            [
              -78.71320513292625,
              43.03425907265377
            ],
            [
              -78.71321962659538,
              43.034259056205904
            ],
            [
              -78.7132345885256,
              43.03425938220077
            ],
            [
              -78.7132495497325,
              43.034259365218425
            ],
            [
              -78.71326404412522,
              43.034259691740225
            ],
            [
              -78.7132790053322,
              43.03425967475402
            ],
            [
              -78.71329396726287,
              43.03426000074115
            ],
            [
              -78.71330846093217,
              43.03425998428202
            ],
            [
              -78.71332342286307,
              43.03426031026531
            ],
            [
              -78.71333838407014,
              43.03426029327136
            ],
            [
              -78.71335287846354,
              43.03426061978186
            ],
            [
              -78.71336784039481,
              43.03426094575935
            ],
            [
              -78.71338280160202,
              43.034260928759586
            ],
            [
              -78.71339729599578,
              43.034261255264475
            ],
            [
              -78.71341225720306,
              43.03426123826087
            ],
            [
              -78.71342721913474,
              43.03426156423057
            ],
            [
              -78.71344171403148,
              43.03426154775318
            ],
            [
              -78.71345667596343,
              43.03426187371902
            ],
            [
              -78.7134716371708,
              43.03426185670765
            ],
            [
              -78.71348613156523,
              43.034262183201285
            ],
            [
              -78.71350109277269,
              43.03426216618607
            ],
            [
              -78.71351605470505,
              43.03426249214416
            ],
            [
              -78.7135305483748,
              43.03426247565691
            ],
            [
              -78.71354551030741,
              43.03426280161113
            ],
            [
              -78.71356047151497,
              43.034262784588165
            ],
            [
              -78.71357496591006,
              43.03426311107057
            ],
            [
              -78.71358992711767,
              43.03426309404373
            ],
            [
              -78.71360488905071,
              43.034263419990204
            ],
            [
              -78.71361938272065,
              43.03426340349167
            ],
            [
              -78.71363434465393,
              43.03426372943431
            ],
            [
              -78.71364930658734,
              43.034264055374976
            ],
            [
              -78.71366380025738,
              43.034264038870866
            ],
            [
              -78.71367876219104,
              43.034264364807676
            ],
            [
              -78.71369372339888,
              43.03426434776729
            ],
            [
              -78.71370868533276,
              43.034264673700164
            ],
            [
              -78.71372317900291,
              43.03426465718854
            ],
            [
              -78.71373814093702,
              43.034264983117595
            ],
            [
              -78.71375310214499,
              43.03426496606943
            ],
            [
              -78.71376759654154,
              43.03426529252742
            ],
            [
              -78.71378255774957,
              43.034265275475384
            ],
            [
              -78.7137975196841,
              43.03426560139666
            ],
            [
              -78.71381201335443,
              43.03426558487378
            ],
            [
              -78.7138269752892,
              43.03426591079123
            ],
            [
              -78.71384193649735,
              43.03426589373145
            ],
            [
              -78.71385643089454,
              43.03426622017818
            ],
            [
              -78.71387139210275,
              43.034266203114555
            ],
            [
              -78.71388635403797,
              43.034266529024244
            ],
            [
              -78.71390084843556,
              43.03426685546535
            ],
            [
              -78.7139158096439,
              43.03426683839591
            ],
            [
              -78.71393077157947,
              43.03426716429978
            ],
            [
              -78.71394526525008,
              43.034267147760005
            ],
            [
              -78.71396022718588,
              43.03426747366002
            ],
            [
              -78.71397518839433,
              43.034267456582825
            ],
            [
              -78.7139896827926,
              43.0342677830127
            ],
            [
              -78.71400464400107,
              43.03426776593165
            ],
            [
              -78.71401960593734,
              43.03426809182389
            ],
            [
              -78.71403409960811,
              43.03426807527287
            ],
            [
              -78.71404906277172,
              43.03426840115986
            ],
            [
              -78.71406402398031,
              43.03426838407105
            ],
            [
              -78.71407851837925,
              43.03426871048967
            ],
            [
              -78.71409347958793,
              43.034268693397
            ],
            [
              -78.71410844152483,
              43.03426901927765
            ],
            [
              -78.71412293519579,
              43.03426900271537
            ],
            [
              -78.71413789713293,
              43.03426932859218
            ],
            [
              -78.71415285834172,
              43.034269311491755
            ],
            [
              -78.71416735274128,
              43.0342696378991
            ],
            [
              -78.7141823146788,
              43.0342699637701
            ],
            [
              -78.7141972758877,
              43.03426994666387
            ],
            [
              -78.71421177028768,
              43.034270273065594
            ],
            [
              -78.71422673149662,
              43.03427025595551
            ],
            [
              -78.7142416934346,
              43.03427058181874
            ],
            [
              -78.71425665464362,
              43.03427056470475
            ],
            [
              -78.71427114904401,
              43.03427089109895
            ],
            [
              -78.7142861102531,
              43.03427087398111
            ],
            [
              -78.71430107219152,
              43.03427119983655
            ],
            [
              -78.71431556586286,
              43.03427118324988
            ],
            [
              -78.71433052780147,
              43.03427150910151
            ],
            [
              -78.71434548901068,
              43.03427149197588
            ],
            [
              -78.71435998341173,
              43.03427181835886
            ],
            [
              -78.714374944621,
              43.03427180122939
            ],
            [
              -78.71438990656006,
              43.034272127073244
            ],
            [
              -78.71440440023159,
              43.03427211047533
            ],
            [
              -78.71441936217087,
              43.034272436315305
            ],
            [
              -78.71443432411031,
              43.03427276215334
            ],
            [
              -78.71444881778197,
              43.0342727455498
            ],
            [
              -78.71446377972163,
              43.034273071383986
            ],
            [
              -78.71447874093116,
              43.03427305424096
            ],
            [
              -78.71449323533322,
              43.034273380607054
            ],
            [
              -78.71450819654277,
              43.03427336346019
            ],
            [
              -78.71452315848288,
              43.034273689286586
            ],
            [
              -78.7145376521547,
              43.03427367267179
            ],
            [
              -78.71455261409504,
              43.034273998494356
            ],
            [
              -78.71456757530468,
              43.034273981339716
            ],
            [
              -78.71458206970745,
              43.03427430769456
            ],
            [
              -78.71464425369777,
              43.03427492231726
            ],
            [
              -78.71470083065734,
              43.034276572270535
            ],
            [
              -78.7147157925992,
              43.034276898071774
            ],
            [
              -78.71473028700338,
              43.03427722440784
            ],
            [
              -78.71474524894553,
              43.03427755020522
            ],
            [
              -78.71475974335,
              43.03427787653758
            ],
            [
              -78.71477470602444,
              43.03427854530634
            ],
            [
              -78.71478966796714,
              43.0342788710979
            ],
            [
              -78.71483642467983,
              43.03428018928733
            ],
            [
              -78.71485138589082,
              43.034280172095585
            ],
            [
              -78.71916637557234,
              43.03430908680291
            ]
          ]
        ]
      }
    },
    {
      "type": "Feature",
      "properties": {
        "name": "North Bailey Fire Protection District"
      },
      "geometry": {
        "type": "Polygon",
        "coordinates": [
          [
            [
              -78.79878164966621,
              43.004289547821884
            ],
            [
              -78.7990727971208,
              43.00429311513862
            ],
            [
              -78.7991849523119,
              43.00429324665893
            ],
            [
              -78.79924103293563,
              43.00429382683885
            ],
            [
              -78.79929711233379,
              43.00429440699358
            ],
            [
              -78.79980181130486,
              43.00429516846814
            ],
            [
              -78.7998578907304,
              43.00429540537028
            ],
            [
              -78.79991303431314,
              43.004295644015784
            ],
            [
              -78.79997004592424,
              43.00429553612126
            ],
            [
              -78.80025042847879,
              43.004294319128206
            ],
            [
              -78.80030650547086,
              43.00429421283738
            ],
            [
              -78.80036258366992,
              43.00429444949459
            ],
            [
              -78.8006429746877,
              43.00429528939055
            ],
            [
              -78.80069905288839,
              43.004295525882874
            ],
            [
              -78.80075512987986,
              43.00429541937225
            ],
            [
              -78.80092429425855,
              43.00429475492325
            ],
            [
              -78.80097943784276,
              43.00429499305498
            ],
            [
              -78.80120374823927,
              43.004294909271266
            ],
            [
              -78.80125982644064,
              43.00429514548883
            ],
            [
              -78.80137198163136,
              43.00429527486609
            ],
            [
              -78.80142805862012,
              43.00429516802576
            ],
            [
              -78.80165236778653,
              43.00429508336519
            ],
            [
              -78.8017084472154,
              43.004295319360594
            ],
            [
              -78.80266177060942,
              43.00429726926372
            ],
            [
              -78.80299829484498,
              43.00431377278733
            ],
            [
              -78.80305438895662,
              43.00431846680616
            ],
            [
              -78.80311048796713,
              43.004324532699215
            ],
            [
              -78.80316658698858,
              43.00433059856471
            ],
            [
              -78.80322269091388,
              43.00433803630438
            ],
            [
              -78.80327879485262,
              43.00434547401648
            ],
            [
              -78.80333490125251,
              43.00435359765192
            ],
            [
              -78.8033910113396,
              43.004362750186075
            ],
            [
              -78.80344712389423,
              43.00437224566573
            ],
            [
              -78.80350323768911,
              43.004382427070944
            ],
            [
              -78.80389609612132,
              43.004470502828205
            ],
            [
              -78.80395221867003,
              43.00448308484059
            ],
            [
              -78.80400834001394,
              43.00449532385001
            ],
            [
              -78.80406445892415,
              43.00450687688102
            ],
            [
              -78.8041205778553,
              43.004518429884435
            ],
            [
              -78.8041766943483,
              43.00452895393173
            ],
            [
              -78.80423280594718,
              43.004538449027656
            ],
            [
              -78.804345027967,
              43.00455709616146
            ],
            [
              -78.80440113346812,
              43.00456487629781
            ],
            [
              -78.80445723898326,
              43.00457265640659
            ],
            [
              -78.80451334205162,
              43.00457975053708
            ],
            [
              -78.80456944390207,
              43.00458650166465
            ],
            [
              -78.80462554207152,
              43.004592223838586
            ],
            [
              -78.80468163778853,
              43.00459726003424
            ],
            [
              -78.80473772981958,
              43.004601267276264
            ],
            [
              -78.80479382185237,
              43.00460493151301
            ],
            [
              -78.80484990896828,
              43.00460756679852
            ],
            [
              -78.80490599608888,
              43.00461020205656
            ],
            [
              -78.80496208198123,
              43.00461249431172
            ],
            [
              -78.80501816417792,
              43.00461375761331
            ],
            [
              -78.80507424390973,
              43.00461433493667
            ],
            [
              -78.80513032240859,
              43.00461456925718
            ],
            [
              -78.80518639843943,
              43.0046141175995
            ],
            [
              -78.80524247570384,
              43.00461400888973
            ],
            [
              -78.80535463270189,
              43.00461447733844
            ],
            [
              -78.8054106988383,
              43.0046109387903
            ],
            [
              -78.80563501282568,
              43.004611875248145
            ],
            [
              -78.80569109008631,
              43.004611766318575
            ],
            [
              -78.80602755487016,
              43.004611112161776
            ],
            [
              -78.8060836321286,
              43.004611003039855
            ],
            [
              -78.80613970938676,
              43.00461089389049
            ],
            [
              -78.80619578664458,
              43.00461078471365
            ],
            [
              -78.80670047199413,
              43.00460671410537
            ],
            [
              -78.80675654800311,
              43.004606261678475
            ],
            [
              -78.80681262401114,
              43.0046058092241
            ],
            [
              -78.80726122953111,
              43.00460115967178
            ],
            [
              -78.8073173067758,
              43.00460104994547
            ],
            [
              -78.80737338277385,
              43.0046005972164
            ],
            [
              -78.80742946001759,
              43.00460048743515
            ],
            [
              -78.80782199944385,
              43.00459903224413
            ],
            [
              -78.80787807668443,
              43.00459892224307
            ],
            [
              -78.80799022866516,
              43.00459801620797
            ],
            [
              -78.8080463046541,
              43.00459756314923
            ],
            [
              -78.80827061110317,
              43.00459643659006
            ],
            [
              -78.80832668708803,
              43.00459598339394
            ],
            [
              -78.80843884278603,
              43.00459576286743
            ],
            [
              -78.80866314921809,
              43.00459463553906
            ],
            [
              -78.80894353161653,
              43.00459305427277
            ],
            [
              -78.808999607592,
              43.00459260074698
            ],
            [
              -78.80911176076663,
              43.00459169361058
            ],
            [
              -78.8092799911956,
              43.00459101865408
            ],
            [
              -78.80944822161982,
              43.00459034345035
            ],
            [
              -78.80995291787274,
              43.004589345278895
            ],
            [
              -78.8100089938353,
              43.0045888912586
            ],
            [
              -78.81034545586888,
              43.00458753845848
            ],
            [
              -78.8104015318261,
              43.00458708424588
            ],
            [
              -78.81051368247388,
              43.00458583276305
            ],
            [
              -78.81056975969209,
              43.00458572144327
            ],
            [
              -78.81059592906045,
              43.00458566948465
            ],
            [
              -78.81231084336305,
              43.00241154047255
            ],
            [
              -78.81315945392772,
              43.00115728160161
            ],
            [
              -78.81574218414919,
              43.001164413620344
            ],
            [
              -78.81577213809935,
              43.001176699999746
            ],
            [
              -78.81580208436962,
              43.00118727149717
            ],
            [
              -78.8158282923757,
              43.00119785058031
            ],
            [
              -78.81588443892932,
              43.001216943281285
            ],
            [
              -78.81592326623512,
              43.00122818355839
            ],
            [
              -78.81594058293334,
              43.001235350904174
            ],
            [
              -78.8159967204966,
              43.00125204272263
            ],
            [
              -78.81605285420675,
              43.00126770558754
            ],
            [
              -78.81607248534762,
              43.001269037582574
            ],
            [
              -78.8161089814714,
              43.00128165354831
            ],
            [
              -78.81616510358097,
              43.00129422958025
            ],
            [
              -78.8162212231225,
              43.001306119634016
            ],
            [
              -78.8162773387984,
              43.00131698073428
            ],
            [
              -78.81633344930985,
              43.00132646990579
            ],
            [
              -78.81638955847222,
              43.001335273096686
            ],
            [
              -78.81644566123741,
              43.00134270436134
            ],
            [
              -78.81650175882812,
              43.00134876369732
            ],
            [
              -78.81655785124062,
              43.00135345110463
            ],
            [
              -78.81661393847115,
              43.00135676658326
            ],
            [
              -78.8166700231118,
              43.00135939608384
            ],
            [
              -78.81672610775708,
              43.00136202555694
            ],
            [
              -78.81678218851147,
              43.00136362607669
            ],
            [
              -78.81683826537211,
              43.00136419764312
            ],
            [
              -78.81689434223365,
              43.001364769182096
            ],
            [
              -78.81695041909613,
              43.00136534069353
            ],
            [
              -78.81700649588625,
              43.00136556919978
            ],
            [
              -78.81706257015006,
              43.00136545470576
            ],
            [
              -78.81711864571396,
              43.00136568315955
            ],
            [
              -78.81717472127816,
              43.00136591158585
            ],
            [
              -78.81728686980475,
              43.00136568240553
            ],
            [
              -78.81734294406756,
              43.00136556777415
            ],
            [
              -78.81745509259218,
              43.001365338428975
            ],
            [
              -78.81751116815661,
              43.00136556669042
            ],
            [
              -78.8175672424184,
              43.00136545194916
            ],
            [
              -78.8177915406888,
              43.001364992706904
            ],
            [
              -78.81784761494897,
              43.00136487782828
            ],
            [
              -78.81801583903284,
              43.00136487600285
            ],
            [
              -78.8180719145977,
              43.0013651039896
            ],
            [
              -78.81824014121386,
              43.00136544480722
            ],
            [
              -78.81829621677957,
              43.001365672684074
            ],
            [
              -78.81846443693905,
              43.0013646412736
            ],
            [
              -78.81852051250439,
              43.00136486904056
            ],
            [
              -78.81885696581895,
              43.001365892087605
            ],
            [
              -78.81891304007563,
              43.00136577668703
            ],
            [
              -78.81896911564269,
              43.001366004234214
            ],
            [
              -78.81902518989904,
              43.00136588877869
            ],
            [
              -78.81906070359454,
              43.00136581564265
            ],
            [
              -78.81908126415505,
              43.00136577329568
            ],
            [
              -78.81930556248831,
              43.0013656540642
            ],
            [
              -78.81936163674297,
              43.00136553844385
            ],
            [
              -78.81941770968413,
              43.00136507982081
            ],
            [
              -78.81986630098375,
              43.00136312472112
            ],
            [
              -78.81992237523386,
              43.00136300882604
            ],
            [
              -78.82003452504966,
              43.001363119928726
            ],
            [
              -78.82009060052555,
              43.001363003948704
            ],
            [
              -78.82037097572308,
              43.00136345257486
            ],
            [
              -78.8204270499714,
              43.001363336432554
            ],
            [
              -78.82048312421944,
              43.001363220262775
            ],
            [
              -78.82065135092162,
              43.001363900514185
            ],
            [
              -78.82070742771609,
              43.00136412720715
            ],
            [
              -78.82076350592571,
              43.00136503982556
            ],
            [
              -78.82104437618246,
              43.00137268831148
            ],
            [
              -78.82110000034413,
              43.00137703148722
            ],
            [
              -78.82115609047617,
              43.00138103068978
            ],
            [
              -78.82121217796902,
              43.00138434391453
            ],
            [
              -78.8213804403854,
              43.00139394044596
            ],
            [
              -78.82143652127947,
              43.00139553868485
            ],
            [
              -78.82149259952685,
              43.001396450945926
            ],
            [
              -78.82154867512568,
              43.00139667722924
            ],
            [
              -78.82160475205016,
              43.00139724646019
            ],
            [
              -78.82177298680799,
              43.00139998291372
            ],
            [
              -78.82182906241044,
              43.00140020905965
            ],
            [
              -78.8218851473016,
              43.00140283600413
            ],
            [
              -78.82194122678776,
              43.00140374804284
            ],
            [
              -78.82199729973883,
              43.001403288156006
            ],
            [
              -78.82230847874547,
              43.001394064418406
            ],
            [
              -78.8224066033955,
              43.00139248758954
            ],
            [
              -78.82240686721914,
              43.00134001141696
            ],
            [
              -78.8224092094804,
              43.00122099318503
            ],
            [
              -78.82242517769605,
              43.00039815392286
            ],
            [
              -78.8224232892968,
              42.99991112821989
            ],
            [
              -78.82243329682012,
              42.99947929708895
            ],
            [
              -78.82248786089956,
              42.99704197527841
            ],
            [
              -78.82249859758353,
              42.99559321013615
            ],
            [
              -78.82251291682559,
              42.99434576542834
            ],
            [
              -78.82251503256249,
              42.994168441202696
            ],
            [
              -78.82252213024825,
              42.99370952041907
            ],
            [
              -78.8225367619759,
              42.99278378932411
            ],
            [
              -78.82253832625351,
              42.99270524399316
            ],
            [
              -78.82256389487665,
              42.99134699307765
            ],
            [
              -78.8225725172994,
              42.990919965882405
            ],
            [
              -78.82247534771592,
              42.99092256979119
            ],
            [
              -78.82139603659648,
              42.99090869973008
            ],
            [
              -78.8209475002689,
              42.990905173033546
            ],
            [
              -78.82044288738236,
              42.99089867395188
            ],
            [
              -78.82016255317282,
              42.9908965105083
            ],
            [
              -78.81982615828092,
              42.990895834136836
            ],
            [
              -78.8193776089846,
              42.99088887152952
            ],
            [
              -78.81892907803794,
              42.9908863658478
            ],
            [
              -78.81864874400324,
              42.99088454167473
            ],
            [
              -78.8183684059809,
              42.99088134490907
            ],
            [
              -78.81786382611278,
              42.99088340885306
            ],
            [
              -78.81713587227182,
              42.99087289388337
            ],
            [
              -78.81674245240593,
              42.99086546444615
            ],
            [
              -78.81629392176053,
              42.990863291415884
            ],
            [
              -78.81545293293927,
              42.99086054127616
            ],
            [
              -78.81464748011841,
              42.99086525867561
            ],
            [
              -78.8136027523683,
              42.990853303101304
            ],
            [
              -78.81354668636784,
              42.99085307290235
            ],
            [
              -78.81304207582394,
              42.9908468841663
            ],
            [
              -78.81264961902342,
              42.99084698515683
            ],
            [
              -78.81195536111927,
              42.99085146078227
            ],
            [
              -78.81124794909061,
              42.990836408611756
            ],
            [
              -78.81074334645733,
              42.990832267597
            ],
            [
              -78.81063121197667,
              42.99083111841812
            ],
            [
              -78.81035087200439,
              42.99082721606207
            ],
            [
              -78.81003642732948,
              42.990824066530664
            ],
            [
              -78.80917342394122,
              42.99080587981689
            ],
            [
              -78.80838845564455,
              42.99079061999411
            ],
            [
              -78.8077716992017,
              42.990779826773114
            ],
            [
              -78.80704233648365,
              42.99076684952066
            ],
            [
              -78.80665032741905,
              42.99076109842973
            ],
            [
              -78.80636998426952,
              42.9907565003723
            ],
            [
              -78.80586536644216,
              42.99074787916023
            ],
            [
              -78.8057532284757,
              42.99074569627339
            ],
            [
              -78.80536074380018,
              42.99073754083982
            ],
            [
              -78.8042262511409,
              42.990707495904374
            ],
            [
              -78.80390295740246,
              42.990711892128886
            ],
            [
              -78.80317406585,
              42.99069957527545
            ],
            [
              -78.80283765980701,
              42.99069541921001
            ],
            [
              -78.80261339767416,
              42.990694820131786
            ],
            [
              -78.80233307457804,
              42.990695356827096
            ],
            [
              -78.8022770111753,
              42.99069580706003
            ],
            [
              -78.80216488435754,
              42.99069705042215
            ],
            [
              -78.80194063802166,
              42.99070090871726
            ],
            [
              -78.80188457825585,
              42.99070238768684
            ],
            [
              -78.80177246114499,
              42.99070603149618
            ],
            [
              -78.80093165009974,
              42.99075324919603
            ],
            [
              -78.79986665110638,
              42.99082112079162
            ],
            [
              -78.79957803067441,
              42.990854249402226
            ],
            [
              -78.79885776723988,
              42.990904310864636
            ],
            [
              -78.79863357139793,
              42.99092291156515
            ],
            [
              -78.79829680475656,
              42.99094961090524
            ],
            [
              -78.79784887107765,
              42.990984749139166
            ],
            [
              -78.79768071809205,
              42.99099706841153
            ],
            [
              -78.79737804849711,
              42.99102095736138
            ],
            [
              -78.79882418675231,
              42.99212469447352
            ],
            [
              -78.80214528640545,
              42.994655067593946
            ],
            [
              -78.80198974787463,
              42.995328632207475
            ],
            [
              -78.80199871542706,
              42.99535399547125
            ],
            [
              -78.80200951181807,
              42.995368036955824
            ],
            [
              -78.80201937373265,
              42.99538208022474
            ],
            [
              -78.80202830238638,
              42.99539646825431
            ],
            [
              -78.80203676502282,
              42.99541120105208
            ],
            [
              -78.80204382715338,
              42.99542627860344
            ],
            [
              -78.80205042204632,
              42.99544135704718
            ],
            [
              -78.80205561643511,
              42.99545678114506
            ],
            [
              -78.80206034480155,
              42.99547254911151
            ],
            [
              -78.80206367022957,
              42.99548797678047
            ],
            [
              -78.80206606360893,
              42.99550409218706
            ],
            [
              -78.8020679885314,
              42.99551986551051
            ],
            [
              -78.80206851172932,
              42.99553564151264
            ],
            [
              -78.80205925782722,
              42.99582478989943
            ],
            [
              -78.80205800206565,
              42.995865950593526
            ],
            [
              -78.80205674629933,
              42.99590711038714
            ],
            [
              -78.8020440425896,
              42.99627755119418
            ],
            [
              -78.80203618657892,
              42.996565668835956
            ],
            [
              -78.80203414224115,
              42.99664798751961
            ],
            [
              -78.80202894370534,
              42.99689494267792
            ],
            [
              -78.80202736660155,
              42.99697726046397
            ],
            [
              -78.80202432893888,
              42.99730652624697
            ],
            [
              -78.80202400763582,
              42.997347684244374
            ],
            [
              -78.80201956817086,
              42.997676952684294
            ],
            [
              -78.80201877960532,
              42.99771811157179
            ],
            [
              -78.8020116824732,
              42.99808854154579
            ],
            [
              -78.8020100170696,
              42.99854127676821
            ],
            [
              -78.80200464293587,
              42.99887054692449
            ],
            [
              -78.80200470061563,
              42.99928212142361
            ],
            [
              -78.80200604359243,
              42.99952906396927
            ],
            [
              -78.80200618954406,
              42.999570221057944
            ],
            [
              -78.80200446640512,
              42.999611381717216
            ],
            [
              -78.80199853780667,
              42.99965255041059
            ],
            [
              -78.80198933828694,
              42.99969372535206
            ],
            [
              -78.80198706151224,
              42.99971053562614
            ],
            [
              -78.80198338048322,
              42.999726662626614
            ],
            [
              -78.8019778303574,
              42.99974279319741
            ],
            [
              -78.80197087597502,
              42.999758240494224
            ],
            [
              -78.80196205127729,
              42.99977334838509
            ],
            [
              -78.80195182353708,
              42.99978811597712
            ],
            [
              -78.80194019153767,
              42.999802200294106
            ],
            [
              -78.80192715527842,
              42.999815601335705
            ],
            [
              -78.80191271354313,
              42.999827976125694
            ],
            [
              -78.8018968675473,
              42.99983966763931
            ],
            [
              -78.80188008456524,
              42.99985067498374
            ],
            [
              -78.80186189610689,
              42.999860656074944
            ],
            [
              -78.80184323672182,
              42.999869609128154
            ],
            [
              -78.80182363792075,
              42.99987719205943
            ],
            [
              -78.80180496880384,
              42.99988340130063
            ],
            [
              -78.80174894685233,
              42.99989791329729
            ],
            [
              -78.80169290908853,
              42.9999079674823
            ],
            [
              -78.8016368591487,
              42.99991493396055
            ],
            [
              -78.80158080313907,
              42.99991984255465
            ],
            [
              -78.80152473983878,
              42.99992269326695
            ],
            [
              -78.80146867410662,
              42.999924858000355
            ],
            [
              -78.80141260473147,
              42.99992599377911
            ],
            [
              -78.80135653656681,
              42.99992747250613
            ],
            [
              -78.80130046597463,
              42.99992826525423
            ],
            [
              -78.80113226024591,
              42.999932358212426
            ],
            [
              -78.8010761920682,
              42.99993383680214
            ],
            [
              -78.80062763444158,
              42.99994257775198
            ],
            [
              -78.80057156624147,
              42.99994405609451
            ],
            [
              -78.80017909236024,
              42.999955775628976
            ],
            [
              -78.8001230241365,
              42.999957253751866
            ],
            [
              -78.80001088888574,
              42.99996055289103
            ],
            [
              -78.79995482065326,
              42.99996203093154
            ],
            [
              -78.79989875241797,
              42.99996350894459
            ],
            [
              -78.79973054406166,
              42.99996725686979
            ],
            [
              -78.7996744746125,
              42.99996839179724
            ],
            [
              -78.79939412252705,
              42.99997269411944
            ],
            [
              -78.79933805546898,
              42.99997451483365
            ],
            [
              -78.799225924945,
              42.99997918510703
            ],
            [
              -78.79916985544877,
              42.99998066276539
            ],
            [
              -78.7991137871762,
              42.999982140394
            ],
            [
              -78.79905771650105,
              42.99998293204359
            ],
            [
              -78.7987774002501,
              42.99999752212889
            ],
            [
              -78.79870684760128,
              42.9999993697994
            ],
            [
              -78.79870797861481,
              43.00005561606959
            ],
            [
              -78.79870473146968,
              43.00033000460309
            ],
            [
              -78.79870388898813,
              43.000623939245
            ],
            [
              -78.79870677638021,
              43.000915466007434
            ],
            [
              -78.79870920130907,
              43.001208364636796
            ],
            [
              -78.79871778837587,
              43.00179381364014
            ],
            [
              -78.79872208257474,
              43.00208670870657
            ],
            [
              -78.79873104856304,
              43.002379252888225
            ],
            [
              -78.79873883682156,
              43.00273593613394
            ],
            [
              -78.79873169676475,
              43.002966087721674
            ],
            [
              -78.79874099725774,
              43.00335432204592
            ],
            [
              -78.79875010494679,
              43.00368733727721
            ],
            [
              -78.7987742517328,
              43.004178436944464
            ],
            [
              -78.79878164966621,
              43.004289547821884
            ]
          ]
        ]
      }
    },
    {
      "type": "Feature",
      "properties": {
        "name": "Snyder Fire District"
      },
      "geometry": {
        "type": "Polygon",
        "coordinates": [
          [
            [
              -78.75542432738973,
              42.95685851194357
            ],
            [
              -78.75542374233736,
              42.956983700775886
            ],
            [
              -78.75542379012501,
              42.95700084973845
            ],
            [
              -78.75542367584656,
              42.95712740978261
            ],
            [
              -78.7554184164948,
              42.95959688345277
            ],
            [
              -78.75542206953683,
              42.959734756132974
            ],
            [
              -78.7554195524386,
              42.96017206096786
            ],
            [
              -78.75539035969584,
              42.96125901174365
            ],
            [
              -78.75539447171217,
              42.96206432536028
            ],
            [
              -78.75540873436559,
              42.96316047182126
            ],
            [
              -78.75541117302446,
              42.96336522740115
            ],
            [
              -78.75541284785426,
              42.96363103551391
            ],
            [
              -78.75542454539332,
              42.96548208584994
            ],
            [
              -78.75542647256859,
              42.96574998197267
            ],
            [
              -78.75543705674075,
              42.96678710916808
            ],
            [
              -78.75543846409239,
              42.9669568821988
            ],
            [
              -78.75471502502879,
              42.9669531659168
            ],
            [
              -78.75459266401364,
              42.966953349053725
            ],
            [
              -78.75448804906416,
              42.966953162546424
            ],
            [
              -78.752422814007,
              42.96694251274431
            ],
            [
              -78.75233083884326,
              42.96695328095623
            ],
            [
              -78.75234961193918,
              42.96698686528717
            ],
            [
              -78.75237214193521,
              42.967027989628825
            ],
            [
              -78.75241907012965,
              42.967110235538286
            ],
            [
              -78.75242657827661,
              42.967123257690396
            ],
            [
              -78.75244206724801,
              42.96715136007547
            ],
            [
              -78.75246553142323,
              42.96719248301738
            ],
            [
              -78.7524828932415,
              42.96722229662942
            ],
            [
              -78.7525124610935,
              42.967274728883915
            ],
            [
              -78.75253920867078,
              42.96732099165802
            ],
            [
              -78.7525593896633,
              42.967356974731636
            ],
            [
              -78.75258285399518,
              42.96739809764777
            ],
            [
              -78.75259552399511,
              42.967420029637395
            ],
            [
              -78.7526063183584,
              42.96743922055873
            ],
            [
              -78.75269970909537,
              42.96760371374224
            ],
            [
              -78.7527081561306,
              42.967618449385796
            ],
            [
              -78.75272317361495,
              42.9676448366275
            ],
            [
              -78.7527461711335,
              42.96768596019883
            ],
            [
              -78.75276963571545,
              42.96772708307386
            ],
            [
              -78.7528165649733,
              42.96780932880845
            ],
            [
              -78.75284002964924,
              42.967850451668006
            ],
            [
              -78.7528634943565,
              42.96789157452241
            ],
            [
              -78.75287710427787,
              42.96791556296706
            ],
            [
              -78.75288695909511,
              42.96793269737163
            ],
            [
              -78.75298035132985,
              42.968097190309386
            ],
            [
              -78.75298973822666,
              42.96811398241805
            ],
            [
              -78.75300381811016,
              42.96813899909017
            ],
            [
              -78.75302728115109,
              42.9681794359513
            ],
            [
              -78.75305121314513,
              42.96822055807202
            ],
            [
              -78.75309861019203,
              42.96830280299011
            ],
            [
              -78.75312254228162,
              42.96834392509489
            ],
            [
              -78.75314647562897,
              42.968385047192484
            ],
            [
              -78.75315868088191,
              42.96840766576536
            ],
            [
              -78.75317040778248,
              42.96842616928657
            ],
            [
              -78.75324173739828,
              42.96854953713007
            ],
            [
              -78.75326659998106,
              42.96858928590174
            ],
            [
              -78.75327831467372,
              42.96860333068948
            ],
            [
              -78.75329142860133,
              42.96861668743843
            ],
            [
              -78.75330500862975,
              42.96862970051375
            ],
            [
              -78.7533199888382,
              42.96864236852808
            ],
            [
              -78.75333543325888,
              42.968654006911024
            ],
            [
              -78.75335181082028,
              42.968665300925885
            ],
            [
              -78.75336958572827,
              42.96867522094268
            ],
            [
              -78.75338829283213,
              42.96868445361181
            ],
            [
              -78.75340839633674,
              42.96869196930313
            ],
            [
              -78.75342896405108,
              42.96869845536114
            ],
            [
              -78.75344999597428,
              42.9687039117856
            ],
            [
              -78.75347195725485,
              42.96870765192487
            ],
            [
              -78.75349391570181,
              42.96871036312418
            ],
            [
              -78.75351633646306,
              42.968711358732
            ],
            [
              -78.75353875344236,
              42.96871098242111
            ],
            [
              -78.75356116758395,
              42.968709577170074
            ],
            [
              -78.75358310995487,
              42.96870645771643
            ],
            [
              -78.75360785267168,
              42.96870264813292
            ],
            [
              -78.75379411952649,
              42.96867218865905
            ],
            [
              -78.75383193080431,
              42.96866527274491
            ],
            [
              -78.7538879490408,
              42.968655585851295
            ],
            [
              -78.75399998356431,
              42.96863552602468
            ],
            [
              -78.75402519042109,
              42.96863068671891
            ],
            [
              -78.75405600079866,
              42.96862549607026
            ],
            [
              -78.75422405144248,
              42.968595063064065
            ],
            [
              -78.75425579396442,
              42.96858918500996
            ],
            [
              -78.75428006860335,
              42.96858503300007
            ],
            [
              -78.75433608574595,
              42.96857500290865
            ],
            [
              -78.75444812120212,
              42.96855494264183
            ],
            [
              -78.75470393092883,
              42.968508600626116
            ],
            [
              -78.75495136123176,
              42.96847221612178
            ],
            [
              -78.75505218070658,
              42.96844977121897
            ],
            [
              -78.7551749515735,
              42.968427979234896
            ],
            [
              -78.75532713999806,
              42.968404085040525
            ],
            [
              -78.75545645972154,
              42.96838605569404
            ],
            [
              -78.7555124879702,
              42.96838014076999
            ],
            [
              -78.75562454757535,
              42.968368996795
            ],
            [
              -78.75604854657323,
              42.968342977295144
            ],
            [
              -78.75606649559167,
              42.968915727691
            ],
            [
              -78.7560890559104,
              42.96946720721108
            ],
            [
              -78.7560896208628,
              42.96950219031197
            ],
            [
              -78.75609014934071,
              42.9695241402302
            ],
            [
              -78.75609067781902,
              42.96954609014834
            ],
            [
              -78.75609120629774,
              42.96956804006639
            ],
            [
              -78.75609126773014,
              42.969589990689265
            ],
            [
              -78.75609179620949,
              42.96961194060714
            ],
            [
              -78.75609232468925,
              42.96963389052492
            ],
            [
              -78.75609285316939,
              42.96965584044262
            ],
            [
              -78.75609391013087,
              42.9696997402778
            ],
            [
              -78.75609397156452,
              42.96972169090014
            ],
            [
              -78.75609450004612,
              42.969743640817505
            ],
            [
              -78.7560950285281,
              42.96976559073476
            ],
            [
              -78.7560955570105,
              42.96978754065195
            ],
            [
              -78.75609608549328,
              42.96980949056905
            ],
            [
              -78.75609614693047,
              42.96983144209118
            ],
            [
              -78.75609667541389,
              42.969853392008105
            ],
            [
              -78.75609720389771,
              42.96987534192491
            ],
            [
              -78.75609773238195,
              42.96989729184169
            ],
            [
              -78.75609826086657,
              42.96991924175833
            ],
            [
              -78.75609832230225,
              42.96994119237984
            ],
            [
              -78.7560988507875,
              42.96996314229632
            ],
            [
              -78.75609937927318,
              42.969985092212745
            ],
            [
              -78.75609990775924,
              42.970007042129026
            ],
            [
              -78.75610043624572,
              42.97002899204528
            ],
            [
              -78.75610049768241,
              42.97005094266633
            ],
            [
              -78.7561010261695,
              42.97007289258239
            ],
            [
              -78.75610155465701,
              42.97009484249835
            ],
            [
              -78.75610161609424,
              42.970116793119175
            ],
            [
              -78.75610167753155,
              42.9701387437399
            ],
            [
              -78.75610314012191,
              42.97016069224571
            ],
            [
              -78.75610553681571,
              42.970182639341495
            ],
            [
              -78.75610840056258,
              42.970204585732176
            ],
            [
              -78.75611079629999,
              42.97022618984926
            ],
            [
              -78.75611319299914,
              42.970248136944605
            ],
            [
              -78.75611605675184,
              42.970270083334825
            ],
            [
              -78.7561189205091,
              42.97029203062509
            ],
            [
              -78.75612178330583,
              42.97031363403656
            ],
            [
              -78.75612371296006,
              42.97033558183638
            ],
            [
              -78.75612564261566,
              42.97035752963607
            ],
            [
              -78.75612757227266,
              42.970379477435664
            ],
            [
              -78.75612950193106,
              42.970401425235124
            ],
            [
              -78.75613143159086,
              42.97042337303449
            ],
            [
              -78.75613336125205,
              42.970445320833676
            ],
            [
              -78.75613528995449,
              42.97046692565437
            ],
            [
              -78.75613721961848,
              42.97048887345336
            ],
            [
              -78.75613914928385,
              42.97051082125224
            ],
            [
              -78.75614107895062,
              42.97053276905099
            ],
            [
              -78.75614300861878,
              42.97055471684962
            ],
            [
              -78.75614493828836,
              42.97057666464814
            ],
            [
              -78.75614686795933,
              42.97059861244654
            ],
            [
              -78.75614879763168,
              42.97062056024478
            ],
            [
              -78.75615072634521,
              42.97064216506451
            ],
            [
              -78.75615265602035,
              42.97066411286257
            ],
            [
              -78.75615458569689,
              42.97068606066047
            ],
            [
              -78.75615651537483,
              42.97070800845829
            ],
            [
              -78.7561584450567,
              42.97072995715615
            ],
            [
              -78.75616037473743,
              42.9707519049537
            ],
            [
              -78.75616230441955,
              42.97077385275115
            ],
            [
              -78.7561642341031,
              42.970795800548466
            ],
            [
              -78.75616616282768,
              42.97081740536726
            ],
            [
              -78.756168092514,
              42.970839353164344
            ],
            [
              -78.7561700222017,
              42.97086130096128
            ],
            [
              -78.75617195189082,
              42.97088324875815
            ],
            [
              -78.7561738815813,
              42.97090519655487
            ],
            [
              -78.75617581127322,
              42.970927144351464
            ],
            [
              -78.75617967066123,
              42.970971039944324
            ],
            [
              -78.75618159939688,
              42.97099264476218
            ],
            [
              -78.75618352909434,
              42.971014592558305
            ],
            [
              -78.75618545879327,
              42.97103654035429
            ],
            [
              -78.75618738849353,
              42.971058488150184
            ],
            [
              -78.7561893181952,
              42.97108043594596
            ],
            [
              -78.75619124789829,
              42.97110238374165
            ],
            [
              -78.75619317760274,
              42.97112433153714
            ],
            [
              -78.75619510730863,
              42.97114627933256
            ],
            [
              -78.75619703605535,
              42.97116788414946
            ],
            [
              -78.75619896576653,
              42.97118983284486
            ],
            [
              -78.75620089670245,
              42.97121178063804
            ],
            [
              -78.75620282641388,
              42.97123372843299
            ],
            [
              -78.75620475612673,
              42.9712556762278
            ],
            [
              -78.75620668584098,
              42.971277624022484
            ],
            [
              -78.75620861555662,
              42.971299571817056
            ],
            [
              -78.75621054527365,
              42.971321519611536
            ],
            [
              -78.75621247403147,
              42.9713431244275
            ],
            [
              -78.75621440375129,
              42.97136507222172
            ],
            [
              -78.7562163334725,
              42.97138702001581
            ],
            [
              -78.75621779613465,
              42.971408968515256
            ],
            [
              -78.7562197258585,
              42.971430916309096
            ],
            [
              -78.75622212264454,
              42.97145286339741
            ],
            [
              -78.75622498649324,
              42.9714748097801
            ],
            [
              -78.75623111785033,
              42.97149606526753
            ],
            [
              -78.75624518541001,
              42.97151593684703
            ],
            [
              -78.75628434935555,
              42.97232462582398
            ],
            [
              -78.75636374119424,
              42.97232107604113
            ],
            [
              -78.7574468011815,
              42.97229405320641
            ],
            [
              -78.75769853388272,
              42.972287839359865
            ],
            [
              -78.75844252329163,
              42.972269211646356
            ],
            [
              -78.7584508501721,
              42.97503945120758
            ],
            [
              -78.76221664261537,
              42.97507615746853
            ],
            [
              -78.76239929977233,
              42.97524530468366
            ],
            [
              -78.76247854549852,
              42.975351161374874
            ],
            [
              -78.7625101890486,
              42.97547115469588
            ],
            [
              -78.76253733210314,
              42.975649804556284
            ],
            [
              -78.76256151836921,
              42.97577529810468
            ],
            [
              -78.7625533437538,
              42.97585556811837
            ],
            [
              -78.76257451937227,
              42.975909382749286
            ],
            [
              -78.76264625785441,
              42.97600324678354
            ],
            [
              -78.76273157722733,
              42.97610909377033
            ],
            [
              -78.76283697207603,
              42.97621148031551
            ],
            [
              -78.76295000553758,
              42.97637044549528
            ],
            [
              -78.76303243269538,
              42.976444742674445
            ],
            [
              -78.76321444287353,
              42.97655043745461
            ],
            [
              -78.7633538945539,
              42.97663802187124
            ],
            [
              -78.76354107801085,
              42.9767553692945
            ],
            [
              -78.76364034809477,
              42.976838556978926
            ],
            [
              -78.76374075496054,
              42.97699136761821
            ],
            [
              -78.76384074036768,
              42.977159613805995
            ],
            [
              -78.76394130785344,
              42.97736695774042
            ],
            [
              -78.76401196410652,
              42.977568519046926
            ],
            [
              -78.76404570318783,
              42.97776465002162
            ],
            [
              -78.76406510775752,
              42.97785105019971
            ],
            [
              -78.76407403205033,
              42.977867842100025
            ],
            [
              -78.76408170269464,
              42.97793505485411
            ],
            [
              -78.76409283802363,
              42.978068799241285
            ],
            [
              -78.76409653477842,
              42.97821455965074
            ],
            [
              -78.76409564978319,
              42.97823136703898
            ],
            [
              -78.76409015193589,
              42.978268074516876
            ],
            [
              -78.76408612674662,
              42.97832913120577
            ],
            [
              -78.76408113116106,
              42.9783778430684
            ],
            [
              -78.76407470810675,
              42.97841763882011
            ],
            [
              -78.76405567398164,
              42.97845779746253
            ],
            [
              -78.7640231316908,
              42.97851101064271
            ],
            [
              -78.76398318680071,
              42.97858858703244
            ],
            [
              -78.7639674404392,
              42.97863491409885
            ],
            [
              -78.76396155768744,
              42.97869974648401
            ],
            [
              -78.76396268065842,
              42.97876422483356
            ],
            [
              -78.76397361408317,
              42.978829031579885
            ],
            [
              -78.76398729600955,
              42.97887531220086
            ],
            [
              -78.76401126055826,
              42.97892363446547
            ],
            [
              -78.76405017993527,
              42.97897433397002
            ],
            [
              -78.764100288102,
              42.979017470245616
            ],
            [
              -78.76419393907162,
              42.97909449266157
            ],
            [
              -78.76423099324789,
              42.97914622398825
            ],
            [
              -78.76423803924374,
              42.979159589046965
            ],
            [
              -78.76427466962153,
              42.97922606914033
            ],
            [
              -78.76434500112806,
              42.97931581942612
            ],
            [
              -78.76442653870241,
              42.97940383614164
            ],
            [
              -78.76446730908704,
              42.979448358943536
            ],
            [
              -78.76450903391343,
              42.979499739806315
            ],
            [
              -78.76455455219062,
              42.97957032148945
            ],
            [
              -78.7645860367473,
              42.97963406579068
            ],
            [
              -78.76461657503201,
              42.97969369582944
            ],
            [
              -78.76466226693086,
              42.97982327053308
            ],
            [
              -78.76469489766761,
              42.97995903863826
            ],
            [
              -78.76471911826506,
              42.98009413409994
            ],
            [
              -78.7647336049261,
              42.98025496932613
            ],
            [
              -78.76472518522976,
              42.980410009300826
            ],
            [
              -78.76470690536537,
              42.98054791593227
            ],
            [
              -78.76466755617251,
              42.98066939383406
            ],
            [
              -78.76461646102966,
              42.98076790981372
            ],
            [
              -78.76455361288876,
              42.98084106391326
            ],
            [
              -78.76450527792153,
              42.98092517034238
            ],
            [
              -78.76446681302296,
              42.981029839885124
            ],
            [
              -78.76444933982523,
              42.98112453070202
            ],
            [
              -78.76443696679803,
              42.98120617933463
            ],
            [
              -78.76445124056886,
              42.98129464538794
            ],
            [
              -78.76449591949029,
              42.981397125466586
            ],
            [
              -78.76455508483222,
              42.98150129748728
            ],
            [
              -78.76457814478948,
              42.9815592253606
            ],
            [
              -78.76461524813482,
              42.981627076484465
            ],
            [
              -78.76462983218987,
              42.98166203726354
            ],
            [
              -78.76462919519923,
              42.98176321713363
            ],
            [
              -78.76461639444518,
              42.98185824264204
            ],
            [
              -78.7646077273781,
              42.981929253058624
            ],
            [
              -78.76459913586325,
              42.98202598769215
            ],
            [
              -78.76459846758524,
              42.982116535251045
            ],
            [
              -78.76459636765239,
              42.98219679570083
            ],
            [
              -78.76459741478598,
              42.98223520770851
            ],
            [
              -78.7646144022029,
              42.98229314428323
            ],
            [
              -78.76464678118386,
              42.982342824975184
            ],
            [
              -78.76473101615578,
              42.98239345242603
            ],
            [
              -78.76482130619543,
              42.98243755451024
            ],
            [
              -78.76496199318105,
              42.98246339776892
            ],
            [
              -78.76507971344245,
              42.98246321090928
            ],
            [
              -78.76502586915375,
              42.98258025227954
            ],
            [
              -78.76493670430862,
              42.98275942888893
            ],
            [
              -78.7645600359442,
              42.98366412059456
            ],
            [
              -78.76446911637875,
              42.98388308605597
            ],
            [
              -78.76446308565798,
              42.983897500719955
            ],
            [
              -78.76436103717646,
              42.98414495005775
            ],
            [
              -78.76430440523251,
              42.98426816998652
            ],
            [
              -78.76426587254973,
              42.98435054587113
            ],
            [
              -78.76415999757607,
              42.98456850486342
            ],
            [
              -78.76401785524533,
              42.98484482833678
            ],
            [
              -78.76399555199183,
              42.98488602102195
            ],
            [
              -78.76391095409905,
              42.985031577611956
            ],
            [
              -78.7637435044268,
              42.985281188285505
            ],
            [
              -78.76367091738389,
              42.985380766574536
            ],
            [
              -78.76349217341672,
              42.98560329932199
            ],
            [
              -78.76328601445374,
              42.98587663486984
            ],
            [
              -78.76318547073203,
              42.98600198021058
            ],
            [
              -78.76312450226035,
              42.98608130502749
            ],
            [
              -78.76309285353317,
              42.986122169228324
            ],
            [
              -78.76299697575179,
              42.986245792175765
            ],
            [
              -78.76293321051745,
              42.98632786420857
            ],
            [
              -78.76274980758706,
              42.986556233712726
            ],
            [
              -78.76260411703562,
              42.986740641656404
            ],
            [
              -78.76257386118446,
              42.98677875969655
            ],
            [
              -78.76250730296191,
              42.98686426564718
            ],
            [
              -78.76247471907023,
              42.98690513113559
            ],
            [
              -78.7622922458636,
              42.987133498429216
            ],
            [
              -78.76210182250232,
              42.98735913310919
            ],
            [
              -78.76196865961924,
              42.9875150543083
            ],
            [
              -78.7619505060474,
              42.98753806222123
            ],
            [
              -78.76165253716418,
              42.98789453974744
            ],
            [
              -78.76137224298216,
              42.98822457871751
            ],
            [
              -78.76120788056065,
              42.98841724626519
            ],
            [
              -78.76109101415398,
              42.98855599124968
            ],
            [
              -78.76084058173196,
              42.988874665102514
            ],
            [
              -78.76067254245778,
              42.98908963028115
            ],
            [
              -78.76064227440573,
              42.98912431802698
            ],
            [
              -78.7604997904152,
              42.989291227229366
            ],
            [
              -78.76024553863353,
              42.98958349539053
            ],
            [
              -78.76017382810133,
              42.989666607956366
            ],
            [
              -78.76015105334707,
              42.98970780058714
            ],
            [
              -78.7601310817576,
              42.9897489888833
            ],
            [
              -78.76011111014155,
              42.98979017717569
            ],
            [
              -78.76009254108116,
              42.98983170627709
            ],
            [
              -78.76007537163079,
              42.98987254725662
            ],
            [
              -78.76005960474174,
              42.98991372904641
            ],
            [
              -78.7600457066347,
              42.98995490794855
            ],
            [
              -78.76003045013465,
              42.99001118000849
            ],
            [
              -78.75995531375389,
              42.99036662279569
            ],
            [
              -78.75990649581186,
              42.99061364365798
            ],
            [
              -78.75989820490084,
              42.990655156865735
            ],
            [
              -78.75985125557939,
              42.99090183093067
            ],
            [
              -78.75981353919705,
              42.99110973504518
            ],
            [
              -78.76028548400099,
              42.99113061405462
            ],
            [
              -78.76039762711575,
              42.99113489935082
            ],
            [
              -78.76056583860796,
              42.99113978369022
            ],
            [
              -78.76062190870236,
              42.991141411749034
            ],
            [
              -78.76084618516045,
              42.991146551801194
            ],
            [
              -78.76112651694308,
              42.99114817456901
            ],
            [
              -78.76135077885318,
              42.991147825997
            ],
            [
              -78.7616311007367,
              42.991146017758126
            ],
            [
              -78.76207960242665,
              42.99113811568084
            ],
            [
              -78.76247207470385,
              42.99114264678113
            ],
            [
              -78.76303551980735,
              42.99113799079062
            ],
            [
              -78.76610936483098,
              42.991155760148985
            ],
            [
              -78.76614254180149,
              42.99115742205826
            ],
            [
              -78.76617244627244,
              42.99115840322826
            ],
            [
              -78.76620235074431,
              42.991159384390414
            ],
            [
              -78.76623225521709,
              42.991160365544765
            ],
            [
              -78.76626216070798,
              42.99116168966829
            ],
            [
              -78.7662920651828,
              42.99116267080702
            ],
            [
              -78.76632197067603,
              42.99116399491492
            ],
            [
              -78.76635140896077,
              42.99116531976206
            ],
            [
              -78.76638131445651,
              42.99116664385448
            ],
            [
              -78.76641121995348,
              42.99116796793904
            ],
            [
              -78.76644112545175,
              42.99116929201581
            ],
            [
              -78.76647103196957,
              42.99117095906176
            ],
            [
              -78.7665009374705,
              42.99117228312285
            ],
            [
              -78.76653084399135,
              42.99117395015318
            ],
            [
              -78.76656028228513,
              42.99117527494656
            ],
            [
              -78.76659018880898,
              42.991176941961356
            ],
            [
              -78.7666200953344,
              42.991178608968326
            ],
            [
              -78.76665000186142,
              42.99118027596747
            ],
            [
              -78.76667990839003,
              42.991181942958804
            ],
            [
              -78.76670934995627,
              42.99118395366585
            ],
            [
              -78.76673925648822,
              42.99118562064169
            ],
            [
              -78.76676916404173,
              42.99118763058669
            ],
            [
              -78.76679907057702,
              42.99118929754686
            ],
            [
              -78.76682851092428,
              42.99119130822523
            ],
            [
              -78.76817590404741,
              42.99133079039513
            ],
            [
              -78.76819833428534,
              42.991332126084394
            ],
            [
              -78.76822777988562,
              42.9913358512873
            ],
            [
              -78.76825722651769,
              42.991339919459584
            ],
            [
              -78.7682866721252,
              42.99134364464736
            ],
            [
              -78.76831611773625,
              42.99134736982748
            ],
            [
              -78.76834556335085,
              42.991351095000084
            ],
            [
              -78.76837500793998,
              42.99135447718814
            ],
            [
              -78.76840445356147,
              42.99135820234557
            ],
            [
              -78.76843436536842,
              42.991361583762874
            ],
            [
              -78.76846381099682,
              42.99136530890502
            ],
            [
              -78.7684969943187,
              42.991369027993066
            ],
            [
              -78.76852270143098,
              42.99137207321065
            ],
            [
              -78.76855214603977,
              42.99137545535312
            ],
            [
              -78.76858205786306,
              42.9913788367318
            ],
            [
              -78.76861150247824,
              42.99138221885897
            ],
            [
              -78.76864094606624,
              42.9913852580016
            ],
            [
              -78.76867039068766,
              42.99138864011358
            ],
            [
              -78.768700301493,
              42.991391678484405
            ],
            [
              -78.76872974508979,
              42.99139471760419
            ],
            [
              -78.76875918972056,
              42.99139809969332
            ],
            [
              -78.76878910053476,
              42.99140113804092
            ],
            [
              -78.76881854310902,
              42.991403834160884
            ],
            [
              -78.76884845392888,
              42.99140687249295
            ],
            [
              -78.7688778975401,
              42.99140991157457
            ],
            [
              -78.76890734012504,
              42.9914126085719
            ],
            [
              -78.76893725095346,
              42.99141564688076
            ],
            [
              -78.76896669354097,
              42.9914183429626
            ],
            [
              -78.76899660334266,
              42.99142103827897
            ],
            [
              -78.76902604593529,
              42.991423734345545
            ],
            [
              -78.76905595574215,
              42.991426429646424
            ],
            [
              -78.76908539730701,
              42.99142878272078
            ],
            [
              -78.76911530711885,
              42.991431478006135
            ],
            [
              -78.76914475094782,
              42.99143417404016
            ],
            [
              -78.76917465973143,
              42.99143652633307
            ],
            [
              -78.76920456851731,
              42.99143887861815
            ],
            [
              -78.76923774882155,
              42.99144156856049
            ],
            [
              -78.76926391888405,
              42.99144358392382
            ],
            [
              -78.76929336046486,
              42.99144593694465
            ],
            [
              -78.76932326925971,
              42.99144828919872
            ],
            [
              -78.76935317702247,
              42.991450298468024
            ],
            [
              -78.76938261860984,
              42.991452651465856
            ],
            [
              -78.76941252637658,
              42.99145466071968
            ],
            [
              -78.76944243414526,
              42.99145666996567
            ],
            [
              -78.76947234295088,
              42.991459022180734
            ],
            [
              -78.76950178351164,
              42.991461032170974
            ],
            [
              -78.76953169025087,
              42.991462698416726
            ],
            [
              -78.76956159802722,
              42.99146470763154
            ],
            [
              -78.76959103859353,
              42.991466717598854
            ],
            [
              -78.76962094533785,
              42.991468383821235
            ],
            [
              -78.76965085311978,
              42.99147039301275
            ],
            [
              -78.76968075986746,
              42.99147205921949
            ],
            [
              -78.76971066661672,
              42.99147372541845
            ],
            [
              -78.76974010615554,
              42.99147539237049
            ],
            [
              -78.76977001413427,
              42.991477058551894
            ],
            [
              -78.76979991985142,
              42.99147838175061
            ],
            [
              -78.76982982660687,
              42.99148004791842
            ],
            [
              -78.76985973232671,
              42.99148137110149
            ],
            [
              -78.76988963908515,
              42.99148303725366
            ],
            [
              -78.7699190775956,
              42.99148436118272
            ],
            [
              -78.76994898331937,
              42.99148568434246
            ],
            [
              -78.76998262777906,
              42.991487344376296
            ],
            [
              -78.77000879477069,
              42.991488330638525
            ],
            [
              -78.77003870049823,
              42.991489653774806
            ],
            [
              -78.7700686051887,
              42.99149063392639
            ],
            [
              -78.77009851091859,
              42.99149195704706
            ],
            [
              -78.77012841561105,
              42.99149293718299
            ],
            [
              -78.77015832030445,
              42.991493917311146
            ],
            [
              -78.77018822499876,
              42.99149489743145
            ],
            [
              -78.77021766248184,
              42.99149587830679
            ],
            [
              -78.77024756717802,
              42.991496858411615
            ],
            [
              -78.7702774718751,
              42.99149783850862
            ],
            [
              -78.77030737553342,
              42.9914984756209
            ],
            [
              -78.77033728023218,
              42.99149945570225
            ],
            [
              -78.77036718511816,
              42.99150009279689
            ],
            [
              -78.77039708877844,
              42.99150072988576
            ],
            [
              -78.77042699243931,
              42.99150136696679
            ],
            [
              -78.77045689610077,
              42.99150200404001
            ],
            [
              -78.7704867997628,
              42.99150264110542
            ],
            [
              -78.77051670342547,
              42.99150327816299
            ],
            [
              -78.7705466060477,
              42.99150357223587
            ],
            [
              -78.77057650971135,
              42.99150420927784
            ],
            [
              -78.77060641233427,
              42.99150450333507
            ],
            [
              -78.77063631495744,
              42.991504797384536
            ],
            [
              -78.77066621758088,
              42.991505091426156
            ],
            [
              -78.77069612020458,
              42.99150538545998
            ],
            [
              -78.77072976052628,
              42.991505673366575
            ],
            [
              -78.77075592545272,
              42.99150597350418
            ],
            [
              -78.77078582703486,
              42.99150592453768
            ],
            [
              -78.7708157296594,
              42.99150621854024
            ],
            [
              -78.77084563124157,
              42.9915061695581
            ],
            [
              -78.77087553282364,
              42.991506120568175
            ],
            [
              -78.77090543440565,
              42.99150607157042
            ],
            [
              -78.77093533598757,
              42.99150602256486
            ],
            [
              -78.77096523756944,
              42.9915059735515
            ],
            [
              -78.7709951403775,
              42.99150592452829
            ],
            [
              -78.77102504091555,
              42.99150553252244
            ],
            [
              -78.77105494249702,
              42.99150548348561
            ],
            [
              -78.77108484303442,
              42.991505091464106
            ],
            [
              -78.77111474357142,
              42.9915046994348
            ],
            [
              -78.771144644108,
              42.99150430739767
            ],
            [
              -78.77117454464418,
              42.991503915352745
            ],
            [
              -78.77120444517995,
              42.99150352329998
            ],
            [
              -78.7712343446705,
              42.99150278826255
            ],
            [
              -78.77126424520527,
              42.991502396194214
            ],
            [
              -78.77129414469451,
              42.99150166114116
            ],
            [
              -78.77132404522834,
              42.991501269057174
            ],
            [
              -78.77135394471624,
              42.99150053398852
            ],
            [
              -78.77138384420343,
              42.99149979891204
            ],
            [
              -78.77141374368985,
              42.99149906382774
            ],
            [
              -78.77144364212958,
              42.991497985758784
            ],
            [
              -78.77147727931145,
              42.99149724451507
            ],
            [
              -78.7715034410984,
              42.99149651555117
            ],
            [
              -78.77153333953524,
              42.99149543745876
            ],
            [
              -78.771563237971,
              42.991494359358576
            ],
            [
              -78.77159267041985,
              42.991493282017025
            ],
            [
              -78.77162256885347,
              42.99149220390131
            ],
            [
              -78.77165246728602,
              42.9914911257778
            ],
            [
              -78.77168236571751,
              42.9914900476465
            ],
            [
              -78.77171226414792,
              42.99148896950736
            ],
            [
              -78.77174216152962,
              42.99148754838358
            ],
            [
              -78.7717720599577,
              42.99148647022884
            ],
            [
              -78.77180195733673,
              42.99148504908945
            ],
            [
              -78.77183185471438,
              42.991483627942216
            ],
            [
              -78.7718617520906,
              42.9914822067872
            ],
            [
              -78.77189118225344,
              42.99148078639403
            ],
            [
              -78.77192107962686,
              42.99147936522351
            ],
            [
              -78.77195097595009,
              42.991477601068325
            ],
            [
              -78.77198087332056,
              42.991476179882206
            ],
            [
              -78.77201076964046,
              42.991474415711394
            ],
            [
              -78.77204066595866,
              42.9914726515328
            ],
            [
              -78.77207009611264,
              42.99147123109365
            ],
            [
              -78.77519938807134,
              42.99143413129367
            ],
            [
              -78.77708168353801,
              42.99139803461878
            ],
            [
              -78.78139531715115,
              42.991348464276555
            ],
            [
              -78.78772394158858,
              42.991269771416334
            ],
            [
              -78.78800069694454,
              42.99033397240862
            ],
            [
              -78.78801885753683,
              42.990315762066075
            ],
            [
              -78.78804860029229,
              42.990268034842934
            ],
            [
              -78.78806432011177,
              42.99021827482307
            ],
            [
              -78.78810648936323,
              42.990113933879314
            ],
            [
              -78.7882070530671,
              42.98986680838827
            ],
            [
              -78.78829686920422,
              42.98961970294478
            ],
            [
              -78.78832696348674,
              42.989537333266775
            ],
            [
              -78.788368605356,
              42.989415158266794
            ],
            [
              -78.78839822769096,
              42.98933141839799
            ],
            [
              -78.78842364975554,
              42.989249057961295
            ],
            [
              -78.78843472558242,
              42.9892078806705
            ],
            [
              -78.78844486700658,
              42.98916670505283
            ],
            [
              -78.78846374823144,
              42.98908435542561
            ],
            [
              -78.788472488037,
              42.989043182316536
            ],
            [
              -78.7884802934455,
              42.989002010881165
            ],
            [
              -78.78848763165121,
              42.98896084028242
            ],
            [
              -78.78849997207446,
              42.98887850326981
            ],
            [
              -78.7885049742951,
              42.98883733685622
            ],
            [
              -78.78851310995312,
              42.98875500737745
            ],
            [
              -78.78851844244527,
              42.988672682021786
            ],
            [
              -78.78852190616801,
              42.988590360915005
            ],
            [
              -78.78853273651525,
              42.98819454311684
            ],
            [
              -78.78853480262545,
              42.98797297512563
            ],
            [
              -78.78853513290522,
              42.987931817079826
            ],
            [
              -78.78853978076346,
              42.987643705662975
            ],
            [
              -78.78854937360836,
              42.987297278966565
            ],
            [
              -78.78857562498749,
              42.986902806241055
            ],
            [
              -78.7885809572456,
              42.98682048085627
            ],
            [
              -78.7886027784319,
              42.98649872755614
            ],
            [
              -78.7886339488858,
              42.98603839309274
            ],
            [
              -78.788636147774,
              42.98599723168114
            ],
            [
              -78.78866919239381,
              42.98539832941846
            ],
            [
              -78.78867952078636,
              42.985132845188616
            ],
            [
              -78.78867430093918,
              42.98510850304751
            ],
            [
              -78.78864372327435,
              42.98448330543634
            ],
            [
              -78.78889270149853,
              42.984337092499025
            ],
            [
              -78.79098627930145,
              42.98190673122915
            ],
            [
              -78.79130812915248,
              42.98148736934351
            ],
            [
              -78.79187847750397,
              42.98051123906769
            ],
            [
              -78.7920874450866,
              42.97986811414929
            ],
            [
              -78.792206104681,
              42.97918090837876
            ],
            [
              -78.79229573354553,
              42.9790257181416
            ],
            [
              -78.7928654381685,
              42.97910939256462
            ],
            [
              -78.79539257169941,
              42.979247075882235
            ],
            [
              -78.79539440636277,
              42.97910130538176
            ],
            [
              -78.79537651300964,
              42.978380052113906
            ],
            [
              -78.79524712294847,
              42.9783802917364
            ],
            [
              -78.79524441591651,
              42.978136094549015
            ],
            [
              -78.79522259178684,
              42.975997310762175
            ],
            [
              -78.79519768810464,
              42.974321556133866
            ],
            [
              -78.79519327534494,
              42.97398853021069
            ],
            [
              -78.79519268080139,
              42.97381532660598
            ],
            [
              -78.79518389996426,
              42.97248183524165
            ],
            [
              -78.79517985155887,
              42.971846642495294
            ],
            [
              -78.795179180583,
              42.97165114528332
            ],
            [
              -78.79517636576405,
              42.97001444729361
            ],
            [
              -78.79515764006078,
              42.969865628692276
            ],
            [
              -78.79530943056315,
              42.96986534769496
            ],
            [
              -78.7955345475971,
              42.96986458760377
            ],
            [
              -78.79558965922362,
              42.96986448542192
            ],
            [
              -78.79607256882821,
              42.9698581012522
            ],
            [
              -78.79628928838676,
              42.96986044210222
            ],
            [
              -78.79727102253214,
              42.969857925473725
            ],
            [
              -78.79743915965979,
              42.96985761109891
            ],
            [
              -78.79850402335028,
              42.969853556453025
            ],
            [
              -78.79867215327354,
              42.96985118240154
            ],
            [
              -78.79871138526235,
              42.96985110858931
            ],
            [
              -78.79862928482333,
              42.964925031400995
            ],
            [
              -78.79862881167873,
              42.96438758147396
            ],
            [
              -78.79865310197954,
              42.96438925068571
            ],
            [
              -78.79882126370204,
              42.964400252584475
            ],
            [
              -78.79921364370881,
              42.96442626569591
            ],
            [
              -78.79949391360807,
              42.964444600683244
            ],
            [
              -78.79964012511259,
              42.964455299847636
            ],
            [
              -78.79963165367037,
              42.96350354399234
            ],
            [
              -78.79957607232846,
              42.963501248144425
            ],
            [
              -78.79956256509223,
              42.96137787815024
            ],
            [
              -78.79956120331636,
              42.96112235944906
            ],
            [
              -78.79955829267334,
              42.96069123769984
            ],
            [
              -78.79955530882324,
              42.960239194250235
            ],
            [
              -78.79955515870066,
              42.96019632198019
            ],
            [
              -78.79954476424167,
              42.95856135096851
            ],
            [
              -78.79777264890656,
              42.95856742832276
            ],
            [
              -78.79777760683471,
              42.958515971954846
            ],
            [
              -78.79755719492519,
              42.95851466975818
            ],
            [
              -78.79632345219012,
              42.95850908346699
            ],
            [
              -78.79623797867646,
              42.957826366384396
            ],
            [
              -78.79623223911808,
              42.957651456962026
            ],
            [
              -78.79549834525973,
              42.95783562822196
            ],
            [
              -78.79550668929134,
              42.95577909633535
            ],
            [
              -78.79573782044005,
              42.95577729576781
            ],
            [
              -78.79574608559683,
              42.95532934671655
            ],
            [
              -78.7957480439831,
              42.955219932228964
            ],
            [
              -78.79597547775916,
              42.95455172553557
            ],
            [
              -78.7957675585939,
              42.95451301177559
            ],
            [
              -78.7963855345691,
              42.952817191387226
            ],
            [
              -78.79637887547338,
              42.95264639840068
            ],
            [
              -78.79672448328857,
              42.95267113613754
            ],
            [
              -78.7965172300121,
              42.9510653389834
            ],
            [
              -78.79651618360157,
              42.95076214483441
            ],
            [
              -78.79651564317318,
              42.950470269000846
            ],
            [
              -78.79651558753955,
              42.95045414899652
            ],
            [
              -78.79651473278989,
              42.94993590444267
            ],
            [
              -78.79651469006096,
              42.94965294514778
            ],
            [
              -78.79651459181761,
              42.94962447790197
            ],
            [
              -78.79651390938858,
              42.949291443643816
            ],
            [
              -78.79598161344417,
              42.94928111533173
            ],
            [
              -78.79576682891496,
              42.9492777413354
            ],
            [
              -78.79344712816153,
              42.94923023255477
            ],
            [
              -78.79322906758938,
              42.94922411596107
            ],
            [
              -78.79276914085038,
              42.949213982971195
            ],
            [
              -78.7922695203534,
              42.9492015197229
            ],
            [
              -78.79207019707476,
              42.949213544718496
            ],
            [
              -78.79198101961605,
              42.94921336431708
            ],
            [
              -78.79188810586662,
              42.949212847672335
            ],
            [
              -78.78901934706771,
              42.949166934137956
            ],
            [
              -78.78878497444666,
              42.94916941291499
            ],
            [
              -78.7884217294396,
              42.9491693783262
            ],
            [
              -78.78762893525169,
              42.949167366155834
            ],
            [
              -78.78740993372078,
              42.949158839288266
            ],
            [
              -78.78569968556289,
              42.94915535886957
            ],
            [
              -78.78561232970615,
              42.94914110806062
            ],
            [
              -78.78419246722666,
              42.94913057497963
            ],
            [
              -78.78394363536374,
              42.94913752796922
            ],
            [
              -78.78104234226687,
              42.949135030134364
            ],
            [
              -78.78028551232752,
              42.94913702075732
            ],
            [
              -78.78016784367637,
              42.94913345035852
            ],
            [
              -78.78014496599965,
              42.949133489694745
            ],
            [
              -78.77997081538666,
              42.949134131963284
            ],
            [
              -78.77972241936062,
              42.949131471556925
            ],
            [
              -78.77896137324748,
              42.949129001903934
            ],
            [
              -78.77881243273161,
              42.949128570380545
            ],
            [
              -78.77870319302859,
              42.94913321562899
            ],
            [
              -78.77858459068742,
              42.949129645196194
            ],
            [
              -78.77820547488345,
              42.94913029122034
            ],
            [
              -78.77808968459223,
              42.94913048828001
            ],
            [
              -78.77757376836199,
              42.94913136487722
            ],
            [
              -78.77734965509327,
              42.94913003003971
            ],
            [
              -78.77725814437584,
              42.9491301851043
            ],
            [
              -78.77701489286946,
              42.94913025395635
            ],
            [
              -78.77685007789552,
              42.949130189718865
            ],
            [
              -78.7765690081792,
              42.949130321550044
            ],
            [
              -78.77628887101662,
              42.94913045111916
            ],
            [
              -78.77495912228501,
              42.949119994557435
            ],
            [
              -78.77473268314023,
              42.94912140233896
            ],
            [
              -78.77368548757589,
              42.94913755370424
            ],
            [
              -78.77346182539853,
              42.9491310657879
            ],
            [
              -78.77336284122893,
              42.9491302012078
            ],
            [
              -78.77250424939157,
              42.94913951187504
            ],
            [
              -78.77228292178087,
              42.949133017797216
            ],
            [
              -78.77179408297411,
              42.94913313768525
            ],
            [
              -78.77131738542722,
              42.949133921510295
            ],
            [
              -78.77118246105287,
              42.94913654387152
            ],
            [
              -78.77109468125597,
              42.949135315961776
            ],
            [
              -78.77013008896867,
              42.94913963792322
            ],
            [
              -78.76990877920156,
              42.94913896990522
            ],
            [
              -78.76950771698006,
              42.94913927991052
            ],
            [
              -78.768223293352,
              42.949140675716855
            ],
            [
              -78.7681611926455,
              42.94913940407864
            ],
            [
              -78.76662978012692,
              42.949140151590186
            ],
            [
              -78.76550547895849,
              42.94913405778924
            ],
            [
              -78.76217506470002,
              42.9491159867375
            ],
            [
              -78.76211903670193,
              42.94911573127708
            ],
            [
              -78.76178286673976,
              42.94911351197939
            ],
            [
              -78.76155594723672,
              42.949110777770485
            ],
            [
              -78.75942916375125,
              42.94908320095259
            ],
            [
              -78.75917290643703,
              42.94910726057805
            ],
            [
              -78.75851364727662,
              42.94910587050455
            ],
            [
              -78.7556137488379,
              42.949099982193225
            ],
            [
              -78.75546574196994,
              42.949099861869016
            ],
            [
              -78.75541344913768,
              42.94909959750982
            ],
            [
              -78.75515058716857,
              42.949099306397045
            ],
            [
              -78.75489192504787,
              42.94909866540526
            ],
            [
              -78.75475279035041,
              42.94909853086207
            ],
            [
              -78.75446610455164,
              42.949093815095964
            ],
            [
              -78.75420840185558,
              42.94910243161674
            ],
            [
              -78.75389324893526,
              42.949102558642686
            ],
            [
              -78.75318870605547,
              42.949102920270896
            ],
            [
              -78.75318799464374,
              42.94969319368172
            ],
            [
              -78.75318711795654,
              42.95090254811825
            ],
            [
              -78.75318721793091,
              42.95093890486204
            ],
            [
              -78.75318705282747,
              42.95104865904354
            ],
            [
              -78.75318682532202,
              42.951645104293085
            ],
            [
              -78.75318257379284,
              42.95247615533457
            ],
            [
              -78.75318771455966,
              42.95264763818532
            ],
            [
              -78.75318033438708,
              42.95653673763467
            ],
            [
              -78.75396946716003,
              42.9565343883354
            ],
            [
              -78.75481987494928,
              42.9562903366517
            ],
            [
              -78.75481338189415,
              42.956591838136276
            ],
            [
              -78.75491711849594,
              42.956589664411666
            ],
            [
              -78.75548166145424,
              42.9565879075802
            ],
            [
              -78.75548722383742,
              42.956858528994786
            ],
            [
              -78.75542432738973,
              42.95685851194357
            ]
          ]
        ]
      }
    },
    {
      "type": "Feature",
      "properties": {
        "name": "Eggertsville Fire District"
      },
      "geometry": {
        "type": "Polygon",
        "coordinates": [
          [
            [
              -78.79737804849711,
              42.99102095736138
            ],
            [
              -78.79768071809205,
              42.99099706841153
            ],
            [
              -78.79784887107765,
              42.990984749139166
            ],
            [
              -78.79829680475656,
              42.99094961090524
            ],
            [
              -78.79863357139793,
              42.99092291156515
            ],
            [
              -78.79885776723988,
              42.990904310864636
            ],
            [
              -78.79957803067441,
              42.990854249402226
            ],
            [
              -78.79986665110638,
              42.99082112079162
            ],
            [
              -78.80093165009974,
              42.99075324919603
            ],
            [
              -78.80177246114499,
              42.99070603149618
            ],
            [
              -78.80188457825585,
              42.99070238768684
            ],
            [
              -78.80194063802166,
              42.99070090871726
            ],
            [
              -78.80216488435754,
              42.99069705042215
            ],
            [
              -78.8022770111753,
              42.99069580706003
            ],
            [
              -78.80233307457804,
              42.990695356827096
            ],
            [
              -78.80261339767416,
              42.990694820131786
            ],
            [
              -78.80283765980701,
              42.99069541921001
            ],
            [
              -78.80317406585,
              42.99069957527545
            ],
            [
              -78.80390295740246,
              42.990711892128886
            ],
            [
              -78.8042262511409,
              42.990707495904374
            ],
            [
              -78.80536074380018,
              42.99073754083982
            ],
            [
              -78.8057532284757,
              42.99074569627339
            ],
            [
              -78.80586536644216,
              42.99074787916023
            ],
            [
              -78.80636998426952,
              42.9907565003723
            ],
            [
              -78.80665032741905,
              42.99076109842973
            ],
            [
              -78.80704233648365,
              42.99076684952066
            ],
            [
              -78.8077716992017,
              42.990779826773114
            ],
            [
              -78.80838845564455,
              42.99079061999411
            ],
            [
              -78.80917342394122,
              42.99080587981689
            ],
            [
              -78.81003642732948,
              42.990824066530664
            ],
            [
              -78.81035087200439,
              42.99082721606207
            ],
            [
              -78.81063121197667,
              42.99083111841812
            ],
            [
              -78.81074334645733,
              42.990832267597
            ],
            [
              -78.81124794909061,
              42.990836408611756
            ],
            [
              -78.81195536111927,
              42.99085146078227
            ],
            [
              -78.81264961902342,
              42.99084698515683
            ],
            [
              -78.81304207582394,
              42.9908468841663
            ],
            [
              -78.81354668636784,
              42.99085307290235
            ],
            [
              -78.8136027523683,
              42.990853303101304
            ],
            [
              -78.81464748011841,
              42.99086525867561
            ],
            [
              -78.81545293293927,
              42.99086054127616
            ],
            [
              -78.81629392176053,
              42.990863291415884
            ],
            [
              -78.81674245240593,
              42.99086546444615
            ],
            [
              -78.81713587227182,
              42.99087289388337
            ],
            [
              -78.81786382611278,
              42.99088340885306
            ],
            [
              -78.8183684059809,
              42.99088134490907
            ],
            [
              -78.81864874400324,
              42.99088454167473
            ],
            [
              -78.81892907803794,
              42.9908863658478
            ],
            [
              -78.8193776089846,
              42.99088887152952
            ],
            [
              -78.81982615828092,
              42.990895834136836
            ],
            [
              -78.82016255317282,
              42.9908965105083
            ],
            [
              -78.82044288738236,
              42.99089867395188
            ],
            [
              -78.8209475002689,
              42.990905173033546
            ],
            [
              -78.82139603659648,
              42.99090869973008
            ],
            [
              -78.82247534771592,
              42.99092256979119
            ],
            [
              -78.8225725172994,
              42.990919965882405
            ],
            [
              -78.82257888313872,
              42.99063390756235
            ],
            [
              -78.82258196626891,
              42.990465155662626
            ],
            [
              -78.8225913999648,
              42.9902473436455
            ],
            [
              -78.82260725488233,
              42.98987826463211
            ],
            [
              -78.82262057387166,
              42.98957813049872
            ],
            [
              -78.82272392562163,
              42.98719626491259
            ],
            [
              -78.82273207396666,
              42.987008638480724
            ],
            [
              -78.82276989993456,
              42.98556015708816
            ],
            [
              -78.82282918143596,
              42.984103398030335
            ],
            [
              -78.82288894341868,
              42.98265075421429
            ],
            [
              -78.82292232380966,
              42.98174315993222
            ],
            [
              -78.82294306518523,
              42.98118989030653
            ],
            [
              -78.82294833513974,
              42.981103448533396
            ],
            [
              -78.82296331321531,
              42.980870533440296
            ],
            [
              -78.82294847257653,
              42.980777960137864
            ],
            [
              -78.82293027551734,
              42.98066310021245
            ],
            [
              -78.82294653640793,
              42.98039965727174
            ],
            [
              -78.82303217030122,
              42.978994975375315
            ],
            [
              -78.82304589990613,
              42.9783203054774
            ],
            [
              -78.82306591623346,
              42.97770118408432
            ],
            [
              -78.82308806116426,
              42.97702889725901
            ],
            [
              -78.82309617254937,
              42.97683235218111
            ],
            [
              -78.82310001399757,
              42.97673905373954
            ],
            [
              -78.82311440353348,
              42.97623484296237
            ],
            [
              -78.8231304453446,
              42.97615592408791
            ],
            [
              -78.82314739387016,
              42.97570932844341
            ],
            [
              -78.8231564123372,
              42.97526549321268
            ],
            [
              -78.82317270026621,
              42.97500959548402
            ],
            [
              -78.82318217641341,
              42.974803787924486
            ],
            [
              -78.823192072706,
              42.974345545640695
            ],
            [
              -78.82321276977586,
              42.97402241463268
            ],
            [
              -78.82323379021723,
              42.97354219827603
            ],
            [
              -78.82323590962326,
              42.973486631140595
            ],
            [
              -78.82324106657342,
              42.9733713791884
            ],
            [
              -78.82326163419164,
              42.972894936497
            ],
            [
              -78.82326464369059,
              42.972828048261015
            ],
            [
              -78.8232696893855,
              42.972443900485466
            ],
            [
              -78.82328574415094,
              42.972128324640764
            ],
            [
              -78.82329485188485,
              42.971707811553756
            ],
            [
              -78.82333372245053,
              42.97101388028886
            ],
            [
              -78.82333590970188,
              42.97097580495161
            ],
            [
              -78.8233375645506,
              42.9709209247229
            ],
            [
              -78.82336654370515,
              42.97008570641713
            ],
            [
              -78.82336695073721,
              42.97007027147282
            ],
            [
              -78.82338597232831,
              42.96967717582316
            ],
            [
              -78.82339909820764,
              42.96932936674776
            ],
            [
              -78.82340333931899,
              42.96909887449536
            ],
            [
              -78.8234265877604,
              42.968711943544996
            ],
            [
              -78.8234356791945,
              42.96852774427811
            ],
            [
              -78.82344258748071,
              42.968382649292494
            ],
            [
              -78.82344816544722,
              42.96813569116029
            ],
            [
              -78.82345437049867,
              42.96792989019294
            ],
            [
              -78.82345564085081,
              42.96789627459516
            ],
            [
              -78.82347410218617,
              42.96747951524058
            ],
            [
              -78.82347797723003,
              42.96739513314212
            ],
            [
              -78.82348135588734,
              42.967303207424756
            ],
            [
              -78.82349898426892,
              42.96679247235315
            ],
            [
              -78.82350682496423,
              42.9664069454773
            ],
            [
              -78.82351640822226,
              42.966229261718446
            ],
            [
              -78.82352251682146,
              42.966118809331164
            ],
            [
              -78.82352507340073,
              42.96605569473997
            ],
            [
              -78.82353958551957,
              42.96570445271906
            ],
            [
              -78.82355077774157,
              42.96546022652527
            ],
            [
              -78.82355480730469,
              42.965295587631736
            ],
            [
              -78.8235572890905,
              42.96521326720306
            ],
            [
              -78.82356396053484,
              42.96500746424568
            ],
            [
              -78.82356520141748,
              42.96496630402936
            ],
            [
              -78.82356937905382,
              42.96483973560263
            ],
            [
              -78.82357063194125,
              42.964801662180854
            ],
            [
              -78.82357400766335,
              42.964709049564824
            ],
            [
              -78.8235752885723,
              42.96467817866583
            ],
            [
              -78.82358165305989,
              42.96451353484829
            ],
            [
              -78.8235825016558,
              42.964491582338894
            ],
            [
              -78.82358925837083,
              42.96430773080445
            ],
            [
              -78.82361481351685,
              42.96391393504737
            ],
            [
              -78.82361765254176,
              42.96368344551205
            ],
            [
              -78.82365587780804,
              42.96270586987101
            ],
            [
              -78.82365881301286,
              42.9626201186485
            ],
            [
              -78.82366350937589,
              42.96250692530714
            ],
            [
              -78.82367075267072,
              42.96232821648624
            ],
            [
              -78.82367495663736,
              42.96220850754738
            ],
            [
              -78.8236766804073,
              42.96217146205907
            ],
            [
              -78.82369026755569,
              42.96182296466507
            ],
            [
              -78.82369358554882,
              42.96171560486603
            ],
            [
              -78.82370165315864,
              42.96150876990227
            ],
            [
              -78.8237098048382,
              42.96132354341439
            ],
            [
              -78.82371065869062,
              42.96130296280208
            ],
            [
              -78.8237362404405,
              42.96103675544259
            ],
            [
              -78.82375938206842,
              42.96050371446896
            ],
            [
              -78.8237680756699,
              42.96009794951694
            ],
            [
              -78.8237963894262,
              42.959574158056014
            ],
            [
              -78.82380043271266,
              42.959413291740454
            ],
            [
              -78.82380243230752,
              42.95932719854979
            ],
            [
              -78.82381531934547,
              42.95903906789965
            ],
            [
              -78.82382832781735,
              42.95878214730134
            ],
            [
              -78.82383737130789,
              42.9585862864475
            ],
            [
              -78.82385098298565,
              42.9581246051968
            ],
            [
              -78.82356706730661,
              42.958124172458234
            ],
            [
              -78.82345685188687,
              42.95812097390796
            ],
            [
              -78.82334290081458,
              42.958117783084354
            ],
            [
              -78.82306270873944,
              42.95811391148218
            ],
            [
              -78.82278251281096,
              42.9581093532412
            ],
            [
              -78.82240516169793,
              42.95809745169659
            ],
            [
              -78.82237807814462,
              42.95809750825845
            ],
            [
              -78.82232203136218,
              42.9580948814432
            ],
            [
              -78.82194189722635,
              42.95808778590897
            ],
            [
              -78.82182748462748,
              42.95808596646079
            ],
            [
              -78.82170933382338,
              42.95808381170247
            ],
            [
              -78.82132546415546,
              42.95807672190012
            ],
            [
              -78.82127502743818,
              42.958075454830244
            ],
            [
              -78.82103685270536,
              42.958069433038254
            ],
            [
              -78.82091916354237,
              42.95806556160305
            ],
            [
              -78.82065298714818,
              42.95806336991369
            ],
            [
              -78.82051615539241,
              42.95806022371061
            ],
            [
              -78.8202046631858,
              42.95805298015791
            ],
            [
              -78.81982640400531,
              42.95804793160144
            ],
            [
              -78.81925199259149,
              42.95803539767918
            ],
            [
              -78.81894516359144,
              42.958026083204906
            ],
            [
              -78.81884568989408,
              42.95802320108481
            ],
            [
              -78.81884783758726,
              42.95748437243162
            ],
            [
              -78.81879751909588,
              42.95751397227686
            ],
            [
              -78.818779362829,
              42.95752841480663
            ],
            [
              -78.81874208106149,
              42.957548041375716
            ],
            [
              -78.81870900316636,
              42.957568003169236
            ],
            [
              -78.81868990511197,
              42.95758038973792
            ],
            [
              -78.81841859621991,
              42.957701676403076
            ],
            [
              -78.81771546307563,
              42.957976130785426
            ],
            [
              -78.81723378630943,
              42.95815958257924
            ],
            [
              -78.81715498331138,
              42.9581895828805
            ],
            [
              -78.81682018036479,
              42.958315797153325
            ],
            [
              -78.81667421250086,
              42.958366512933374
            ],
            [
              -78.81626666771095,
              42.958520656164225
            ],
            [
              -78.81599208763753,
              42.958643658620055
            ],
            [
              -78.81561253259328,
              42.958791225093066
            ],
            [
              -78.81527634551695,
              42.95892361219663
            ],
            [
              -78.81495786822613,
              42.95904704408367
            ],
            [
              -78.8143254177756,
              42.95925033758509
            ],
            [
              -78.8138563341624,
              42.95943477866036
            ],
            [
              -78.81354530754687,
              42.959554075837744
            ],
            [
              -78.81287618220853,
              42.959818142606245
            ],
            [
              -78.81275866604436,
              42.95986159463552
            ],
            [
              -78.81242292124084,
              42.95999054174682
            ],
            [
              -78.81225505273946,
              42.960056043865734
            ],
            [
              -78.81203122963291,
              42.960143951271185
            ],
            [
              -78.81195242410341,
              42.960174633947936
            ],
            [
              -78.8116367380758,
              42.96029873785804
            ],
            [
              -78.81158358028162,
              42.96031976567219
            ],
            [
              -78.81113686865179,
              42.96049729045358
            ],
            [
              -78.81079225701772,
              42.96062933723887
            ],
            [
              -78.81047469967248,
              42.96075378463466
            ],
            [
              -78.81040848335037,
              42.9607796395386
            ],
            [
              -78.8101286955845,
              42.96088891900364
            ],
            [
              -78.81005175358818,
              42.96091925369584
            ],
            [
              -78.80937655908646,
              42.96119188738299
            ],
            [
              -78.80916921011585,
              42.96131748448233
            ],
            [
              -78.8090063955624,
              42.961234461362366
            ],
            [
              -78.80894914160743,
              42.95898461817082
            ],
            [
              -78.80859657807041,
              42.958984283585814
            ],
            [
              -78.80783214766514,
              42.958983727481055
            ],
            [
              -78.8078299680803,
              42.95889798573257
            ],
            [
              -78.807819274747,
              42.95852552987504
            ],
            [
              -78.80782583382475,
              42.956476203556086
            ],
            [
              -78.80396266965198,
              42.95645250343373
            ],
            [
              -78.80396732196552,
              42.95487923841814
            ],
            [
              -78.80396795207976,
              42.95466350231274
            ],
            [
              -78.80595205293918,
              42.95468778527433
            ],
            [
              -78.80893030869167,
              42.95472414108592
            ],
            [
              -78.8089541183121,
              42.95229441355812
            ],
            [
              -78.80948827334957,
              42.952294388433494
            ],
            [
              -78.81060981039991,
              42.95229422503861
            ],
            [
              -78.81062092421108,
              42.95226916536721
            ],
            [
              -78.81085394935086,
              42.95189759621164
            ],
            [
              -78.81098067033685,
              42.95169498463091
            ],
            [
              -78.81094879099311,
              42.95089967431268
            ],
            [
              -78.8109324445652,
              42.950011384235324
            ],
            [
              -78.81093191574588,
              42.949994579216636
            ],
            [
              -78.81093118590533,
              42.94966977672899
            ],
            [
              -78.81094980607733,
              42.949654648539784
            ],
            [
              -78.81096516935543,
              42.94964261365348
            ],
            [
              -78.8109805338915,
              42.94963092174364
            ],
            [
              -78.81099683094591,
              42.94961888499606
            ],
            [
              -78.81101638993113,
              42.94960512685293
            ],
            [
              -78.81103268950027,
              42.94959377605726
            ],
            [
              -78.81104899032775,
              42.94958276823783
            ],
            [
              -78.81106575804317,
              42.9495717594872
            ],
            [
              -78.81108252701715,
              42.94956109371264
            ],
            [
              -78.81109929724995,
              42.94955077091414
            ],
            [
              -78.81111653437064,
              42.94954044718413
            ],
            [
              -78.811134238379,
              42.94953012252239
            ],
            [
              -78.81115194364637,
              42.94952014083643
            ],
            [
              -78.81116965017301,
              42.94951050212624
            ],
            [
              -78.81118595980983,
              42.94950189513698
            ],
            [
              -78.81120599826116,
              42.949491565817375
            ],
            [
              -78.81122417292954,
              42.94948226914787
            ],
            [
              -78.81124281574752,
              42.94947331362424
            ],
            [
              -78.81126145856342,
              42.94946435899777
            ],
            [
              -78.81128053789163,
              42.94944717195367
            ],
            [
              -78.80883903381651,
              42.9494197674948
            ],
            [
              -78.80356905718088,
              42.9493892132071
            ],
            [
              -78.80333513543566,
              42.94938726215338
            ],
            [
              -78.80329077819268,
              42.94938700441399
            ],
            [
              -78.80054952833069,
              42.94935862679817
            ],
            [
              -78.79903484877696,
              42.94933919721353
            ],
            [
              -78.79881352740935,
              42.94933584125135
            ],
            [
              -78.79859920589348,
              42.94933109977372
            ],
            [
              -78.79651390938858,
              42.949291443643816
            ],
            [
              -78.79651459181761,
              42.94962447790197
            ],
            [
              -78.79651469006096,
              42.94965294514778
            ],
            [
              -78.79651473278989,
              42.94993590444267
            ],
            [
              -78.79651558753955,
              42.95045414899652
            ],
            [
              -78.79651564317318,
              42.950470269000846
            ],
            [
              -78.79651618360157,
              42.95076214483441
            ],
            [
              -78.7965172300121,
              42.9510653389834
            ],
            [
              -78.79672448328857,
              42.95267113613754
            ],
            [
              -78.79637887547338,
              42.95264639840068
            ],
            [
              -78.7963855345691,
              42.952817191387226
            ],
            [
              -78.7957675585939,
              42.95451301177559
            ],
            [
              -78.79597547775916,
              42.95455172553557
            ],
            [
              -78.7957480439831,
              42.955219932228964
            ],
            [
              -78.79574608559683,
              42.95532934671655
            ],
            [
              -78.79573782044005,
              42.95577729576781
            ],
            [
              -78.79550668929134,
              42.95577909633535
            ],
            [
              -78.79549834525973,
              42.95783562822196
            ],
            [
              -78.79623223911808,
              42.957651456962026
            ],
            [
              -78.79623797867646,
              42.957826366384396
            ],
            [
              -78.79632345219012,
              42.95850908346699
            ],
            [
              -78.79755719492519,
              42.95851466975818
            ],
            [
              -78.79777760683471,
              42.958515971954846
            ],
            [
              -78.79777264890656,
              42.95856742832276
            ],
            [
              -78.79954476424167,
              42.95856135096851
            ],
            [
              -78.79955515870066,
              42.96019632198019
            ],
            [
              -78.79955530882324,
              42.960239194250235
            ],
            [
              -78.79955829267334,
              42.96069123769984
            ],
            [
              -78.79956120331636,
              42.96112235944906
            ],
            [
              -78.79956256509223,
              42.96137787815024
            ],
            [
              -78.79957607232846,
              42.963501248144425
            ],
            [
              -78.79963165367037,
              42.96350354399234
            ],
            [
              -78.79964012511259,
              42.964455299847636
            ],
            [
              -78.79949391360807,
              42.964444600683244
            ],
            [
              -78.79921364370881,
              42.96442626569591
            ],
            [
              -78.79882126370204,
              42.964400252584475
            ],
            [
              -78.79865310197954,
              42.96438925068571
            ],
            [
              -78.79862881167873,
              42.96438758147396
            ],
            [
              -78.79862928482333,
              42.964925031400995
            ],
            [
              -78.79871138526235,
              42.96985110858931
            ],
            [
              -78.79867215327354,
              42.96985118240154
            ],
            [
              -78.79850402335028,
              42.969853556453025
            ],
            [
              -78.79743915965979,
              42.96985761109891
            ],
            [
              -78.79727102253214,
              42.969857925473725
            ],
            [
              -78.79628928838676,
              42.96986044210222
            ],
            [
              -78.79607256882821,
              42.9698581012522
            ],
            [
              -78.79558965922362,
              42.96986448542192
            ],
            [
              -78.7955345475971,
              42.96986458760377
            ],
            [
              -78.79530943056315,
              42.96986534769496
            ],
            [
              -78.79515764006078,
              42.969865628692276
            ],
            [
              -78.79517636576405,
              42.97001444729361
            ],
            [
              -78.795179180583,
              42.97165114528332
            ],
            [
              -78.79517985155887,
              42.971846642495294
            ],
            [
              -78.79518389996426,
              42.97248183524165
            ],
            [
              -78.79519268080139,
              42.97381532660598
            ],
            [
              -78.79519327534494,
              42.97398853021069
            ],
            [
              -78.79519768810464,
              42.974321556133866
            ],
            [
              -78.79522259178684,
              42.975997310762175
            ],
            [
              -78.79524441591651,
              42.978136094549015
            ],
            [
              -78.79524712294847,
              42.9783802917364
            ],
            [
              -78.79537651300964,
              42.978380052113906
            ],
            [
              -78.79539440636277,
              42.97910130538176
            ],
            [
              -78.79539257169941,
              42.979247075882235
            ],
            [
              -78.7928654381685,
              42.97910939256462
            ],
            [
              -78.79229573354553,
              42.9790257181416
            ],
            [
              -78.792206104681,
              42.97918090837876
            ],
            [
              -78.7920874450866,
              42.97986811414929
            ],
            [
              -78.79187847750397,
              42.98051123906769
            ],
            [
              -78.79130812915248,
              42.98148736934351
            ],
            [
              -78.79098627930145,
              42.98190673122915
            ],
            [
              -78.78889270149853,
              42.984337092499025
            ],
            [
              -78.78864372327435,
              42.98448330543634
            ],
            [
              -78.78867430093918,
              42.98510850304751
            ],
            [
              -78.78867952078636,
              42.985132845188616
            ],
            [
              -78.78866919239381,
              42.98539832941846
            ],
            [
              -78.788636147774,
              42.98599723168114
            ],
            [
              -78.7886339488858,
              42.98603839309274
            ],
            [
              -78.7886027784319,
              42.98649872755614
            ],
            [
              -78.7885809572456,
              42.98682048085627
            ],
            [
              -78.78857562498749,
              42.986902806241055
            ],
            [
              -78.78854937360836,
              42.987297278966565
            ],
            [
              -78.78853978076346,
              42.987643705662975
            ],
            [
              -78.78853513290522,
              42.987931817079826
            ],
            [
              -78.78853480262545,
              42.98797297512563
            ],
            [
              -78.78853273651525,
              42.98819454311684
            ],
            [
              -78.78852190616801,
              42.988590360915005
            ],
            [
              -78.78851844244527,
              42.988672682021786
            ],
            [
              -78.78851310995312,
              42.98875500737745
            ],
            [
              -78.7885049742951,
              42.98883733685622
            ],
            [
              -78.78849997207446,
              42.98887850326981
            ],
            [
              -78.78848763165121,
              42.98896084028242
            ],
            [
              -78.7884802934455,
              42.989002010881165
            ],
            [
              -78.788472488037,
              42.989043182316536
            ],
            [
              -78.78846374823144,
              42.98908435542561
            ],
            [
              -78.78844486700658,
              42.98916670505283
            ],
            [
              -78.78843472558242,
              42.9892078806705
            ],
            [
              -78.78842364975554,
              42.989249057961295
            ],
            [
              -78.78839822769096,
              42.98933141839799
            ],
            [
              -78.788368605356,
              42.989415158266794
            ],
            [
              -78.78832696348674,
              42.989537333266775
            ],
            [
              -78.78829686920422,
              42.98961970294478
            ],
            [
              -78.7882070530671,
              42.98986680838827
            ],
            [
              -78.78810648936323,
              42.990113933879314
            ],
            [
              -78.78806432011177,
              42.99021827482307
            ],
            [
              -78.78804860029229,
              42.990268034842934
            ],
            [
              -78.78801885753683,
              42.990315762066075
            ],
            [
              -78.78800069694454,
              42.99033397240862
            ],
            [
              -78.78772394158858,
              42.991269771416334
            ],
            [
              -78.78868729545096,
              42.991257757741984
            ],
            [
              -78.78973053610893,
              42.99124353406152
            ],
            [
              -78.7898953055583,
              42.99091774924259
            ],
            [
              -78.790322057557,
              42.989999165693035
            ],
            [
              -78.79076477529054,
              42.99021992933462
            ],
            [
              -78.79204614752781,
              42.99044499481011
            ],
            [
              -78.79208351220743,
              42.990441496884756
            ],
            [
              -78.79208122489482,
              42.99073200484495
            ],
            [
              -78.79201021194015,
              42.99073282029129
            ],
            [
              -78.79201975606244,
              42.99093001648701
            ],
            [
              -78.79202879706311,
              42.99111658035614
            ],
            [
              -78.79203613012483,
              42.99121260098846
            ],
            [
              -78.79291585165112,
              42.991200704187285
            ],
            [
              -78.79314011216377,
              42.99119995035415
            ],
            [
              -78.79329615655624,
              42.991198635279375
            ],
            [
              -78.79358861902388,
              42.99119501160994
            ],
            [
              -78.79364468179115,
              42.991194222655174
            ],
            [
              -78.79392499683064,
              42.99119027746704
            ],
            [
              -78.79437350242472,
              42.99118464969251
            ],
            [
              -78.79470988240534,
              42.99118094217468
            ],
            [
              -78.79476594279203,
              42.991179466717945
            ],
            [
              -78.79499018318326,
              42.99117287866134
            ],
            [
              -78.79515835957983,
              42.991167079891355
            ],
            [
              -78.79555076440455,
              42.99115126195584
            ],
            [
              -78.79588708857008,
              42.991131431088775
            ],
            [
              -78.79622340427171,
              42.99110885542059
            ],
            [
              -78.79627945626527,
              42.99110497838813
            ],
            [
              -78.79655971019764,
              42.99108387793233
            ],
            [
              -78.79661576096076,
              42.99107965775887
            ],
            [
              -78.79683996516181,
              42.99106277678839
            ],
            [
              -78.79700811849932,
              42.99105045875058
            ],
            [
              -78.79737804849711,
              42.99102095736138
            ]
          ]
        ]
      }
    },
    {
      "type": "Feature",
      "properties": {
        "name": "Main-Transit Fire Protection District"
      },
      "geometry": {
        "type": "Polygon",
        "coordinates": [
          [
            [
              -78.7389806430281,
              42.99115333666092
            ],
            [
              -78.73920490867678,
              42.99115440338884
            ],
            [
              -78.73950110178792,
              42.99114679709615
            ],
            [
              -78.73950849900636,
              42.990931395503395
            ],
            [
              -78.73950886200764,
              42.99089023756773
            ],
            [
              -78.73951586664278,
              42.990519810133364
            ],
            [
              -78.7395162296375,
              42.99047865219473
            ],
            [
              -78.73951612542695,
              42.99043749489333
            ],
            [
              -78.73951394484916,
              42.99031436851488
            ],
            [
              -78.73951337256867,
              42.99027286887226
            ],
            [
              -78.73951119200315,
              42.99014974249015
            ],
            [
              -78.73951061972635,
              42.990108242846325
            ],
            [
              -78.73950958111445,
              42.990067085917
            ],
            [
              -78.73950916429726,
              42.98990245669765
            ],
            [
              -78.73950952729402,
              42.9898612987546
            ],
            [
              -78.73951035749063,
              42.98982014017375
            ],
            [
              -78.73951072135466,
              42.98977932520764
            ],
            [
              -78.73951108348155,
              42.98973782428615
            ],
            [
              -78.73951180947086,
              42.98965550839735
            ],
            [
              -78.73951217246261,
              42.9896143495523
            ],
            [
              -78.73951160105958,
              42.98957319288214
            ],
            [
              -78.73950988685546,
              42.98944972286982
            ],
            [
              -78.73950978265289,
              42.98940856556098
            ],
            [
              -78.7395101456473,
              42.989367407614345
            ],
            [
              -78.73951004144485,
              42.98932625030492
            ],
            [
              -78.73950972883651,
              42.989202777474624
            ],
            [
              -78.73950915743971,
              42.98916162080145
            ],
            [
              -78.73950905323868,
              42.98912046349052
            ],
            [
              -78.73950941623242,
              42.989079305541836
            ],
            [
              -78.73950920869916,
              42.98899733389611
            ],
            [
              -78.739509570824,
              42.9889558329689
            ],
            [
              -78.73950946662343,
              42.9889146756565
            ],
            [
              -78.73950936242308,
              42.98887351834379
            ],
            [
              -78.7395086868306,
              42.988791204354946
            ],
            [
              -78.7395085843656,
              42.988750732096356
            ],
            [
              -78.73950801123797,
              42.988708889464704
            ],
            [
              -78.73950790703934,
              42.9886677321505
            ],
            [
              -78.73950827003209,
              42.98862657419856
            ],
            [
              -78.73950910021533,
              42.98858541560883
            ],
            [
              -78.73951382250682,
              42.98842077933455
            ],
            [
              -78.7395146535523,
              42.98837996372096
            ],
            [
              -78.73951548286009,
              42.988338462151795
            ],
            [
              -78.73951584758095,
              42.98829798925254
            ],
            [
              -78.73951620883022,
              42.98825614534263
            ],
            [
              -78.7395170390039,
              42.988214986750194
            ],
            [
              -78.73951740459388,
              42.9881748577279
            ],
            [
              -78.73951729778584,
              42.988132671476926
            ],
            [
              -78.73951766077025,
              42.9880915135211
            ],
            [
              -78.7395175565674,
              42.988050356202464
            ],
            [
              -78.739516986915,
              42.98800988547632
            ],
            [
              -78.73951641379004,
              42.98796804283927
            ],
            [
              -78.7395163095885,
              42.98792688551974
            ],
            [
              -78.73951620538718,
              42.987885728199934
            ],
            [
              -78.73951698173265,
              42.987638781462074
            ],
            [
              -78.7395173447153,
              42.987597623502694
            ],
            [
              -78.73951807067942,
              42.98751530758303
            ],
            [
              -78.73951843366088,
              42.98747414962275
            ],
            [
              -78.73951869243847,
              42.987391833438586
            ],
            [
              -78.73951905628735,
              42.987351018455115
            ],
            [
              -78.73951895121795,
              42.98730951815343
            ],
            [
              -78.739519314198,
              42.987268360191656
            ],
            [
              -78.73951936457524,
              42.987103730254105
            ],
            [
              -78.73951926037486,
              42.987062572928345
            ],
            [
              -78.73952009053275,
              42.98702141432732
            ],
            [
              -78.73952092329465,
              42.98698128465915
            ],
            [
              -78.73952341202015,
              42.98685712199771
            ],
            [
              -78.73952553863344,
              42.986774461177085
            ],
            [
              -78.73952080435558,
              42.98656525049346
            ],
            [
              -78.73952075921589,
              42.986362892082184
            ],
            [
              -78.73952153554407,
              42.986115946178636
            ],
            [
              -78.73952143134585,
              42.98607478884576
            ],
            [
              -78.73952179431713,
              42.98603362997489
            ],
            [
              -78.73952231186668,
              42.98586899936422
            ],
            [
              -78.73952220766883,
              42.98582784202954
            ],
            [
              -78.73952329658378,
              42.985704368111314
            ],
            [
              -78.7395231923859,
              42.98566321077545
            ],
            [
              -78.73952308818822,
              42.9856220534393
            ],
            [
              -78.73952251682036,
              42.98558089584014
            ],
            [
              -78.73952241262342,
              42.98553973850338
            ],
            [
              -78.73952230842673,
              42.985498581166354
            ],
            [
              -78.73952220423024,
              42.98545742382899
            ],
            [
              -78.73952142447585,
              42.98533395245267
            ],
            [
              -78.73952225548072,
              42.985293136817006
            ],
            [
              -78.73952261845065,
              42.985251978840715
            ],
            [
              -78.73952562552161,
              42.98496352848274
            ],
            [
              -78.73952552392979,
              42.98492340007509
            ],
            [
              -78.73952541712833,
              42.98488121380004
            ],
            [
              -78.73952484576952,
              42.984840057095745
            ],
            [
              -78.73952474331033,
              42.98479958570935
            ],
            [
              -78.73952611876054,
              42.984604770836
            ],
            [
              -78.7395274368983,
              42.984387320316365
            ],
            [
              -78.73952785023394,
              42.984181531411465
            ],
            [
              -78.73952821319577,
              42.98414037342714
            ],
            [
              -78.73953433398812,
              42.98360565976909
            ],
            [
              -78.73953469607503,
              42.9835641588027
            ],
            [
              -78.73953868855358,
              42.98311142000948
            ],
            [
              -78.73953811720574,
              42.98307026329244
            ],
            [
              -78.73953121071813,
              42.98274101183264
            ],
            [
              -78.73953063937942,
              42.98269985511291
            ],
            [
              -78.73953323129003,
              42.98224746114174
            ],
            [
              -78.7395335933724,
              42.98220596016545
            ],
            [
              -78.7395382613268,
              42.981835535354904
            ],
            [
              -78.73953862427246,
              42.981794377353665
            ],
            [
              -78.73953737569454,
              42.981301174021404
            ],
            [
              -78.73953726976676,
              42.98125933069766
            ],
            [
              -78.73953669499626,
              42.9808477554675
            ],
            [
              -78.7395365908071,
              42.98080659809661
            ],
            [
              -78.73953554892535,
              42.98039502347122
            ],
            [
              -78.73953591186715,
              42.980353865459605
            ],
            [
              -78.73953813988435,
              42.97994228633926
            ],
            [
              -78.73953756857242,
              42.9799011295993
            ],
            [
              -78.73953606387992,
              42.979860317112134
            ],
            [
              -78.73953502457762,
              42.9798188180309
            ],
            [
              -78.73953398701316,
              42.979778004905675
            ],
            [
              -78.7395329477115,
              42.97973650492362
            ],
            [
              -78.73953190928178,
              42.9796953488196
            ],
            [
              -78.73953087085353,
              42.979654192715294
            ],
            [
              -78.73952926112405,
              42.979571879868296
            ],
            [
              -78.73952822269987,
              42.97953072376304
            ],
            [
              -78.73952614585593,
              42.979448411551644
            ],
            [
              -78.73952557455753,
              42.979407254808066
            ],
            [
              -78.73952453787518,
              42.979366784657955
            ],
            [
              -78.73952350032614,
              42.979325971529356
            ],
            [
              -78.73952292642424,
              42.97928378495013
            ],
            [
              -78.73952188974593,
              42.979243314799106
            ],
            [
              -78.73952131671645,
              42.979201472097635
            ],
            [
              -78.73952074542406,
              42.97916031535224
            ],
            [
              -78.73952110837085,
              42.97911915733174
            ],
            [
              -78.73952147131726,
              42.979077999310974
            ],
            [
              -78.7395231314454,
              42.97899568199371
            ],
            [
              -78.73952396150793,
              42.97895452333461
            ],
            [
              -78.73952525868707,
              42.978913364037815
            ],
            [
              -78.73952609048347,
              42.978872891334504
            ],
            [
              -78.7395273859211,
              42.97883104518048
            ],
            [
              -78.73952868309559,
              42.978789885882755
            ],
            [
              -78.73953091108217,
              42.97856283047645
            ],
            [
              -78.73953129572344,
              42.97853024690733
            ],
            [
              -78.73953080695875,
              42.97833714926096
            ],
            [
              -78.73952888474534,
              42.97813136422519
            ],
            [
              -78.73952831345989,
              42.9780902074721
            ],
            [
              -78.73952685837246,
              42.97788442088973
            ],
            [
              -78.7395262896954,
              42.977844293069644
            ],
            [
              -78.73952625236733,
              42.977829545004006
            ],
            [
              -78.73952614819613,
              42.97778838761132
            ],
            [
              -78.73952604402514,
              42.97774723021833
            ],
            [
              -78.73952593985437,
              42.97770607282504
            ],
            [
              -78.7395234464056,
              42.97745913010847
            ],
            [
              -78.73952334310567,
              42.977418315691395
            ],
            [
              -78.73952323806985,
              42.97737681531743
            ],
            [
              -78.73952313563842,
              42.9773363438781
            ],
            [
              -78.73951928962116,
              42.97692408686952
            ],
            [
              -78.73951918545791,
              42.9768829294703
            ],
            [
              -78.73951690040293,
              42.97671830241979
            ],
            [
              -78.7395163291413,
              42.97667714565643
            ],
            [
              -78.73951461535917,
              42.976553674464284
            ],
            [
              -78.73951404410091,
              42.9765125176997
            ],
            [
              -78.73950776031333,
              42.97605979236923
            ],
            [
              -78.7395071890652,
              42.97601863560105
            ],
            [
              -78.73950649717588,
              42.97592980483712
            ],
            [
              -78.73937009761553,
              42.97592690404227
            ],
            [
              -78.73779453423363,
              42.975909834152205
            ],
            [
              -78.73779207355791,
              42.9756731806621
            ],
            [
              -78.73772999662712,
              42.96953014201241
            ],
            [
              -78.73772858556525,
              42.96933944615642
            ],
            [
              -78.7377244189661,
              42.96898069471844
            ],
            [
              -78.7377029272509,
              42.96692318187404
            ],
            [
              -78.73733117208977,
              42.96692299666188
            ],
            [
              -78.73720507823275,
              42.96692453815446
            ],
            [
              -78.73702107862871,
              42.96692890111088
            ],
            [
              -78.73578420176486,
              42.96695118254008
            ],
            [
              -78.73567440312065,
              42.96678117097384
            ],
            [
              -78.73567506544728,
              42.96679424744736
            ],
            [
              -78.73568668030387,
              42.96707953833189
            ],
            [
              -78.73479981948832,
              42.96709169066582
            ],
            [
              -78.73478867818392,
              42.9668313726985
            ],
            [
              -78.7345986742054,
              42.96685452709444
            ],
            [
              -78.73459842331742,
              42.96685469036407
            ],
            [
              -78.73393737071233,
              42.966964897066994
            ],
            [
              -78.73393078626246,
              42.96696612101391
            ],
            [
              -78.73392935127713,
              42.96750647409452
            ],
            [
              -78.73392625275454,
              42.96853370612699
            ],
            [
              -78.73392485130937,
              42.968916473661324
            ],
            [
              -78.73392460766885,
              42.969008050540815
            ],
            [
              -78.73392157950758,
              42.96987270882059
            ],
            [
              -78.73391874273501,
              42.97005003317904
            ],
            [
              -78.73166756794554,
              42.971613876751874
            ],
            [
              -78.7316442535506,
              42.97163002701491
            ],
            [
              -78.73012344479588,
              42.97239649122268
            ],
            [
              -78.72967692037045,
              42.97239466211986
            ],
            [
              -78.72966358303776,
              42.96952701899377
            ],
            [
              -78.73317954494742,
              42.96895620850544
            ],
            [
              -78.73319814115496,
              42.96488088628499
            ],
            [
              -78.73319735278211,
              42.96474849694246
            ],
            [
              -78.73385420689506,
              42.96464283165634
            ],
            [
              -78.73385391535838,
              42.96450263773353
            ],
            [
              -78.73281722650371,
              42.96467285237158
            ],
            [
              -78.73263632072921,
              42.964701953730895
            ],
            [
              -78.73211070922032,
              42.96478832824899
            ],
            [
              -78.73209351497904,
              42.9630792761623
            ],
            [
              -78.73209049412688,
              42.96279460638973
            ],
            [
              -78.73209045446285,
              42.96277814338361
            ],
            [
              -78.732077696997,
              42.9615533742321
            ],
            [
              -78.73207314133128,
              42.961406927500974
            ],
            [
              -78.73207025781902,
              42.96117919132325
            ],
            [
              -78.73206970243506,
              42.96114249313503
            ],
            [
              -78.73206796275939,
              42.96100187340213
            ],
            [
              -78.73206792558233,
              42.96098643932901
            ],
            [
              -78.73206623631084,
              42.96086674133632
            ],
            [
              -78.73206619500151,
              42.96084959146556
            ],
            [
              -78.73205806620916,
              42.960189020674875
            ],
            [
              -78.73205631668012,
              42.96004428516472
            ],
            [
              -78.73205628198541,
              42.96002988002737
            ],
            [
              -78.73204923935432,
              42.95943241525495
            ],
            [
              -78.73204362278832,
              42.95923315083706
            ],
            [
              -78.73203674411397,
              42.95909150879105
            ],
            [
              -78.73207332463627,
              42.956830185280864
            ],
            [
              -78.7320299150929,
              42.956643316279525
            ],
            [
              -78.7319956575266,
              42.954632803734995
            ],
            [
              -78.73199237792508,
              42.954434221173365
            ],
            [
              -78.73198796211354,
              42.95416785409435
            ],
            [
              -78.73175999825806,
              42.95416814991062
            ],
            [
              -78.73135229575576,
              42.954163149628194
            ],
            [
              -78.7308955427562,
              42.95416044456178
            ],
            [
              -78.7307561510437,
              42.95367591023113
            ],
            [
              -78.73066965567025,
              42.95329999476753
            ],
            [
              -78.73016792865032,
              42.95116722198308
            ],
            [
              -78.73015054139248,
              42.95108056549636
            ],
            [
              -78.73237828976379,
              42.951010228206975
            ],
            [
              -78.73237844290497,
              42.95101021000333
            ],
            [
              -78.73214872641012,
              42.95072124168718
            ],
            [
              -78.73189021064475,
              42.950395401544945
            ],
            [
              -78.73183073927846,
              42.95032276671344
            ],
            [
              -78.73175815609046,
              42.950234028739125
            ],
            [
              -78.73160261853262,
              42.95001540744559
            ],
            [
              -78.73152812976663,
              42.94991055167501
            ],
            [
              -78.7314039001716,
              42.9497014939354
            ],
            [
              -78.73133452003742,
              42.94958496916493
            ],
            [
              -78.73131101091386,
              42.949516403324914
            ],
            [
              -78.73130285925954,
              42.94942689577709
            ],
            [
              -78.73129039303635,
              42.949290405382506
            ],
            [
              -78.73128894881594,
              42.94927222924659
            ],
            [
              -78.73128984152822,
              42.94925507903364
            ],
            [
              -78.73129337376143,
              42.949170358115296
            ],
            [
              -78.73128857832172,
              42.94911754431019
            ],
            [
              -78.7312852287493,
              42.9490835935015
            ],
            [
              -78.73129391568145,
              42.94900675448565
            ],
            [
              -78.7313016926353,
              42.94893986309928
            ],
            [
              -78.73130748534513,
              42.948824270945174
            ],
            [
              -78.73131016098198,
              42.94877179136122
            ],
            [
              -78.73130871841147,
              42.94875430118421
            ],
            [
              -78.7313010148555,
              42.94865690357677
            ],
            [
              -78.73129059953858,
              42.94859689532577
            ],
            [
              -78.73128728531704,
              42.948577692660976
            ],
            [
              -78.73127364370241,
              42.948535180620134
            ],
            [
              -78.73125996925424,
              42.948478949370596
            ],
            [
              -78.7312430799997,
              42.94844501605292
            ],
            [
              -78.73122431254093,
              42.94840662640306
            ],
            [
              -78.73115222316898,
              42.94832783383207
            ],
            [
              -78.73104454813848,
              42.94820621358332
            ],
            [
              -78.73102629532143,
              42.94818771614764
            ],
            [
              -78.73091864823938,
              42.94807810098546
            ],
            [
              -78.7306674993027,
              42.947897330406455
            ],
            [
              -78.73064176838183,
              42.94787541272044
            ],
            [
              -78.73055942939207,
              42.94780520658948
            ],
            [
              -78.73042933877508,
              42.94768052864662
            ],
            [
              -78.7304049972418,
              42.94765380738329
            ],
            [
              -78.73032588985124,
              42.94756850665316
            ],
            [
              -78.7302364807339,
              42.947469842817576
            ],
            [
              -78.73009050047469,
              42.94733798136496
            ],
            [
              -78.7300474547469,
              42.947298936675146
            ],
            [
              -78.72983661182774,
              42.94718087816123
            ],
            [
              -78.7297786649025,
              42.94715865852341
            ],
            [
              -78.72972492520556,
              42.94713814838238
            ],
            [
              -78.7296838245463,
              42.94713168429165
            ],
            [
              -78.72959928886665,
              42.9471187590487
            ],
            [
              -78.72946015940951,
              42.94711893673717
            ],
            [
              -78.72938080322898,
              42.94712452571179
            ],
            [
              -78.72932151952277,
              42.947128717108924
            ],
            [
              -78.72925432805609,
              42.94714526588325
            ],
            [
              -78.72922632107124,
              42.94714770245061
            ],
            [
              -78.72917824320493,
              42.94715222247254
            ],
            [
              -78.72907038515488,
              42.947148930027836
            ],
            [
              -78.72891395044142,
              42.947136095793134
            ],
            [
              -78.72859542383937,
              42.94708711113189
            ],
            [
              -78.72842958052946,
              42.947044448799396
            ],
            [
              -78.72834499692405,
              42.94701094381141
            ],
            [
              -78.72825480606679,
              42.94697538797171
            ],
            [
              -78.72813231484626,
              42.94690317302103
            ],
            [
              -78.72784148525888,
              42.946719016575244
            ],
            [
              -78.72772971789844,
              42.946640271906745
            ],
            [
              -78.72764460105212,
              42.946577956638166
            ],
            [
              -78.72759503559244,
              42.946545092903904
            ],
            [
              -78.7275277442281,
              42.946518768123525
            ],
            [
              -78.72747685028266,
              42.94651677433289
            ],
            [
              -78.72745163674757,
              42.94651577713519
            ],
            [
              -78.7273217913079,
              42.94649296078498
            ],
            [
              -78.72719611789077,
              42.94645676187116
            ],
            [
              -78.72704379541167,
              42.946404477054514
            ],
            [
              -78.72686431734117,
              42.94631895689492
            ],
            [
              -78.72668948496477,
              42.946223827156324
            ],
            [
              -78.7266240013585,
              42.94617143299486
            ],
            [
              -78.72654588852446,
              42.946108765154925
            ],
            [
              -78.72636179730488,
              42.946046572707964
            ],
            [
              -78.72612445248573,
              42.94597106923055
            ],
            [
              -78.72605954223869,
              42.94596497651586
            ],
            [
              -78.72591384753366,
              42.94595143882374
            ],
            [
              -78.72587368575317,
              42.94594668710094
            ],
            [
              -78.72553744562862,
              42.945905947527734
            ],
            [
              -78.72521013979856,
              42.94589332036777
            ],
            [
              -78.72518026102121,
              42.9458937003772
            ],
            [
              -78.724932360292,
              42.94589675114499
            ],
            [
              -78.72472506957038,
              42.945897007371784
            ],
            [
              -78.724730900252,
              42.94660868831396
            ],
            [
              -78.72473143306661,
              42.94663749808907
            ],
            [
              -78.72474012775085,
              42.94717253912582
            ],
            [
              -78.72474068883817,
              42.947213696190424
            ],
            [
              -78.72474265474129,
              42.947460641201914
            ],
            [
              -78.72474321583343,
              42.9475017982644
            ],
            [
              -78.72475228764176,
              42.94820146975725
            ],
            [
              -78.7247523331817,
              42.94822136261365
            ],
            [
              -78.72475286523702,
              42.948249829400204
            ],
            [
              -78.72475247608529,
              42.94828378592489
            ],
            [
              -78.7247521034197,
              42.94832494413494
            ],
            [
              -78.72474734532358,
              42.94848992398997
            ],
            [
              -78.7247460380923,
              42.94853074037181
            ],
            [
              -78.7247447316445,
              42.94857189973361
            ],
            [
              -78.72473960005253,
              42.94877769570795
            ],
            [
              -78.72473876048596,
              42.94881885449117
            ],
            [
              -78.72473834541296,
              42.94884149176414
            ],
            [
              -78.72473139276177,
              42.94927159967997
            ],
            [
              -78.72472524549808,
              42.9500536052308
            ],
            [
              -78.72472823688959,
              42.95013660387182
            ],
            [
              -78.7247257379653,
              42.95047272846289
            ],
            [
              -78.72472488109763,
              42.95050634167065
            ],
            [
              -78.72471946667547,
              42.95058866472548
            ],
            [
              -78.7247205898916,
              42.950875395538816
            ],
            [
              -78.72472068724018,
              42.95091792507392
            ],
            [
              -78.72472461091394,
              42.951000236588776
            ],
            [
              -78.7247256397247,
              42.95104173602916
            ],
            [
              -78.7247248126836,
              42.95108838247774
            ],
            [
              -78.72472396601403,
              42.951126454423274
            ],
            [
              -78.71016261652413,
              42.9512110813718
            ],
            [
              -78.71011265799936,
              42.95121147969455
            ],
            [
              -78.70967563637736,
              42.95121436374403
            ],
            [
              -78.70840472433787,
              42.951223647979624
            ],
            [
              -78.70307451683908,
              42.95124752573652
            ],
            [
              -78.70297740041471,
              42.95124797026503
            ],
            [
              -78.70276402306285,
              42.951248879050645
            ],
            [
              -78.70047991491784,
              42.95125912792318
            ],
            [
              -78.69869402378305,
              42.951282549453296
            ],
            [
              -78.69842929066799,
              42.95128590277047
            ],
            [
              -78.69712802291849,
              42.95129337741984
            ],
            [
              -78.6969393914696,
              42.95129356478339
            ],
            [
              -78.6969395191486,
              42.95237841645662
            ],
            [
              -78.69693583396585,
              42.95316727732741
            ],
            [
              -78.6969376950071,
              42.954179071988335
            ],
            [
              -78.69693524985699,
              42.954372858632176
            ],
            [
              -78.69693284254431,
              42.954587224085664
            ],
            [
              -78.69693542600764,
              42.955991731721575
            ],
            [
              -78.69693103594655,
              42.95639748326497
            ],
            [
              -78.69693187764561,
              42.95660121301401
            ],
            [
              -78.69692504961067,
              42.95771247919503
            ],
            [
              -78.69692512531846,
              42.95775363770504
            ],
            [
              -78.69692026611625,
              42.95841216634522
            ],
            [
              -78.69691987485739,
              42.95845332441331
            ],
            [
              -78.69691361465577,
              42.95911185526291
            ],
            [
              -78.69691227431085,
              42.95914478273274
            ],
            [
              -78.69690970196748,
              42.95952343587993
            ],
            [
              -78.69690927347673,
              42.95954435812165
            ],
            [
              -78.69690250761973,
              42.96018196753229
            ],
            [
              -78.69690211634031,
              42.960223125587596
            ],
            [
              -78.69689702966748,
              42.96075818117957
            ],
            [
              -78.69689523743739,
              42.960799340620596
            ],
            [
              -78.69689344520495,
              42.96084050006126
            ],
            [
              -78.69688874971179,
              42.96133439754813
            ],
            [
              -78.69687885571992,
              42.961540882514974
            ],
            [
              -78.6968848367501,
              42.961745978904496
            ],
            [
              -78.69688248138262,
              42.96198881230618
            ],
            [
              -78.69688542123492,
              42.96231772853376
            ],
            [
              -78.69686799758749,
              42.963762724894245
            ],
            [
              -78.69684236204675,
              42.964297800531696
            ],
            [
              -78.69684194359256,
              42.9643242104307
            ],
            [
              -78.6968367189041,
              42.96503864535573
            ],
            [
              -78.69683597971742,
              42.96514462699064
            ],
            [
              -78.69683483404624,
              42.9652835351311
            ],
            [
              -78.69687920302461,
              42.96528486304838
            ],
            [
              -78.69688238549958,
              42.96549167788076
            ],
            [
              -78.69688002411569,
              42.965985229669016
            ],
            [
              -78.69688056683464,
              42.96602638675586
            ],
            [
              -78.69688064253307,
              42.96606754430571
            ],
            [
              -78.69688071823172,
              42.96610870185524
            ],
            [
              -78.69688032817027,
              42.96615054582692
            ],
            [
              -78.69687946856288,
              42.96619101834324
            ],
            [
              -78.6968790387588,
              42.966211254601326
            ],
            [
              -78.69687862977128,
              42.966242809185125
            ],
            [
              -78.69687821889094,
              42.96627333483004
            ],
            [
              -78.69687689478243,
              42.96631518062724
            ],
            [
              -78.69687556814732,
              42.96635565360565
            ],
            [
              -78.69687065796782,
              42.96647913134287
            ],
            [
              -78.69686839853752,
              42.966520291205626
            ],
            [
              -78.69686613910424,
              42.96656145106803
            ],
            [
              -78.69686255617228,
              42.96664479880406
            ],
            [
              -78.6968563186591,
              42.966808407430186
            ],
            [
              -78.69685249194568,
              42.9685370336803
            ],
            [
              -78.69683645671049,
              42.968960287858
            ],
            [
              -78.69685294453954,
              42.969545054233535
            ],
            [
              -78.69685255507325,
              42.969587241159324
            ],
            [
              -78.6968473756026,
              42.9703263690372
            ],
            [
              -78.69684631693292,
              42.971020563264936
            ],
            [
              -78.6968357464071,
              42.97136801328429
            ],
            [
              -78.69685316247063,
              42.97220315377936
            ],
            [
              -78.69685461576546,
              42.972485424737414
            ],
            [
              -78.6968551635804,
              42.97252932561098
            ],
            [
              -78.69685570634958,
              42.972570482650674
            ],
            [
              -78.69685640052067,
              42.97269395559467
            ],
            [
              -78.69685647622066,
              42.9727351130964
            ],
            [
              -78.69685611260545,
              42.972791362144896
            ],
            [
              -78.69685839448812,
              42.97327016056577
            ],
            [
              -78.69685893726702,
              42.9733113176001
            ],
            [
              -78.69685955575045,
              42.97339363213113
            ],
            [
              -78.69685963145442,
              42.973434789627824
            ],
            [
              -78.6968597172524,
              42.973481434790386
            ],
            [
              -78.69685978286441,
              42.973517105520514
            ],
            [
              -78.69685939149092,
              42.97355826347956
            ],
            [
              -78.69685814166395,
              42.97364057986002
            ],
            [
              -78.69685774019496,
              42.97367625015223
            ],
            [
              -78.69685615134789,
              42.9738281917548
            ],
            [
              -78.69685648759746,
              42.97401100051995
            ],
            [
              -78.6968574974643,
              42.9740521570857
            ],
            [
              -78.69685850733255,
              42.97409331365114
            ],
            [
              -78.69685718179078,
              42.974134472532526
            ],
            [
              -78.69685398791692,
              42.974175633266576
            ],
            [
              -78.69685206255151,
              42.974398571989056
            ],
            [
              -78.69684921562033,
              42.9746283721108
            ],
            [
              -78.69684835714797,
              42.97466953052503
            ],
            [
              -78.69684517207271,
              42.97471549296184
            ],
            [
              -78.69684438172419,
              42.97479369311361
            ],
            [
              -78.69685802292308,
              42.9750996183533
            ],
            [
              -78.69685946583142,
              42.97512225357996
            ],
            [
              -78.69685997456098,
              42.97514488973305
            ],
            [
              -78.69686094281009,
              42.97516340967435
            ],
            [
              -78.69686896104822,
              42.975967347787275
            ],
            [
              -78.6968696425088,
              42.976337765979665
            ],
            [
              -78.69685229375953,
              42.976809723981795
            ],
            [
              -78.69689789985061,
              42.97773263846602
            ],
            [
              -78.69689981184044,
              42.97775630215482
            ],
            [
              -78.69690222313281,
              42.977797457302685
            ],
            [
              -78.69690416731811,
              42.977838612913644
            ],
            [
              -78.69690808347106,
              42.97793601520473
            ],
            [
              -78.696908624437,
              42.9779761432685
            ],
            [
              -78.69690963377957,
              42.97801695772642
            ],
            [
              -78.69690970952912,
              42.97805811518964
            ],
            [
              -78.69690672632433,
              42.978213830833994
            ],
            [
              -78.6969173222485,
              42.97838736793221
            ],
            [
              -78.69691693088939,
              42.97842852585629
            ],
            [
              -78.69691653953149,
              42.97846968468029
            ],
            [
              -78.69691658435339,
              42.97849403617747
            ],
            [
              -78.6969358203073,
              42.97904724382885
            ],
            [
              -78.69694500849128,
              42.979724619935716
            ],
            [
              -78.69694551413636,
              42.97974554117627
            ],
            [
              -78.69694554886796,
              42.9797644050079
            ],
            [
              -78.69694605703951,
              42.97978669816335
            ],
            [
              -78.69694517204664,
              42.97981345233366
            ],
            [
              -78.69694473144358,
              42.97982785790494
            ],
            [
              -78.6969438262407,
              42.97984363585483
            ],
            [
              -78.69692828124374,
              42.98028060789434
            ],
            [
              -78.69692982280279,
              42.980356747780064
            ],
            [
              -78.69693527568351,
              42.98052754608067
            ],
            [
              -78.6969362857188,
              42.980568702598525
            ],
            [
              -78.69694234722466,
              42.980816328556706
            ],
            [
              -78.69694452582378,
              42.98098472923778
            ],
            [
              -78.69695569771119,
              42.98147072070946
            ],
            [
              -78.6969478060254,
              42.983527236438036
            ],
            [
              -78.6969483578109,
              42.983573195097144
            ],
            [
              -78.69694796644696,
              42.983614352983935
            ],
            [
              -78.69694597572828,
              42.98405542703177
            ],
            [
              -78.69694498920208,
              42.984280765291594
            ],
            [
              -78.69694378814309,
              42.9846432962931
            ],
            [
              -78.696943863933,
              42.98468445370848
            ],
            [
              -78.696946578705,
              42.98489023936258
            ],
            [
              -78.69694712166141,
              42.98493139631244
            ],
            [
              -78.69694507659622,
              42.9853429741144
            ],
            [
              -78.69694515238882,
              42.98538413152472
            ],
            [
              -78.69694480396296,
              42.98544861193067
            ],
            [
              -78.69694955024607,
              42.98929409503422
            ],
            [
              -78.69726443788971,
              42.98929206713935
            ],
            [
              -78.69737656707939,
              42.98929298440931
            ],
            [
              -78.69743263258442,
              42.989293271512786
            ],
            [
              -78.69760082796498,
              42.989295504574834
            ],
            [
              -78.6976568928825,
              42.989296134547835
            ],
            [
              -78.69782508827825,
              42.989298367280334
            ],
            [
              -78.69788115383736,
              42.98929934012166
            ],
            [
              -78.69804935238899,
              42.98930260145785
            ],
            [
              -78.6981054173171,
              42.98930323121119
            ],
            [
              -78.69860999274563,
              42.98930409606095
            ],
            [
              -78.69866605762394,
              42.989304039582095
            ],
            [
              -78.69872212063427,
              42.98930364009885
            ],
            [
              -78.69899963377797,
              42.98930233105981
            ],
            [
              -78.69928275707824,
              42.98930238758016
            ],
            [
              -78.69939488502176,
              42.989302616916554
            ],
            [
              -78.69945094867096,
              42.989302560054476
            ],
            [
              -78.69961914091061,
              42.98930307525983
            ],
            [
              -78.69967520455977,
              42.98930301828793
            ],
            [
              -78.69984339744964,
              42.989303876141875
            ],
            [
              -78.69989946362153,
              42.9893045050152
            ],
            [
              -78.70006765716693,
              42.989305705517765
            ],
            [
              -78.70012372211632,
              42.989306334282446
            ],
            [
              -78.70023585396828,
              42.989308620663884
            ],
            [
              -78.70029191892183,
              42.989309249346185
            ],
            [
              -78.70034798322587,
              42.989309535022876
            ],
            [
              -78.70040404753036,
              42.98930982067211
            ],
            [
              -78.70046011306154,
              42.98931010629263
            ],
            [
              -78.70051617736694,
              42.98931039188696
            ],
            [
              -78.7006283020661,
              42.98930890512438
            ],
            [
              -78.70068436506604,
              42.98930850468004
            ],
            [
              -78.70074042741241,
              42.98930776123011
            ],
            [
              -78.70105344226275,
              42.989303666959714
            ],
            [
              -78.7013571294486,
              42.989307469964345
            ],
            [
              -78.70141319572438,
              42.989308784053684
            ],
            [
              -78.70146926200252,
              42.98931009811554
            ],
            [
              -78.70158139390827,
              42.989312383178735
            ],
            [
              -78.70163746019307,
              42.98931369715822
            ],
            [
              -78.70180565897022,
              42.98931695297428
            ],
            [
              -78.70186172460465,
              42.989317923865755
            ],
            [
              -78.70197385587868,
              42.98931986556633
            ],
            [
              -78.70225325168276,
              42.9893257492423
            ],
            [
              -78.70253452815815,
              42.989337117938504
            ],
            [
              -78.70259059581086,
              42.98933911740728
            ],
            [
              -78.70264666346714,
              42.98934111684857
            ],
            [
              -78.7027027317907,
              42.989343459240516
            ],
            [
              -78.70275880011845,
              42.98934580160495
            ],
            [
              -78.70281486977906,
              42.989348829898155
            ],
            [
              -78.70287094010973,
              42.989352201142005
            ],
            [
              -78.70292701167274,
              42.98935557235708
            ],
            [
              -78.70298308268083,
              42.98935928652408
            ],
            [
              -78.70303915436118,
              42.9893633436417
            ],
            [
              -78.70309522671472,
              42.98936774370994
            ],
            [
              -78.7031512990762,
              42.9893721437507
            ],
            [
              -78.70320737277868,
              42.98937722972016
            ],
            [
              -78.7034769811839,
              42.989395124916854
            ],
            [
              -78.70376809881172,
              42.98942157131825
            ],
            [
              -78.70410454643543,
              42.989454485755466
            ],
            [
              -78.70416062218834,
              42.989459914234494
            ],
            [
              -78.70421669672481,
              42.98946534268731
            ],
            [
              -78.7042727712711,
              42.98947077111266
            ],
            [
              -78.70444099496882,
              42.989487056223766
            ],
            [
              -78.70473537922712,
              42.98951178181407
            ],
            [
              -78.70500174452111,
              42.98954236707354
            ],
            [
              -78.70533819955905,
              42.98957836468485
            ],
            [
              -78.70539427688914,
              42.989584478515226
            ],
            [
              -78.70578681128727,
              42.98962796052332
            ],
            [
              -78.70604942089653,
              42.98964894395603
            ],
            [
              -78.70634756331229,
              42.98968326477547
            ],
            [
              -78.70707654764563,
              42.98975793521624
            ],
            [
              -78.7073550644359,
              42.98978953079617
            ],
            [
              -78.7076373102879,
              42.98981734888195
            ],
            [
              -78.70836629913684,
              42.98989269615863
            ],
            [
              -78.70842237512764,
              42.98989846552773
            ],
            [
              -78.70847845235511,
              42.98990423486797
            ],
            [
              -78.70853452836677,
              42.98991000418207
            ],
            [
              -78.70954390379609,
              42.99001590500163
            ],
            [
              -78.7095999800077,
              42.990021673793386
            ],
            [
              -78.70965605745597,
              42.99002744255633
            ],
            [
              -78.71016074392337,
              42.99007936019766
            ],
            [
              -78.71021682024964,
              42.99008512868703
            ],
            [
              -78.71066543246137,
              42.99013127561079
            ],
            [
              -78.71072150958976,
              42.99013738683068
            ],
            [
              -78.71133835497719,
              42.990202208488014
            ],
            [
              -78.71165098110443,
              42.99023341248175
            ],
            [
              -78.71195519879062,
              42.99026565400672
            ],
            [
              -78.7130767357291,
              42.9903806579944
            ],
            [
              -78.71313281259856,
              42.99038642505416
            ],
            [
              -78.71335712212989,
              42.990409835994704
            ],
            [
              -78.71363610740077,
              42.99043970086054
            ],
            [
              -78.71391789762635,
              42.99047024780349
            ],
            [
              -78.71408613069661,
              42.990487890639535
            ],
            [
              -78.71414220848408,
              42.990494000182274
            ],
            [
              -78.7148151381728,
              42.99056456872623
            ],
            [
              -78.71487121610133,
              42.99057067791152
            ],
            [
              -78.71543199281508,
              42.99062971128408
            ],
            [
              -78.71548807012836,
              42.99063547718908
            ],
            [
              -78.71610492322662,
              42.99069924330603
            ],
            [
              -78.71616100066524,
              42.990705008881136
            ],
            [
              -78.71649746674187,
              42.99073960175283
            ],
            [
              -78.71655354425341,
              42.990745367135474
            ],
            [
              -78.71694608712563,
              42.990785724044045
            ],
            [
              -78.71700216472048,
              42.9907914892067
            ],
            [
              -78.71750686551503,
              42.99084371740995
            ],
            [
              -78.7175629439607,
              42.990849825275504
            ],
            [
              -78.71784333683296,
              42.99088002121157
            ],
            [
              -78.71789941459627,
              42.990885785934346
            ],
            [
              -78.71819989355404,
              42.99091458546564
            ],
            [
              -78.718460192526,
              42.990942745692735
            ],
            [
              -78.71868450108713,
              42.99096443129788
            ],
            [
              -78.71874057749896,
              42.99096950965264
            ],
            [
              -78.71974994024592,
              42.99105337072365
            ],
            [
              -78.72004665734413,
              42.991070508613994
            ],
            [
              -78.72031065588314,
              42.991080825321596
            ],
            [
              -78.72036673329463,
              42.991086245857
            ],
            [
              -78.72047887060742,
              42.991089198356704
            ],
            [
              -78.7205349396492,
              42.99109084605426
            ],
            [
              -78.72064707774153,
              42.99109414136696
            ],
            [
              -78.72075921630768,
              42.99109709359051
            ],
            [
              -78.72081528459933,
              42.99109839817291
            ],
            [
              -78.72092742118947,
              42.991101007255395
            ],
            [
              -78.72098348872261,
              42.991101968777656
            ],
            [
              -78.72148809551801,
              42.99110959230734
            ],
            [
              -78.72154416152995,
              42.99110986759942
            ],
            [
              -78.72204875611177,
              42.99111200101328
            ],
            [
              -78.7221048221277,
              42.99111227603074
            ],
            [
              -78.72260941519332,
              42.99111372101742
            ],
            [
              -78.72266548043787,
              42.99111365278252
            ],
            [
              -78.72328220556642,
              42.99111564420651
            ],
            [
              -78.7233382708111,
              42.99111557564208
            ],
            [
              -78.72395499362533,
              42.9911165345078
            ],
            [
              -78.7240110596514,
              42.991116808591514
            ],
            [
              -78.72423532140964,
              42.991116875718646
            ],
            [
              -78.72429138822069,
              42.991117492642765
            ],
            [
              -78.7243474526805,
              42.99111708060628
            ],
            [
              -78.7244035191502,
              42.99111701151855
            ],
            [
              -78.72470813873042,
              42.991115949714725
            ],
            [
              -78.7250202411923,
              42.9911176216669
            ],
            [
              -78.72530057134868,
              42.99111898920191
            ],
            [
              -78.72535663738124,
              42.99111926262654
            ],
            [
              -78.72574910084722,
              42.99112117582831
            ],
            [
              -78.72580516688319,
              42.991121449033194
            ],
            [
              -78.72614156469587,
              42.99112377364127
            ],
            [
              -78.72619762914663,
              42.991123360698566
            ],
            [
              -78.72653402104137,
              42.99112259735256
            ],
            [
              -78.72659008628449,
              42.991122527195294
            ],
            [
              -78.72687041851205,
              42.99112423386159
            ],
            [
              -78.72716569146147,
              42.99112214830202
            ],
            [
              -78.72743108055563,
              42.99112764513746
            ],
            [
              -78.72748714943208,
              42.99112860347224
            ],
            [
              -78.7278796021327,
              42.99112639363842
            ],
            [
              -78.72793566817998,
              42.99112666579973
            ],
            [
              -78.72815993601554,
              42.99112878310172
            ],
            [
              -78.72821600287149,
              42.99112939810334
            ],
            [
              -78.72860845958323,
              42.99112890065875
            ],
            [
              -78.72866452482695,
              42.99112882948539
            ],
            [
              -78.72894485550738,
              42.991129845115665
            ],
            [
              -78.72900092075113,
              42.99112977377752
            ],
            [
              -78.72922518172405,
              42.991129488150385
            ],
            [
              -78.72948821831554,
              42.9911274376839
            ],
            [
              -78.72975733390912,
              42.991128122665785
            ],
            [
              -78.73006616769113,
              42.99113047099785
            ],
            [
              -78.73040256813249,
              42.99113381201545
            ],
            [
              -78.73045863419426,
              42.9911340829409
            ],
            [
              -78.73090715572398,
              42.99113281957825
            ],
            [
              -78.7309632217864,
              42.99113309025655
            ],
            [
              -78.73118748808857,
              42.99113451567111
            ],
            [
              -78.73124355415338,
              42.991134786212086
            ],
            [
              -78.73157994807791,
              42.991135379948446
            ],
            [
              -78.73163601332006,
              42.9911353073196
            ],
            [
              -78.7319724076478,
              42.99113555692334
            ],
            [
              -78.73202847371591,
              42.9911358270798
            ],
            [
              -78.73230880654782,
              42.991138206383106
            ],
            [
              -78.7323648746743,
              42.99113881935082
            ],
            [
              -78.73270126696133,
              42.99113872383644
            ],
            [
              -78.73275733220366,
              42.99113865065834
            ],
            [
              -78.73303765963841,
              42.99113828435427
            ],
            [
              -78.73330023018116,
              42.99113725467311
            ],
            [
              -78.73359831911462,
              42.99113995053105
            ],
            [
              -78.73382258760897,
              42.991142742694336
            ],
            [
              -78.73387865368915,
              42.99114301194455
            ],
            [
              -78.73410291549904,
              42.991143059738064
            ],
            [
              -78.73415898074171,
              42.9911429858734
            ],
            [
              -78.73443931153899,
              42.99114398804672
            ],
            [
              -78.73449537762215,
              42.99114425699483
            ],
            [
              -78.73477570720209,
              42.99114525834587
            ],
            [
              -78.73483177367127,
              42.991145184150035
            ],
            [
              -78.73516816174728,
              42.99114336649788
            ],
            [
              -78.735448490864,
              42.99114368024447
            ],
            [
              -78.73573535292059,
              42.991141240776855
            ],
            [
              -78.7360091491944,
              42.99114533461382
            ],
            [
              -78.7360652165097,
              42.99114560279135
            ],
            [
              -78.73623341477928,
              42.991146407163995
            ],
            [
              -78.73628948001947,
              42.99114633225577
            ],
            [
              -78.7363455461102,
              42.99114660029761
            ],
            [
              -78.7364016122014,
              42.991146868311965
            ],
            [
              -78.73645767744154,
              42.99114679332134
            ],
            [
              -78.73674033238689,
              42.99114298504862
            ],
            [
              -78.7370183327666,
              42.99114672785815
            ],
            [
              -78.73718653275861,
              42.99114821678521
            ],
            [
              -78.73724259970952,
              42.99114882736515
            ],
            [
              -78.73729866617552,
              42.991148751960935
            ],
            [
              -78.73752292798962,
              42.9911487930536
            ],
            [
              -78.73757899408622,
              42.99114906049127
            ],
            [
              -78.73763505932527,
              42.991148984923925
            ],
            [
              -78.73769112542239,
              42.991149252306634
            ],
            [
              -78.73785932285698,
              42.99114971131251
            ],
            [
              -78.7379153901817,
              42.99114997858373
            ],
            [
              -78.7379714554207,
              42.991149902851625
            ],
            [
              -78.73802752065946,
              42.991149827092045
            ],
            [
              -78.73825178419662,
              42.991150552711666
            ],
            [
              -78.73830785029696,
              42.991150819792274
            ],
            [
              -78.73836391639773,
              42.99115108684544
            ],
            [
              -78.7384199824989,
              42.99115135387112
            ],
            [
              -78.73858818203107,
              42.99115215478176
            ],
            [
              -78.73864424813385,
              42.9911524216976
            ],
            [
              -78.73886851168416,
              42.991153146108815
            ],
            [
              -78.7389245769235,
              42.99115306990985
            ],
            [
              -78.7389806430281,
              42.99115333666092
            ]
          ]
        ]
      }
    },
    {
      "type": "Feature",
      "properties": {
        "name": "Williamsville Fire Protection District"
      },
      "geometry": {
        "type": "Polygon",
        "coordinates": [
          [
            [
              -78.74010194586484,
              42.99115009147486
            ],
            [
              -78.7401580110981,
              42.99115001467174
            ],
            [
              -78.74043833411956,
              42.99114791535524
            ],
            [
              -78.74049439847606,
              42.99114749540993
            ],
            [
              -78.74055046283173,
              42.991147075437134
            ],
            [
              -78.74060652718654,
              42.991146655436886
            ],
            [
              -78.74083078372163,
              42.99114463218381
            ],
            [
              -78.74088684807192,
              42.99114421204626
            ],
            [
              -78.74105504234397,
              42.99114295146715
            ],
            [
              -78.74111110669087,
              42.99114253121977
            ],
            [
              -78.74139143017044,
              42.99114111552577
            ],
            [
              -78.74144749539208,
              42.99114103809105
            ],
            [
              -78.741503559734,
              42.991140617651446
            ],
            [
              -78.74180396300095,
              42.99113471447486
            ],
            [
              -78.74237954232538,
              42.99112431272806
            ],
            [
              -78.74243560664439,
              42.99112389183196
            ],
            [
              -78.74254773350926,
              42.99112236400253
            ],
            [
              -78.7426037969395,
              42.99112160004661
            ],
            [
              -78.74277199199382,
              42.99112067992209
            ],
            [
              -78.74282805630628,
              42.991120258833774
            ],
            [
              -78.74299624835078,
              42.99111865242661
            ],
            [
              -78.74305231354762,
              42.99111857420587
            ],
            [
              -78.7432205082478,
              42.99111799640142
            ],
            [
              -78.74327657255412,
              42.991117575093405
            ],
            [
              -78.74344476402332,
              42.99111528207067
            ],
            [
              -78.74350082743469,
              42.99111451767545
            ],
            [
              -78.74372508552466,
              42.991113174706854
            ],
            [
              -78.74378114982238,
              42.99111275315173
            ],
            [
              -78.74400541001786,
              42.991111752609626
            ],
            [
              -78.74406147520568,
              42.991111673894565
            ],
            [
              -78.74422966539989,
              42.991109379720285
            ],
            [
              -78.74428572879503,
              42.99110861494061
            ],
            [
              -78.7445099868418,
              42.99110727043427
            ],
            [
              -78.74456605202415,
              42.99110719147209
            ],
            [
              -78.7447903103865,
              42.99110550343742
            ],
            [
              -78.74497954744557,
              42.99111175293681
            ],
            [
              -78.74514774659929,
              42.99111288718733
            ],
            [
              -78.7453159406799,
              42.99111162034731
            ],
            [
              -78.74537200496297,
              42.99111119801298
            ],
            [
              -78.7454280701465,
              42.991111118628545
            ],
            [
              -78.74573174300836,
              42.99110554349178
            ],
            [
              -78.74604477571029,
              42.991105441902484
            ],
            [
              -78.74610083907662,
              42.99110467623383
            ],
            [
              -78.7461569042522,
              42.991104596492406
            ],
            [
              -78.74621296852187,
              42.991104173746166
            ],
            [
              -78.7465222499228,
              42.99109893150948
            ],
            [
              -78.74682968029478,
              42.991100893632805
            ],
            [
              -78.74694180972504,
              42.99110039043117
            ],
            [
              -78.74699787398433,
              42.9910999673005
            ],
            [
              -78.74722213497314,
              42.991099303433444
            ],
            [
              -78.7472781992291,
              42.99109888016546
            ],
            [
              -78.74744639107934,
              42.99109726721939
            ],
            [
              -78.74750245624443,
              42.99109718681892
            ],
            [
              -78.74788089092435,
              42.99109424255426
            ],
            [
              -78.7486269956539,
              42.99108184922306
            ],
            [
              -78.74890406503862,
              42.991086250466296
            ],
            [
              -78.74907225956923,
              42.991085664063206
            ],
            [
              -78.7491283237973,
              42.99108523988906
            ],
            [
              -78.74924045225085,
              42.99108439145836
            ],
            [
              -78.74929651647635,
              42.99108396720183
            ],
            [
              -78.74952077274789,
              42.99108158394469
            ],
            [
              -78.74957683696847,
              42.99108115955087
            ],
            [
              -78.74974503425167,
              42.99108160109109
            ],
            [
              -78.75001087276853,
              42.99107984236741
            ],
            [
              -78.75030567484123,
              42.991076325885
            ],
            [
              -78.75041780140067,
              42.99107479034641
            ],
            [
              -78.75047386560753,
              42.99107436551323
            ],
            [
              -78.75069812801011,
              42.99107472376957
            ],
            [
              -78.75075419530269,
              42.991074984751855
            ],
            [
              -78.75097845211438,
              42.99107328459528
            ],
            [
              -78.75103451631516,
              42.99107285948749
            ],
            [
              -78.75125877404338,
              42.99107150175898
            ],
            [
              -78.75131483824018,
              42.991071076513904
            ],
            [
              -78.7515951585663,
              42.99106826392022
            ],
            [
              -78.7516512227573,
              42.99106783851037
            ],
            [
              -78.7518754804499,
              42.99106647957363
            ],
            [
              -78.75193154463693,
              42.99106605402649
            ],
            [
              -78.75215580541885,
              42.99106538049327
            ],
            [
              -78.75221186960249,
              42.99106495480882
            ],
            [
              -78.75243612350766,
              42.99106222286465
            ],
            [
              -78.75249218862666,
              42.991062140020155
            ],
            [
              -78.75260432291388,
              42.99106300317875
            ],
            [
              -78.7528851176025,
              42.99106327353217
            ],
            [
              -78.75322102626893,
              42.99105694481225
            ],
            [
              -78.75352144939473,
              42.99105924234108
            ],
            [
              -78.7538377332845,
              42.99105225503213
            ],
            [
              -78.75389379839037,
              42.99105217150111
            ],
            [
              -78.75394986349599,
              42.991052087942656
            ],
            [
              -78.75417411821647,
              42.9910496955708
            ],
            [
              -78.75423018236877,
              42.99104926889783
            ],
            [
              -78.75439837482052,
              42.99104798871409
            ],
            [
              -78.75445444019566,
              42.99104756192941
            ],
            [
              -78.75462263549433,
              42.991047310347774
            ],
            [
              -78.75467869964068,
              42.991046883455134
            ],
            [
              -78.75495901845078,
              42.991044062625434
            ],
            [
              -78.75501508450053,
              42.9910443215224
            ],
            [
              -78.75523933845928,
              42.991041241107425
            ],
            [
              -78.75566729842193,
              42.991038882663915
            ],
            [
              -78.75647275939635,
              42.99103458029403
            ],
            [
              -78.75669701586725,
              42.99103286893389
            ],
            [
              -78.7569212706549,
              42.991030128201
            ],
            [
              -78.75725765627587,
              42.99102790265517
            ],
            [
              -78.75753798480528,
              42.991028162302484
            ],
            [
              -78.75776225382506,
              42.99103090755848
            ],
            [
              -78.75787439076822,
              42.99103313746459
            ],
            [
              -78.75793045972809,
              42.99103442386504
            ],
            [
              -78.75804259862605,
              42.991037339560634
            ],
            [
              -78.75815473973262,
              42.99104059812163
            ],
            [
              -78.75843510214087,
              42.99105320275097
            ],
            [
              -78.75871546491251,
              42.99106546371435
            ],
            [
              -78.75905189754323,
              42.99107969579788
            ],
            [
              -78.75933225957431,
              42.99109161227283
            ],
            [
              -78.75981353919705,
              42.99110973504518
            ],
            [
              -78.75985125557939,
              42.99090183093067
            ],
            [
              -78.75989820490084,
              42.990655156865735
            ],
            [
              -78.75990649581186,
              42.99061364365798
            ],
            [
              -78.75995531375389,
              42.99036662279569
            ],
            [
              -78.76003045013465,
              42.99001118000849
            ],
            [
              -78.7600457066347,
              42.98995490794855
            ],
            [
              -78.76005960474174,
              42.98991372904641
            ],
            [
              -78.76007537163079,
              42.98987254725662
            ],
            [
              -78.76009254108116,
              42.98983170627709
            ],
            [
              -78.76011111014155,
              42.98979017717569
            ],
            [
              -78.7601310817576,
              42.9897489888833
            ],
            [
              -78.76015105334707,
              42.98970780058714
            ],
            [
              -78.76017382810133,
              42.989666607956366
            ],
            [
              -78.76024553863353,
              42.98958349539053
            ],
            [
              -78.7604997904152,
              42.989291227229366
            ],
            [
              -78.76064227440573,
              42.98912431802698
            ],
            [
              -78.76067254245778,
              42.98908963028115
            ],
            [
              -78.76084058173196,
              42.988874665102514
            ],
            [
              -78.76109101415398,
              42.98855599124968
            ],
            [
              -78.76120788056065,
              42.98841724626519
            ],
            [
              -78.76137224298216,
              42.98822457871751
            ],
            [
              -78.76165253716418,
              42.98789453974744
            ],
            [
              -78.7619505060474,
              42.98753806222123
            ],
            [
              -78.76196865961924,
              42.9875150543083
            ],
            [
              -78.76210182250232,
              42.98735913310919
            ],
            [
              -78.7622922458636,
              42.987133498429216
            ],
            [
              -78.76247471907023,
              42.98690513113559
            ],
            [
              -78.76250730296191,
              42.98686426564718
            ],
            [
              -78.76257386118446,
              42.98677875969655
            ],
            [
              -78.76260411703562,
              42.986740641656404
            ],
            [
              -78.76274980758706,
              42.986556233712726
            ],
            [
              -78.76293321051745,
              42.98632786420857
            ],
            [
              -78.76299697575179,
              42.986245792175765
            ],
            [
              -78.76309285353317,
              42.986122169228324
            ],
            [
              -78.76312450226035,
              42.98608130502749
            ],
            [
              -78.76318547073203,
              42.98600198021058
            ],
            [
              -78.76328601445374,
              42.98587663486984
            ],
            [
              -78.76349217341672,
              42.98560329932199
            ],
            [
              -78.76367091738389,
              42.985380766574536
            ],
            [
              -78.7637435044268,
              42.985281188285505
            ],
            [
              -78.76391095409905,
              42.985031577611956
            ],
            [
              -78.76399555199183,
              42.98488602102195
            ],
            [
              -78.76401785524533,
              42.98484482833678
            ],
            [
              -78.76415999757607,
              42.98456850486342
            ],
            [
              -78.76426587254973,
              42.98435054587113
            ],
            [
              -78.76430440523251,
              42.98426816998652
            ],
            [
              -78.76436103717646,
              42.98414495005775
            ],
            [
              -78.76446308565798,
              42.983897500719955
            ],
            [
              -78.76446911637875,
              42.98388308605597
            ],
            [
              -78.7645600359442,
              42.98366412059456
            ],
            [
              -78.76493670430862,
              42.98275942888893
            ],
            [
              -78.76502586915375,
              42.98258025227954
            ],
            [
              -78.76507971344245,
              42.98246321090928
            ],
            [
              -78.76496199318105,
              42.98246339776892
            ],
            [
              -78.76482130619543,
              42.98243755451024
            ],
            [
              -78.76473101615578,
              42.98239345242603
            ],
            [
              -78.76464678118386,
              42.982342824975184
            ],
            [
              -78.7646144022029,
              42.98229314428323
            ],
            [
              -78.76459741478598,
              42.98223520770851
            ],
            [
              -78.76459636765239,
              42.98219679570083
            ],
            [
              -78.76459846758524,
              42.982116535251045
            ],
            [
              -78.76459913586325,
              42.98202598769215
            ],
            [
              -78.7646077273781,
              42.981929253058624
            ],
            [
              -78.76461639444518,
              42.98185824264204
            ],
            [
              -78.76462919519923,
              42.98176321713363
            ],
            [
              -78.76462983218987,
              42.98166203726354
            ],
            [
              -78.76461524813482,
              42.981627076484465
            ],
            [
              -78.76457814478948,
              42.9815592253606
            ],
            [
              -78.76455508483222,
              42.98150129748728
            ],
            [
              -78.76449591949029,
              42.981397125466586
            ],
            [
              -78.76445124056886,
              42.98129464538794
            ],
            [
              -78.76443696679803,
              42.98120617933463
            ],
            [
              -78.76444933982523,
              42.98112453070202
            ],
            [
              -78.76446681302296,
              42.981029839885124
            ],
            [
              -78.76450527792153,
              42.98092517034238
            ],
            [
              -78.76455361288876,
              42.98084106391326
            ],
            [
              -78.76461646102966,
              42.98076790981372
            ],
            [
              -78.76466755617251,
              42.98066939383406
            ],
            [
              -78.76470690536537,
              42.98054791593227
            ],
            [
              -78.76472518522976,
              42.980410009300826
            ],
            [
              -78.7647336049261,
              42.98025496932613
            ],
            [
              -78.76471911826506,
              42.98009413409994
            ],
            [
              -78.76469489766761,
              42.97995903863826
            ],
            [
              -78.76466226693086,
              42.97982327053308
            ],
            [
              -78.76461657503201,
              42.97969369582944
            ],
            [
              -78.7645860367473,
              42.97963406579068
            ],
            [
              -78.76455455219062,
              42.97957032148945
            ],
            [
              -78.76450903391343,
              42.979499739806315
            ],
            [
              -78.76446730908704,
              42.979448358943536
            ],
            [
              -78.76442653870241,
              42.97940383614164
            ],
            [
              -78.76434500112806,
              42.97931581942612
            ],
            [
              -78.76427466962153,
              42.97922606914033
            ],
            [
              -78.76423803924374,
              42.979159589046965
            ],
            [
              -78.76423099324789,
              42.97914622398825
            ],
            [
              -78.76419393907162,
              42.97909449266157
            ],
            [
              -78.764100288102,
              42.979017470245616
            ],
            [
              -78.76405017993527,
              42.97897433397002
            ],
            [
              -78.76401126055826,
              42.97892363446547
            ],
            [
              -78.76398729600955,
              42.97887531220086
            ],
            [
              -78.76397361408317,
              42.978829031579885
            ],
            [
              -78.76396268065842,
              42.97876422483356
            ],
            [
              -78.76396155768744,
              42.97869974648401
            ],
            [
              -78.7639674404392,
              42.97863491409885
            ],
            [
              -78.76398318680071,
              42.97858858703244
            ],
            [
              -78.7640231316908,
              42.97851101064271
            ],
            [
              -78.76405567398164,
              42.97845779746253
            ],
            [
              -78.76407470810675,
              42.97841763882011
            ],
            [
              -78.76408113116106,
              42.9783778430684
            ],
            [
              -78.76408612674662,
              42.97832913120577
            ],
            [
              -78.76409015193589,
              42.978268074516876
            ],
            [
              -78.76409564978319,
              42.97823136703898
            ],
            [
              -78.76409653477842,
              42.97821455965074
            ],
            [
              -78.76409283802363,
              42.978068799241285
            ],
            [
              -78.76408170269464,
              42.97793505485411
            ],
            [
              -78.76407403205033,
              42.977867842100025
            ],
            [
              -78.76406510775752,
              42.97785105019971
            ],
            [
              -78.76404570318783,
              42.97776465002162
            ],
            [
              -78.76401196410652,
              42.977568519046926
            ],
            [
              -78.76394130785344,
              42.97736695774042
            ],
            [
              -78.76384074036768,
              42.977159613805995
            ],
            [
              -78.76374075496054,
              42.97699136761821
            ],
            [
              -78.76364034809477,
              42.976838556978926
            ],
            [
              -78.76354107801085,
              42.9767553692945
            ],
            [
              -78.7633538945539,
              42.97663802187124
            ],
            [
              -78.76321444287353,
              42.97655043745461
            ],
            [
              -78.76303243269538,
              42.976444742674445
            ],
            [
              -78.76295000553758,
              42.97637044549528
            ],
            [
              -78.76283697207603,
              42.97621148031551
            ],
            [
              -78.76273157722733,
              42.97610909377033
            ],
            [
              -78.76264625785441,
              42.97600324678354
            ],
            [
              -78.76257451937227,
              42.975909382749286
            ],
            [
              -78.7625533437538,
              42.97585556811837
            ],
            [
              -78.76256151836921,
              42.97577529810468
            ],
            [
              -78.76253733210314,
              42.975649804556284
            ],
            [
              -78.7625101890486,
              42.97547115469588
            ],
            [
              -78.76247854549852,
              42.975351161374874
            ],
            [
              -78.76239929977233,
              42.97524530468366
            ],
            [
              -78.76221664261537,
              42.97507615746853
            ],
            [
              -78.7584508501721,
              42.97503945120758
            ],
            [
              -78.75844252329163,
              42.972269211646356
            ],
            [
              -78.75769853388272,
              42.972287839359865
            ],
            [
              -78.7574468011815,
              42.97229405320641
            ],
            [
              -78.75636374119424,
              42.97232107604113
            ],
            [
              -78.75628434935555,
              42.97232462582398
            ],
            [
              -78.75624518541001,
              42.97151593684703
            ],
            [
              -78.75623111785033,
              42.97149606526753
            ],
            [
              -78.75622498649324,
              42.9714748097801
            ],
            [
              -78.75622212264454,
              42.97145286339741
            ],
            [
              -78.7562197258585,
              42.971430916309096
            ],
            [
              -78.75621779613465,
              42.971408968515256
            ],
            [
              -78.7562163334725,
              42.97138702001581
            ],
            [
              -78.75621440375129,
              42.97136507222172
            ],
            [
              -78.75621247403147,
              42.9713431244275
            ],
            [
              -78.75621054527365,
              42.971321519611536
            ],
            [
              -78.75620861555662,
              42.971299571817056
            ],
            [
              -78.75620668584098,
              42.971277624022484
            ],
            [
              -78.75620475612673,
              42.9712556762278
            ],
            [
              -78.75620282641388,
              42.97123372843299
            ],
            [
              -78.75620089670245,
              42.97121178063804
            ],
            [
              -78.75619896576653,
              42.97118983284486
            ],
            [
              -78.75619703605535,
              42.97116788414946
            ],
            [
              -78.75619510730863,
              42.97114627933256
            ],
            [
              -78.75619317760274,
              42.97112433153714
            ],
            [
              -78.75619124789829,
              42.97110238374165
            ],
            [
              -78.7561893181952,
              42.97108043594596
            ],
            [
              -78.75618738849353,
              42.971058488150184
            ],
            [
              -78.75618545879327,
              42.97103654035429
            ],
            [
              -78.75618352909434,
              42.971014592558305
            ],
            [
              -78.75618159939688,
              42.97099264476218
            ],
            [
              -78.75617967066123,
              42.970971039944324
            ],
            [
              -78.75617581127322,
              42.970927144351464
            ],
            [
              -78.7561738815813,
              42.97090519655487
            ],
            [
              -78.75617195189082,
              42.97088324875815
            ],
            [
              -78.7561700222017,
              42.97086130096128
            ],
            [
              -78.756168092514,
              42.970839353164344
            ],
            [
              -78.75616616282768,
              42.97081740536726
            ],
            [
              -78.7561642341031,
              42.970795800548466
            ],
            [
              -78.75616230441955,
              42.97077385275115
            ],
            [
              -78.75616037473743,
              42.9707519049537
            ],
            [
              -78.7561584450567,
              42.97072995715615
            ],
            [
              -78.75615651537483,
              42.97070800845829
            ],
            [
              -78.75615458569689,
              42.97068606066047
            ],
            [
              -78.75615265602035,
              42.97066411286257
            ],
            [
              -78.75615072634521,
              42.97064216506451
            ],
            [
              -78.75614879763168,
              42.97062056024478
            ],
            [
              -78.75614686795933,
              42.97059861244654
            ],
            [
              -78.75614493828836,
              42.97057666464814
            ],
            [
              -78.75614300861878,
              42.97055471684962
            ],
            [
              -78.75614107895062,
              42.97053276905099
            ],
            [
              -78.75613914928385,
              42.97051082125224
            ],
            [
              -78.75613721961848,
              42.97048887345336
            ],
            [
              -78.75613528995449,
              42.97046692565437
            ],
            [
              -78.75613336125205,
              42.970445320833676
            ],
            [
              -78.75613143159086,
              42.97042337303449
            ],
            [
              -78.75612950193106,
              42.970401425235124
            ],
            [
              -78.75612757227266,
              42.970379477435664
            ],
            [
              -78.75612564261566,
              42.97035752963607
            ],
            [
              -78.75612371296006,
              42.97033558183638
            ],
            [
              -78.75612178330583,
              42.97031363403656
            ],
            [
              -78.7561189205091,
              42.97029203062509
            ],
            [
              -78.75611605675184,
              42.970270083334825
            ],
            [
              -78.75611319299914,
              42.970248136944605
            ],
            [
              -78.75611079629999,
              42.97022618984926
            ],
            [
              -78.75610840056258,
              42.970204585732176
            ],
            [
              -78.75610553681571,
              42.970182639341495
            ],
            [
              -78.75610314012191,
              42.97016069224571
            ],
            [
              -78.75610167753155,
              42.9701387437399
            ],
            [
              -78.75610161609424,
              42.970116793119175
            ],
            [
              -78.75610155465701,
              42.97009484249835
            ],
            [
              -78.7561010261695,
              42.97007289258239
            ],
            [
              -78.75610049768241,
              42.97005094266633
            ],
            [
              -78.75610043624572,
              42.97002899204528
            ],
            [
              -78.75609990775924,
              42.970007042129026
            ],
            [
              -78.75609937927318,
              42.969985092212745
            ],
            [
              -78.7560988507875,
              42.96996314229632
            ],
            [
              -78.75609832230225,
              42.96994119237984
            ],
            [
              -78.75609826086657,
              42.96991924175833
            ],
            [
              -78.75609773238195,
              42.96989729184169
            ],
            [
              -78.75609720389771,
              42.96987534192491
            ],
            [
              -78.75609667541389,
              42.969853392008105
            ],
            [
              -78.75609614693047,
              42.96983144209118
            ],
            [
              -78.75609608549328,
              42.96980949056905
            ],
            [
              -78.7560955570105,
              42.96978754065195
            ],
            [
              -78.7560950285281,
              42.96976559073476
            ],
            [
              -78.75609450004612,
              42.969743640817505
            ],
            [
              -78.75609397156452,
              42.96972169090014
            ],
            [
              -78.75609391013087,
              42.9696997402778
            ],
            [
              -78.75609285316939,
              42.96965584044262
            ],
            [
              -78.75609232468925,
              42.96963389052492
            ],
            [
              -78.75609179620949,
              42.96961194060714
            ],
            [
              -78.75609126773014,
              42.969589990689265
            ],
            [
              -78.75609120629774,
              42.96956804006639
            ],
            [
              -78.75609067781902,
              42.96954609014834
            ],
            [
              -78.75609014934071,
              42.9695241402302
            ],
            [
              -78.7560896208628,
              42.96950219031197
            ],
            [
              -78.7560890559104,
              42.96946720721108
            ],
            [
              -78.75606649559167,
              42.968915727691
            ],
            [
              -78.75604854657323,
              42.968342977295144
            ],
            [
              -78.75562454757535,
              42.968368996795
            ],
            [
              -78.7555124879702,
              42.96838014076999
            ],
            [
              -78.75545645972154,
              42.96838605569404
            ],
            [
              -78.75532713999806,
              42.968404085040525
            ],
            [
              -78.7551749515735,
              42.968427979234896
            ],
            [
              -78.75505218070658,
              42.96844977121897
            ],
            [
              -78.75495136123176,
              42.96847221612178
            ],
            [
              -78.75470393092883,
              42.968508600626116
            ],
            [
              -78.75444812120212,
              42.96855494264183
            ],
            [
              -78.75433608574595,
              42.96857500290865
            ],
            [
              -78.75428006860335,
              42.96858503300007
            ],
            [
              -78.75425579396442,
              42.96858918500996
            ],
            [
              -78.75422405144248,
              42.968595063064065
            ],
            [
              -78.75405600079866,
              42.96862549607026
            ],
            [
              -78.75402519042109,
              42.96863068671891
            ],
            [
              -78.75399998356431,
              42.96863552602468
            ],
            [
              -78.7538879490408,
              42.968655585851295
            ],
            [
              -78.75383193080431,
              42.96866527274491
            ],
            [
              -78.75379411952649,
              42.96867218865905
            ],
            [
              -78.75360785267168,
              42.96870264813292
            ],
            [
              -78.75358310995487,
              42.96870645771643
            ],
            [
              -78.75356116758395,
              42.968709577170074
            ],
            [
              -78.75353875344236,
              42.96871098242111
            ],
            [
              -78.75351633646306,
              42.968711358732
            ],
            [
              -78.75349391570181,
              42.96871036312418
            ],
            [
              -78.75347195725485,
              42.96870765192487
            ],
            [
              -78.75344999597428,
              42.9687039117856
            ],
            [
              -78.75342896405108,
              42.96869845536114
            ],
            [
              -78.75340839633674,
              42.96869196930313
            ],
            [
              -78.75338829283213,
              42.96868445361181
            ],
            [
              -78.75336958572827,
              42.96867522094268
            ],
            [
              -78.75335181082028,
              42.968665300925885
            ],
            [
              -78.75333543325888,
              42.968654006911024
            ],
            [
              -78.7533199888382,
              42.96864236852808
            ],
            [
              -78.75330500862975,
              42.96862970051375
            ],
            [
              -78.75329142860133,
              42.96861668743843
            ],
            [
              -78.75327831467372,
              42.96860333068948
            ],
            [
              -78.75326659998106,
              42.96858928590174
            ],
            [
              -78.75324173739828,
              42.96854953713007
            ],
            [
              -78.75317040778248,
              42.96842616928657
            ],
            [
              -78.75315868088191,
              42.96840766576536
            ],
            [
              -78.75314647562897,
              42.968385047192484
            ],
            [
              -78.75312254228162,
              42.96834392509489
            ],
            [
              -78.75309861019203,
              42.96830280299011
            ],
            [
              -78.75305121314513,
              42.96822055807202
            ],
            [
              -78.75302728115109,
              42.9681794359513
            ],
            [
              -78.75300381811016,
              42.96813899909017
            ],
            [
              -78.75298973822666,
              42.96811398241805
            ],
            [
              -78.75298035132985,
              42.968097190309386
            ],
            [
              -78.75288695909511,
              42.96793269737163
            ],
            [
              -78.75287710427787,
              42.96791556296706
            ],
            [
              -78.7528634943565,
              42.96789157452241
            ],
            [
              -78.75284002964924,
              42.967850451668006
            ],
            [
              -78.7528165649733,
              42.96780932880845
            ],
            [
              -78.75276963571545,
              42.96772708307386
            ],
            [
              -78.7527461711335,
              42.96768596019883
            ],
            [
              -78.75272317361495,
              42.9676448366275
            ],
            [
              -78.7527081561306,
              42.967618449385796
            ],
            [
              -78.75269970909537,
              42.96760371374224
            ],
            [
              -78.7526063183584,
              42.96743922055873
            ],
            [
              -78.75259552399511,
              42.967420029637395
            ],
            [
              -78.75258285399518,
              42.96739809764777
            ],
            [
              -78.7525593896633,
              42.967356974731636
            ],
            [
              -78.75253920867078,
              42.96732099165802
            ],
            [
              -78.7525124610935,
              42.967274728883915
            ],
            [
              -78.7524828932415,
              42.96722229662942
            ],
            [
              -78.75246553142323,
              42.96719248301738
            ],
            [
              -78.75244206724801,
              42.96715136007547
            ],
            [
              -78.75242657827661,
              42.967123257690396
            ],
            [
              -78.75241907012965,
              42.967110235538286
            ],
            [
              -78.75237214193521,
              42.967027989628825
            ],
            [
              -78.75234961193918,
              42.96698686528717
            ],
            [
              -78.75233083884326,
              42.96695328095623
            ],
            [
              -78.752422814007,
              42.96694251274431
            ],
            [
              -78.75448804906416,
              42.966953162546424
            ],
            [
              -78.75459266401364,
              42.966953349053725
            ],
            [
              -78.75471502502879,
              42.9669531659168
            ],
            [
              -78.75543846409239,
              42.9669568821988
            ],
            [
              -78.75543705674075,
              42.96678710916808
            ],
            [
              -78.75542647256859,
              42.96574998197267
            ],
            [
              -78.75542454539332,
              42.96548208584994
            ],
            [
              -78.75541284785426,
              42.96363103551391
            ],
            [
              -78.75541117302446,
              42.96336522740115
            ],
            [
              -78.75540873436559,
              42.96316047182126
            ],
            [
              -78.75539447171217,
              42.96206432536028
            ],
            [
              -78.75539035969584,
              42.96125901174365
            ],
            [
              -78.7554195524386,
              42.96017206096786
            ],
            [
              -78.75542206953683,
              42.959734756132974
            ],
            [
              -78.7554184164948,
              42.95959688345277
            ],
            [
              -78.75542367584656,
              42.95712740978261
            ],
            [
              -78.75542379012501,
              42.95700084973845
            ],
            [
              -78.75542374233736,
              42.956983700775886
            ],
            [
              -78.75542432738973,
              42.95685851194357
            ],
            [
              -78.75548722383742,
              42.956858528994786
            ],
            [
              -78.75548166145424,
              42.9565879075802
            ],
            [
              -78.75491711849594,
              42.956589664411666
            ],
            [
              -78.75481338189415,
              42.956591838136276
            ],
            [
              -78.75481987494928,
              42.9562903366517
            ],
            [
              -78.75396946716003,
              42.9565343883354
            ],
            [
              -78.75318033438708,
              42.95653673763467
            ],
            [
              -78.75318771455966,
              42.95264763818532
            ],
            [
              -78.75318257379284,
              42.95247615533457
            ],
            [
              -78.75318682532202,
              42.951645104293085
            ],
            [
              -78.75318705282747,
              42.95104865904354
            ],
            [
              -78.75318721793091,
              42.95093890486204
            ],
            [
              -78.75318711795654,
              42.95090254811825
            ],
            [
              -78.75318799464374,
              42.94969319368172
            ],
            [
              -78.75318870605547,
              42.949102920270896
            ],
            [
              -78.75305984268289,
              42.94910311140982
            ],
            [
              -78.75266765259155,
              42.94910334925903
            ],
            [
              -78.75257707557215,
              42.94910348321187
            ],
            [
              -78.75229460477192,
              42.94910390049297
            ],
            [
              -78.7520102666871,
              42.9491039768474
            ],
            [
              -78.75133140373029,
              42.9491046321824
            ],
            [
              -78.75105546846214,
              42.94910469383284
            ],
            [
              -78.7509116657562,
              42.94910490444157
            ],
            [
              -78.7506614107638,
              42.949104927544916
            ],
            [
              -78.7505297460188,
              42.949105119930515
            ],
            [
              -78.75049893022418,
              42.94910482195481
            ],
            [
              -78.74983687624821,
              42.94910578685987
            ],
            [
              -78.7497645070737,
              42.94910554912041
            ],
            [
              -78.74970988071694,
              42.94910562852958
            ],
            [
              -78.7495338624548,
              42.949105884226334
            ],
            [
              -78.74939939665192,
              42.94910573639747
            ],
            [
              -78.74931675555159,
              42.94910585625739
            ],
            [
              -78.74922664540495,
              42.949105986882216
            ],
            [
              -78.749195830536,
              42.94910603153556
            ],
            [
              -78.74916081363938,
              42.94910608226793
            ],
            [
              -78.74875648305607,
              42.94910632430374
            ],
            [
              -78.74863228887457,
              42.94910616072966
            ],
            [
              -78.74856692399884,
              42.94910625509965
            ],
            [
              -78.74846654222476,
              42.949106399952285
            ],
            [
              -78.74823309623568,
              42.94910673647852
            ],
            [
              -78.7481770691977,
              42.949106817173984
            ],
            [
              -78.74807808595656,
              42.94910661669085
            ],
            [
              -78.74799077715511,
              42.949106742311116
            ],
            [
              -78.74790206767712,
              42.94910686987848
            ],
            [
              -78.74769710209155,
              42.94910716436329
            ],
            [
              -78.74764854532367,
              42.94910723407357
            ],
            [
              -78.74761026017963,
              42.94910728902295
            ],
            [
              -78.7475196819057,
              42.949107418975856
            ],
            [
              -78.74737587825689,
              42.94910728216303
            ],
            [
              -78.74733105662419,
              42.94910734638593
            ],
            [
              -78.74706025834784,
              42.949107391046184
            ],
            [
              -78.74698322116522,
              42.94910750120607
            ],
            [
              -78.7469388651981,
              42.94910756460968
            ],
            [
              -78.74674743856174,
              42.949107495061824
            ],
            [
              -78.74665592772502,
              42.94910762566257
            ],
            [
              -78.746570019592,
              42.94910774820079
            ],
            [
              -78.7463963357562,
              42.94910799574414
            ],
            [
              -78.74621518042015,
              42.9491082536555
            ],
            [
              -78.74619370338624,
              42.9491082842134
            ],
            [
              -78.74616102003927,
              42.949107987726926
            ],
            [
              -78.74604102878445,
              42.94910815834421
            ],
            [
              -78.7459990085004,
              42.949108218063714
            ],
            [
              -78.74568198667102,
              42.9491083251389
            ],
            [
              -78.74548215687061,
              42.949108608373834
            ],
            [
              -78.74543686834065,
              42.949108672516424
            ],
            [
              -78.7453224788856,
              42.9491084914664
            ],
            [
              -78.74509510122348,
              42.94910881300568
            ],
            [
              -78.74505261404498,
              42.949108873037574
            ],
            [
              -78.74495223135169,
              42.949108671828604
            ],
            [
              -78.74460997886253,
              42.949101265968906
            ],
            [
              -78.74449088616826,
              42.949088400410595
            ],
            [
              -78.74444511734099,
              42.94908332011935
            ],
            [
              -78.73460058300456,
              42.949057652625626
            ],
            [
              -78.7346096479281,
              42.95047141164047
            ],
            [
              -78.73457322448638,
              42.95046940188281
            ],
            [
              -78.73457510979696,
              42.95123939372329
            ],
            [
              -78.73458083504336,
              42.95357749206491
            ],
            [
              -78.73359782778871,
              42.952759061323775
            ],
            [
              -78.7323824230921,
              42.9510152163055
            ],
            [
              -78.73237844290497,
              42.95101021000333
            ],
            [
              -78.73237828976379,
              42.951010228206975
            ],
            [
              -78.73015054139248,
              42.95108056549636
            ],
            [
              -78.73016792865032,
              42.95116722198308
            ],
            [
              -78.73066965567025,
              42.95329999476753
            ],
            [
              -78.7307561510437,
              42.95367591023113
            ],
            [
              -78.7308955427562,
              42.95416044456178
            ],
            [
              -78.73135229575576,
              42.954163149628194
            ],
            [
              -78.73175999825806,
              42.95416814991062
            ],
            [
              -78.73198796211354,
              42.95416785409435
            ],
            [
              -78.73199237792508,
              42.954434221173365
            ],
            [
              -78.7319956575266,
              42.954632803734995
            ],
            [
              -78.7320299150929,
              42.956643316279525
            ],
            [
              -78.73207332463627,
              42.956830185280864
            ],
            [
              -78.73203674411397,
              42.95909150879105
            ],
            [
              -78.73204362278832,
              42.95923315083706
            ],
            [
              -78.73204923935432,
              42.95943241525495
            ],
            [
              -78.73205628198541,
              42.96002988002737
            ],
            [
              -78.73205631668012,
              42.96004428516472
            ],
            [
              -78.73205806620916,
              42.960189020674875
            ],
            [
              -78.73206619500151,
              42.96084959146556
            ],
            [
              -78.73206623631084,
              42.96086674133632
            ],
            [
              -78.73206792558233,
              42.96098643932901
            ],
            [
              -78.73206796275939,
              42.96100187340213
            ],
            [
              -78.73206970243506,
              42.96114249313503
            ],
            [
              -78.73207025781902,
              42.96117919132325
            ],
            [
              -78.73207314133128,
              42.961406927500974
            ],
            [
              -78.732077696997,
              42.9615533742321
            ],
            [
              -78.73209045446285,
              42.96277814338361
            ],
            [
              -78.73209049412688,
              42.96279460638973
            ],
            [
              -78.73209351497904,
              42.9630792761623
            ],
            [
              -78.73211070922032,
              42.96478832824899
            ],
            [
              -78.73263632072921,
              42.964701953730895
            ],
            [
              -78.73281722650371,
              42.96467285237158
            ],
            [
              -78.73385391535838,
              42.96450263773353
            ],
            [
              -78.73385420689506,
              42.96464283165634
            ],
            [
              -78.73319735278211,
              42.96474849694246
            ],
            [
              -78.73319814115496,
              42.96488088628499
            ],
            [
              -78.73317954494742,
              42.96895620850544
            ],
            [
              -78.72966358303776,
              42.96952701899377
            ],
            [
              -78.72967692037045,
              42.97239466211986
            ],
            [
              -78.73012344479588,
              42.97239649122268
            ],
            [
              -78.7316442535506,
              42.97163002701491
            ],
            [
              -78.73166756794554,
              42.971613876751874
            ],
            [
              -78.73391874273501,
              42.97005003317904
            ],
            [
              -78.73392157950758,
              42.96987270882059
            ],
            [
              -78.73392460766885,
              42.969008050540815
            ],
            [
              -78.73392485130937,
              42.968916473661324
            ],
            [
              -78.73392625275454,
              42.96853370612699
            ],
            [
              -78.73392935127713,
              42.96750647409452
            ],
            [
              -78.73393078626246,
              42.96696612101391
            ],
            [
              -78.73393737071233,
              42.966964897066994
            ],
            [
              -78.73459842331742,
              42.96685469036407
            ],
            [
              -78.7345986742054,
              42.96685452709444
            ],
            [
              -78.73478867818392,
              42.9668313726985
            ],
            [
              -78.73479981948832,
              42.96709169066582
            ],
            [
              -78.73568668030387,
              42.96707953833189
            ],
            [
              -78.73567506544728,
              42.96679424744736
            ],
            [
              -78.73567440312065,
              42.96678117097384
            ],
            [
              -78.73578420176486,
              42.96695118254008
            ],
            [
              -78.73702107862871,
              42.96692890111088
            ],
            [
              -78.73720507823275,
              42.96692453815446
            ],
            [
              -78.73733117208977,
              42.96692299666188
            ],
            [
              -78.7377029272509,
              42.96692318187404
            ],
            [
              -78.7377244189661,
              42.96898069471844
            ],
            [
              -78.73772858556525,
              42.96933944615642
            ],
            [
              -78.73772999662712,
              42.96953014201241
            ],
            [
              -78.73779207355791,
              42.9756731806621
            ],
            [
              -78.73779453423363,
              42.975909834152205
            ],
            [
              -78.73937009761553,
              42.97592690404227
            ],
            [
              -78.73950649717588,
              42.97592980483712
            ],
            [
              -78.7395071890652,
              42.97601863560105
            ],
            [
              -78.73950776031333,
              42.97605979236923
            ],
            [
              -78.73951404410091,
              42.9765125176997
            ],
            [
              -78.73951461535917,
              42.976553674464284
            ],
            [
              -78.7395163291413,
              42.97667714565643
            ],
            [
              -78.73951690040293,
              42.97671830241979
            ],
            [
              -78.73951918545791,
              42.9768829294703
            ],
            [
              -78.73951928962116,
              42.97692408686952
            ],
            [
              -78.73952313563842,
              42.9773363438781
            ],
            [
              -78.73952323806985,
              42.97737681531743
            ],
            [
              -78.73952334310567,
              42.977418315691395
            ],
            [
              -78.7395234464056,
              42.97745913010847
            ],
            [
              -78.73952593985437,
              42.97770607282504
            ],
            [
              -78.73952604402514,
              42.97774723021833
            ],
            [
              -78.73952614819613,
              42.97778838761132
            ],
            [
              -78.73952625236733,
              42.977829545004006
            ],
            [
              -78.7395262896954,
              42.977844293069644
            ],
            [
              -78.73952685837246,
              42.97788442088973
            ],
            [
              -78.73952831345989,
              42.9780902074721
            ],
            [
              -78.73952888474534,
              42.97813136422519
            ],
            [
              -78.73953080695875,
              42.97833714926096
            ],
            [
              -78.73953129572344,
              42.97853024690733
            ],
            [
              -78.73953091108217,
              42.97856283047645
            ],
            [
              -78.73952868309559,
              42.978789885882755
            ],
            [
              -78.7395273859211,
              42.97883104518048
            ],
            [
              -78.73952609048347,
              42.978872891334504
            ],
            [
              -78.73952525868707,
              42.978913364037815
            ],
            [
              -78.73952396150793,
              42.97895452333461
            ],
            [
              -78.7395231314454,
              42.97899568199371
            ],
            [
              -78.73952147131726,
              42.979077999310974
            ],
            [
              -78.73952110837085,
              42.97911915733174
            ],
            [
              -78.73952074542406,
              42.97916031535224
            ],
            [
              -78.73952131671645,
              42.979201472097635
            ],
            [
              -78.73952188974593,
              42.979243314799106
            ],
            [
              -78.73952292642424,
              42.97928378495013
            ],
            [
              -78.73952350032614,
              42.979325971529356
            ],
            [
              -78.73952453787518,
              42.979366784657955
            ],
            [
              -78.73952557455753,
              42.979407254808066
            ],
            [
              -78.73952614585593,
              42.979448411551644
            ],
            [
              -78.73952822269987,
              42.97953072376304
            ],
            [
              -78.73952926112405,
              42.979571879868296
            ],
            [
              -78.73953087085353,
              42.979654192715294
            ],
            [
              -78.73953190928178,
              42.9796953488196
            ],
            [
              -78.7395329477115,
              42.97973650492362
            ],
            [
              -78.73953398701316,
              42.979778004905675
            ],
            [
              -78.73953502457762,
              42.9798188180309
            ],
            [
              -78.73953606387992,
              42.979860317112134
            ],
            [
              -78.73953756857242,
              42.9799011295993
            ],
            [
              -78.73953813988435,
              42.97994228633926
            ],
            [
              -78.73953591186715,
              42.980353865459605
            ],
            [
              -78.73953554892535,
              42.98039502347122
            ],
            [
              -78.7395365908071,
              42.98080659809661
            ],
            [
              -78.73953669499626,
              42.9808477554675
            ],
            [
              -78.73953726976676,
              42.98125933069766
            ],
            [
              -78.73953737569454,
              42.981301174021404
            ],
            [
              -78.73953862427246,
              42.981794377353665
            ],
            [
              -78.7395382613268,
              42.981835535354904
            ],
            [
              -78.7395335933724,
              42.98220596016545
            ],
            [
              -78.73953323129003,
              42.98224746114174
            ],
            [
              -78.73953063937942,
              42.98269985511291
            ],
            [
              -78.73953121071813,
              42.98274101183264
            ],
            [
              -78.73953811720574,
              42.98307026329244
            ],
            [
              -78.73953868855358,
              42.98311142000948
            ],
            [
              -78.73953469607503,
              42.9835641588027
            ],
            [
              -78.73953433398812,
              42.98360565976909
            ],
            [
              -78.73952821319577,
              42.98414037342714
            ],
            [
              -78.73952785023394,
              42.984181531411465
            ],
            [
              -78.7395274368983,
              42.984387320316365
            ],
            [
              -78.73952611876054,
              42.984604770836
            ],
            [
              -78.73952474331033,
              42.98479958570935
            ],
            [
              -78.73952484576952,
              42.984840057095745
            ],
            [
              -78.73952541712833,
              42.98488121380004
            ],
            [
              -78.73952552392979,
              42.98492340007509
            ],
            [
              -78.73952562552161,
              42.98496352848274
            ],
            [
              -78.73952261845065,
              42.985251978840715
            ],
            [
              -78.73952225548072,
              42.985293136817006
            ],
            [
              -78.73952142447585,
              42.98533395245267
            ],
            [
              -78.73952220423024,
              42.98545742382899
            ],
            [
              -78.73952230842673,
              42.985498581166354
            ],
            [
              -78.73952241262342,
              42.98553973850338
            ],
            [
              -78.73952251682036,
              42.98558089584014
            ],
            [
              -78.73952308818822,
              42.9856220534393
            ],
            [
              -78.7395231923859,
              42.98566321077545
            ],
            [
              -78.73952329658378,
              42.985704368111314
            ],
            [
              -78.73952220766883,
              42.98582784202954
            ],
            [
              -78.73952231186668,
              42.98586899936422
            ],
            [
              -78.73952179431713,
              42.98603362997489
            ],
            [
              -78.73952143134585,
              42.98607478884576
            ],
            [
              -78.73952153554407,
              42.986115946178636
            ],
            [
              -78.73952075921589,
              42.986362892082184
            ],
            [
              -78.73952080435558,
              42.98656525049346
            ],
            [
              -78.73952553863344,
              42.986774461177085
            ],
            [
              -78.73952341202015,
              42.98685712199771
            ],
            [
              -78.73952092329465,
              42.98698128465915
            ],
            [
              -78.73952009053275,
              42.98702141432732
            ],
            [
              -78.73951926037486,
              42.987062572928345
            ],
            [
              -78.73951936457524,
              42.987103730254105
            ],
            [
              -78.739519314198,
              42.987268360191656
            ],
            [
              -78.73951895121795,
              42.98730951815343
            ],
            [
              -78.73951905628735,
              42.987351018455115
            ],
            [
              -78.73951869243847,
              42.987391833438586
            ],
            [
              -78.73951843366088,
              42.98747414962275
            ],
            [
              -78.73951807067942,
              42.98751530758303
            ],
            [
              -78.7395173447153,
              42.987597623502694
            ],
            [
              -78.73951698173265,
              42.987638781462074
            ],
            [
              -78.73951620538718,
              42.987885728199934
            ],
            [
              -78.7395163095885,
              42.98792688551974
            ],
            [
              -78.73951641379004,
              42.98796804283927
            ],
            [
              -78.739516986915,
              42.98800988547632
            ],
            [
              -78.7395175565674,
              42.988050356202464
            ],
            [
              -78.73951766077025,
              42.9880915135211
            ],
            [
              -78.73951729778584,
              42.988132671476926
            ],
            [
              -78.73951740459388,
              42.9881748577279
            ],
            [
              -78.7395170390039,
              42.988214986750194
            ],
            [
              -78.73951620883022,
              42.98825614534263
            ],
            [
              -78.73951584758095,
              42.98829798925254
            ],
            [
              -78.73951548286009,
              42.988338462151795
            ],
            [
              -78.7395146535523,
              42.98837996372096
            ],
            [
              -78.73951382250682,
              42.98842077933455
            ],
            [
              -78.73950910021533,
              42.98858541560883
            ],
            [
              -78.73950827003209,
              42.98862657419856
            ],
            [
              -78.73950790703934,
              42.9886677321505
            ],
            [
              -78.73950801123797,
              42.988708889464704
            ],
            [
              -78.7395085843656,
              42.988750732096356
            ],
            [
              -78.7395086868306,
              42.988791204354946
            ],
            [
              -78.73950936242308,
              42.98887351834379
            ],
            [
              -78.73950946662343,
              42.9889146756565
            ],
            [
              -78.739509570824,
              42.9889558329689
            ],
            [
              -78.73950920869916,
              42.98899733389611
            ],
            [
              -78.73950941623242,
              42.989079305541836
            ],
            [
              -78.73950905323868,
              42.98912046349052
            ],
            [
              -78.73950915743971,
              42.98916162080145
            ],
            [
              -78.73950972883651,
              42.989202777474624
            ],
            [
              -78.73951004144485,
              42.98932625030492
            ],
            [
              -78.7395101456473,
              42.989367407614345
            ],
            [
              -78.73950978265289,
              42.98940856556098
            ],
            [
              -78.73950988685546,
              42.98944972286982
            ],
            [
              -78.73951160105958,
              42.98957319288214
            ],
            [
              -78.73951217246261,
              42.9896143495523
            ],
            [
              -78.73951180947086,
              42.98965550839735
            ],
            [
              -78.73951108348155,
              42.98973782428615
            ],
            [
              -78.73951072135466,
              42.98977932520764
            ],
            [
              -78.73951035749063,
              42.98982014017375
            ],
            [
              -78.73950952729402,
              42.9898612987546
            ],
            [
              -78.73950916429726,
              42.98990245669765
            ],
            [
              -78.73950958111445,
              42.990067085917
            ],
            [
              -78.73951061972635,
              42.990108242846325
            ],
            [
              -78.73951119200315,
              42.99014974249015
            ],
            [
              -78.73951337256867,
              42.99027286887226
            ],
            [
              -78.73951394484916,
              42.99031436851488
            ],
            [
              -78.73951612542695,
              42.99043749489333
            ],
            [
              -78.7395162296375,
              42.99047865219473
            ],
            [
              -78.73951586664278,
              42.990519810133364
            ],
            [
              -78.73950886200764,
              42.99089023756773
            ],
            [
              -78.73950849900636,
              42.990931395503395
            ],
            [
              -78.73950110178792,
              42.99114679709615
            ],
            [
              -78.73976555272095,
              42.991149865761905
            ],
            [
              -78.73982161795492,
              42.991149789123575
            ],
            [
              -78.74010194586484,
              42.99115009147486
            ]
          ]
        ]
      }
    }
  ]
}